#ifndef KAMA_UNICODE_H
#define KAMA_UNICODE_H

/* GENERATED by tools/gen-unicode from the Unicode Character Database 18.0.0 — do not edit; change the generator.
 *
 * std::unicode's normalization (UAX #15): NFD, NFC, NFKD, NFKC over UTF-8. Only a program that imports std::unicode
 * includes this header (its includes are derived from the C it calls), so the tables cost nothing elsewhere.
 * tools/check-unicode.sh holds it to every line of the UCD's NormalizationTest.txt. */

#include "kama_runtime.h"
#include <string.h>   /* memcpy */

static const uint32_t kama__uni_ccc[][3] = {   /* first, last, class */
    {0x300, 0x314, 230}, {0x315, 0x315, 232}, {0x316, 0x319, 220}, {0x31A, 0x31A, 232},
    {0x31B, 0x31B, 216}, {0x31C, 0x320, 220}, {0x321, 0x322, 202}, {0x323, 0x326, 220},
    {0x327, 0x328, 202}, {0x329, 0x333, 220}, {0x334, 0x338, 1}, {0x339, 0x33C, 220},
    {0x33D, 0x344, 230}, {0x345, 0x345, 240}, {0x346, 0x346, 230}, {0x347, 0x349, 220},
    {0x34A, 0x34C, 230}, {0x34D, 0x34E, 220}, {0x350, 0x352, 230}, {0x353, 0x356, 220},
    {0x357, 0x357, 230}, {0x358, 0x358, 232}, {0x359, 0x35A, 220}, {0x35B, 0x35B, 230},
    {0x35C, 0x35C, 233}, {0x35D, 0x35E, 234}, {0x35F, 0x35F, 233}, {0x360, 0x361, 234},
    {0x362, 0x362, 233}, {0x363, 0x36F, 230}, {0x483, 0x487, 230}, {0x591, 0x591, 220},
    {0x592, 0x595, 230}, {0x596, 0x596, 220}, {0x597, 0x599, 230}, {0x59A, 0x59A, 222},
    {0x59B, 0x59B, 220}, {0x59C, 0x5A1, 230}, {0x5A2, 0x5A7, 220}, {0x5A8, 0x5A9, 230},
    {0x5AA, 0x5AA, 220}, {0x5AB, 0x5AC, 230}, {0x5AD, 0x5AD, 222}, {0x5AE, 0x5AE, 228},
    {0x5AF, 0x5AF, 230}, {0x5B0, 0x5B0, 10}, {0x5B1, 0x5B1, 11}, {0x5B2, 0x5B2, 12},
    {0x5B3, 0x5B3, 13}, {0x5B4, 0x5B4, 14}, {0x5B5, 0x5B5, 15}, {0x5B6, 0x5B6, 16},
    {0x5B7, 0x5B7, 17}, {0x5B8, 0x5B8, 18}, {0x5B9, 0x5BA, 19}, {0x5BB, 0x5BB, 20},
    {0x5BC, 0x5BC, 21}, {0x5BD, 0x5BD, 22}, {0x5BF, 0x5BF, 23}, {0x5C1, 0x5C1, 24},
    {0x5C2, 0x5C2, 25}, {0x5C4, 0x5C4, 230}, {0x5C5, 0x5C5, 220}, {0x5C7, 0x5C7, 18},
    {0x5C8, 0x5C8, 10}, {0x5C9, 0x5C9, 21}, {0x610, 0x617, 230}, {0x618, 0x618, 30},
    {0x619, 0x619, 31}, {0x61A, 0x61A, 32}, {0x64B, 0x64B, 27}, {0x64C, 0x64C, 28},
    {0x64D, 0x64D, 29}, {0x64E, 0x64E, 30}, {0x64F, 0x64F, 31}, {0x650, 0x650, 32},
    {0x651, 0x651, 33}, {0x652, 0x652, 34}, {0x653, 0x654, 230}, {0x655, 0x656, 220},
    {0x657, 0x65B, 230}, {0x65C, 0x65C, 220}, {0x65D, 0x65E, 230}, {0x65F, 0x65F, 220},
    {0x670, 0x670, 35}, {0x6D6, 0x6DC, 230}, {0x6DF, 0x6E2, 230}, {0x6E3, 0x6E3, 220},
    {0x6E4, 0x6E4, 230}, {0x6E7, 0x6E8, 230}, {0x6EA, 0x6EA, 220}, {0x6EB, 0x6EC, 230},
    {0x6ED, 0x6ED, 220}, {0x711, 0x711, 36}, {0x730, 0x730, 230}, {0x731, 0x731, 220},
    {0x732, 0x733, 230}, {0x734, 0x734, 220}, {0x735, 0x736, 230}, {0x737, 0x739, 220},
    {0x73A, 0x73A, 230}, {0x73B, 0x73C, 220}, {0x73D, 0x73D, 230}, {0x73E, 0x73E, 220},
    {0x73F, 0x741, 230}, {0x742, 0x742, 220}, {0x743, 0x743, 230}, {0x744, 0x744, 220},
    {0x745, 0x745, 230}, {0x746, 0x746, 220}, {0x747, 0x747, 230}, {0x748, 0x748, 220},
    {0x749, 0x74A, 230}, {0x7EB, 0x7F1, 230}, {0x7F2, 0x7F2, 220}, {0x7F3, 0x7F3, 230},
    {0x7FD, 0x7FD, 220}, {0x816, 0x819, 230}, {0x81B, 0x823, 230}, {0x825, 0x827, 230},
    {0x829, 0x82D, 230}, {0x859, 0x85B, 220}, {0x897, 0x898, 230}, {0x899, 0x89B, 220},
    {0x89C, 0x89F, 230}, {0x8CA, 0x8CE, 230}, {0x8CF, 0x8D3, 220}, {0x8D4, 0x8E1, 230},
    {0x8E3, 0x8E3, 220}, {0x8E4, 0x8E5, 230}, {0x8E6, 0x8E6, 220}, {0x8E7, 0x8E8, 230},
    {0x8E9, 0x8E9, 220}, {0x8EA, 0x8EC, 230}, {0x8ED, 0x8EF, 220}, {0x8F0, 0x8F0, 27},
    {0x8F1, 0x8F1, 28}, {0x8F2, 0x8F2, 29}, {0x8F3, 0x8F5, 230}, {0x8F6, 0x8F6, 220},
    {0x8F7, 0x8F8, 230}, {0x8F9, 0x8FA, 220}, {0x8FB, 0x8FF, 230}, {0x93C, 0x93C, 7},
    {0x94D, 0x94D, 9}, {0x951, 0x951, 230}, {0x952, 0x952, 220}, {0x953, 0x954, 230},
    {0x9BC, 0x9BC, 7}, {0x9CD, 0x9CD, 9}, {0x9FE, 0x9FE, 230}, {0xA3C, 0xA3C, 7},
    {0xA4D, 0xA4D, 9}, {0xABC, 0xABC, 7}, {0xACD, 0xACD, 9}, {0xB3C, 0xB3C, 7},
    {0xB4D, 0xB4D, 9}, {0xBCD, 0xBCD, 9}, {0xC3C, 0xC3C, 7}, {0xC4D, 0xC4D, 9},
    {0xC55, 0xC55, 84}, {0xC56, 0xC56, 91}, {0xCBC, 0xCBC, 7}, {0xCCD, 0xCCD, 9},
    {0xD3B, 0xD3C, 9}, {0xD4D, 0xD4D, 9}, {0xDCA, 0xDCA, 9}, {0xE38, 0xE39, 103},
    {0xE3A, 0xE3A, 9}, {0xE48, 0xE4B, 107}, {0xEB8, 0xEB9, 118}, {0xEBA, 0xEBA, 9},
    {0xEC8, 0xECB, 122}, {0xF18, 0xF19, 220}, {0xF35, 0xF35, 220}, {0xF37, 0xF37, 220},
    {0xF39, 0xF39, 216}, {0xF71, 0xF71, 129}, {0xF72, 0xF72, 130}, {0xF74, 0xF74, 132},
    {0xF7A, 0xF7D, 130}, {0xF80, 0xF80, 130}, {0xF82, 0xF83, 230}, {0xF84, 0xF84, 9},
    {0xF86, 0xF87, 230}, {0xFC6, 0xFC6, 220}, {0x1037, 0x1037, 7}, {0x1039, 0x103A, 9},
    {0x108D, 0x108D, 220}, {0x135D, 0x135F, 230}, {0x1714, 0x1715, 9}, {0x1734, 0x1734, 9},
    {0x17D2, 0x17D2, 9}, {0x17DD, 0x17DD, 230}, {0x18A9, 0x18A9, 228}, {0x1939, 0x1939, 222},
    {0x193A, 0x193A, 230}, {0x193B, 0x193B, 220}, {0x1A17, 0x1A17, 230}, {0x1A18, 0x1A18, 220},
    {0x1A60, 0x1A60, 9}, {0x1A75, 0x1A7C, 230}, {0x1A7F, 0x1A7F, 220}, {0x1AB0, 0x1AB4, 230},
    {0x1AB5, 0x1ABA, 220}, {0x1ABB, 0x1ABC, 230}, {0x1ABD, 0x1ABD, 220}, {0x1ABF, 0x1AC0, 220},
    {0x1AC1, 0x1AC2, 230}, {0x1AC3, 0x1AC4, 220}, {0x1AC5, 0x1AC9, 230}, {0x1ACA, 0x1ACA, 220},
    {0x1ACB, 0x1ADC, 230}, {0x1ADD, 0x1ADD, 220}, {0x1ADE, 0x1AE5, 230}, {0x1AE6, 0x1AE6, 220},
    {0x1AE7, 0x1AEA, 230}, {0x1AEB, 0x1AEB, 234}, {0x1AEC, 0x1AED, 230}, {0x1AEE, 0x1AEF, 220},
    {0x1AF0, 0x1AF0, 230}, {0x1B34, 0x1B34, 7}, {0x1B44, 0x1B44, 9}, {0x1B6B, 0x1B6B, 230},
    {0x1B6C, 0x1B6C, 220}, {0x1B6D, 0x1B73, 230}, {0x1BAA, 0x1BAB, 9}, {0x1BE6, 0x1BE6, 7},
    {0x1BF2, 0x1BF3, 9}, {0x1C37, 0x1C37, 7}, {0x1CD0, 0x1CD2, 230}, {0x1CD4, 0x1CD4, 1},
    {0x1CD5, 0x1CD9, 220}, {0x1CDA, 0x1CDB, 230}, {0x1CDC, 0x1CDF, 220}, {0x1CE0, 0x1CE0, 230},
    {0x1CE2, 0x1CE8, 1}, {0x1CED, 0x1CED, 220}, {0x1CF4, 0x1CF4, 230}, {0x1CF8, 0x1CF9, 230},
    {0x1DC0, 0x1DC1, 230}, {0x1DC2, 0x1DC2, 220}, {0x1DC3, 0x1DC9, 230}, {0x1DCA, 0x1DCA, 220},
    {0x1DCB, 0x1DCC, 230}, {0x1DCD, 0x1DCD, 234}, {0x1DCE, 0x1DCE, 214}, {0x1DCF, 0x1DCF, 220},
    {0x1DD0, 0x1DD0, 202}, {0x1DD1, 0x1DF5, 230}, {0x1DF6, 0x1DF6, 232}, {0x1DF7, 0x1DF8, 228},
    {0x1DF9, 0x1DF9, 220}, {0x1DFA, 0x1DFA, 218}, {0x1DFB, 0x1DFB, 230}, {0x1DFC, 0x1DFC, 233},
    {0x1DFD, 0x1DFD, 220}, {0x1DFE, 0x1DFE, 230}, {0x1DFF, 0x1DFF, 220}, {0x20D0, 0x20D1, 230},
    {0x20D2, 0x20D3, 1}, {0x20D4, 0x20D7, 230}, {0x20D8, 0x20DA, 1}, {0x20DB, 0x20DC, 230},
    {0x20E1, 0x20E1, 230}, {0x20E5, 0x20E6, 1}, {0x20E7, 0x20E7, 230}, {0x20E8, 0x20E8, 220},
    {0x20E9, 0x20E9, 230}, {0x20EA, 0x20EB, 1}, {0x20EC, 0x20EF, 220}, {0x20F0, 0x20F0, 230},
    {0x2CEF, 0x2CF1, 230}, {0x2D7F, 0x2D7F, 9}, {0x2DE0, 0x2DFF, 230}, {0x302A, 0x302A, 218},
    {0x302B, 0x302B, 228}, {0x302C, 0x302C, 232}, {0x302D, 0x302D, 222}, {0x302E, 0x302F, 224},
    {0x3099, 0x309A, 8}, {0xA66F, 0xA66F, 230}, {0xA674, 0xA67D, 230}, {0xA69E, 0xA69F, 230},
    {0xA6F0, 0xA6F1, 230}, {0xA806, 0xA806, 9}, {0xA82C, 0xA82C, 9}, {0xA8C4, 0xA8C4, 9},
    {0xA8E0, 0xA8F1, 230}, {0xA92B, 0xA92D, 220}, {0xA953, 0xA953, 9}, {0xA9B3, 0xA9B3, 7},
    {0xA9C0, 0xA9C0, 9}, {0xAAB0, 0xAAB0, 230}, {0xAAB2, 0xAAB3, 230}, {0xAAB4, 0xAAB4, 220},
    {0xAAB7, 0xAAB8, 230}, {0xAABE, 0xAABF, 230}, {0xAAC1, 0xAAC1, 230}, {0xAAF6, 0xAAF6, 9},
    {0xABED, 0xABED, 9}, {0xFB1E, 0xFB1E, 26}, {0xFE20, 0xFE26, 230}, {0xFE27, 0xFE2D, 220},
    {0xFE2E, 0xFE2F, 230}, {0x101FD, 0x101FD, 220}, {0x102E0, 0x102E0, 220}, {0x10376, 0x1037A, 230},
    {0x10A0D, 0x10A0D, 220}, {0x10A0F, 0x10A0F, 230}, {0x10A38, 0x10A38, 230}, {0x10A39, 0x10A39, 1},
    {0x10A3A, 0x10A3A, 220}, {0x10A3F, 0x10A3F, 9}, {0x10AE5, 0x10AE5, 230}, {0x10AE6, 0x10AE6, 220},
    {0x10D24, 0x10D27, 230}, {0x10D69, 0x10D6D, 230}, {0x10EAB, 0x10EAC, 230}, {0x10ECB, 0x10ECB, 230},
    {0x10ECC, 0x10ECD, 220}, {0x10ECE, 0x10ECF, 230}, {0x10EF0, 0x10EF2, 220}, {0x10EF3, 0x10EF3, 230},
    {0x10EF4, 0x10EF4, 220}, {0x10EF5, 0x10EF5, 230}, {0x10EF6, 0x10EF6, 220}, {0x10EF7, 0x10EF9, 230},
    {0x10EFA, 0x10EFB, 220}, {0x10EFD, 0x10EFF, 220}, {0x10F46, 0x10F47, 220}, {0x10F48, 0x10F4A, 230},
    {0x10F4B, 0x10F4B, 220}, {0x10F4C, 0x10F4C, 230}, {0x10F4D, 0x10F50, 220}, {0x10F82, 0x10F82, 230},
    {0x10F83, 0x10F83, 220}, {0x10F84, 0x10F84, 230}, {0x10F85, 0x10F85, 220}, {0x11046, 0x11046, 9},
    {0x11070, 0x11070, 9}, {0x1107F, 0x1107F, 9}, {0x110B9, 0x110B9, 9}, {0x110BA, 0x110BA, 7},
    {0x11100, 0x11102, 230}, {0x11133, 0x11134, 9}, {0x11173, 0x11173, 7}, {0x111C0, 0x111C0, 9},
    {0x111CA, 0x111CA, 7}, {0x11235, 0x11235, 9}, {0x11236, 0x11236, 7}, {0x112E9, 0x112E9, 7},
    {0x112EA, 0x112EA, 9}, {0x1133B, 0x1133C, 7}, {0x1134D, 0x1134D, 9}, {0x11366, 0x1136C, 230},
    {0x11370, 0x11374, 230}, {0x113CE, 0x113D0, 9}, {0x11442, 0x11442, 9}, {0x11446, 0x11446, 7},
    {0x1145E, 0x1145E, 230}, {0x114C2, 0x114C2, 9}, {0x114C3, 0x114C3, 7}, {0x115BF, 0x115BF, 9},
    {0x115C0, 0x115C0, 7}, {0x1163F, 0x1163F, 9}, {0x116B6, 0x116B6, 9}, {0x116B7, 0x116B7, 7},
    {0x1172B, 0x1172B, 9}, {0x11839, 0x11839, 9}, {0x1183A, 0x1183A, 7}, {0x1193D, 0x1193E, 9},
    {0x11943, 0x11943, 7}, {0x119E0, 0x119E0, 9}, {0x11A34, 0x11A34, 9}, {0x11A47, 0x11A47, 9},
    {0x11A99, 0x11A99, 9}, {0x11C3F, 0x11C3F, 9}, {0x11D42, 0x11D42, 7}, {0x11D44, 0x11D45, 9},
    {0x11D97, 0x11D97, 9}, {0x11F41, 0x11F42, 9}, {0x1612F, 0x1612F, 9}, {0x16AF0, 0x16AF4, 1},
    {0x16B30, 0x16B36, 230}, {0x16FF0, 0x16FF1, 6}, {0x1BC9E, 0x1BC9E, 1}, {0x1D127, 0x1D128, 220},
    {0x1D165, 0x1D166, 216}, {0x1D167, 0x1D169, 1}, {0x1D16D, 0x1D16D, 226}, {0x1D16E, 0x1D172, 216},
    {0x1D17B, 0x1D182, 220}, {0x1D185, 0x1D189, 230}, {0x1D18A, 0x1D18B, 220}, {0x1D1AA, 0x1D1AD, 230},
    {0x1D242, 0x1D244, 230}, {0x1D250, 0x1D252, 216}, {0x1D25B, 0x1D25C, 1}, {0x1D25F, 0x1D25F, 216},
    {0x1D280, 0x1D281, 216}, {0x1E000, 0x1E006, 230}, {0x1E008, 0x1E018, 230}, {0x1E01B, 0x1E021, 230},
    {0x1E023, 0x1E024, 230}, {0x1E026, 0x1E02A, 230}, {0x1E08F, 0x1E08F, 230}, {0x1E130, 0x1E136, 230},
    {0x1E2AE, 0x1E2AE, 230}, {0x1E2EC, 0x1E2EF, 230}, {0x1E4EC, 0x1E4ED, 232}, {0x1E4EE, 0x1E4EE, 220},
    {0x1E4EF, 0x1E4EF, 230}, {0x1E5EE, 0x1E5EE, 230}, {0x1E5EF, 0x1E5EF, 220}, {0x1E6E3, 0x1E6E3, 230},
    {0x1E6E6, 0x1E6E6, 230}, {0x1E6EE, 0x1E6EF, 230}, {0x1E6F5, 0x1E6F5, 230}, {0x1E8D0, 0x1E8D6, 220},
    {0x1E944, 0x1E949, 230}, {0x1E94A, 0x1E94A, 7},
};

static const uint32_t kama__uni_pool[] = {
    0xA0, 0x20, 0xA8, 0x20, 0x308, 0xAA, 0x61, 0xAF, 0x20, 0x304,
    0xB2, 0x32, 0xB3, 0x33, 0xB4, 0x20, 0x301, 0xB5, 0x3BC, 0xB8,
    0x20, 0x327, 0xB9, 0x31, 0xBA, 0x6F, 0xBC, 0x31, 0x2044, 0x34,
    0xBD, 0x31, 0x2044, 0x32, 0xBE, 0x33, 0x2044, 0x34, 0x41, 0x300,
    0x41, 0x301, 0x41, 0x302, 0x41, 0x303, 0x41, 0x308, 0x41, 0x30A,
    0x43, 0x327, 0x45, 0x300, 0x45, 0x301, 0x45, 0x302, 0x45, 0x308,
    0x49, 0x300, 0x49, 0x301, 0x49, 0x302, 0x49, 0x308, 0x4E, 0x303,
    0x4F, 0x300, 0x4F, 0x301, 0x4F, 0x302, 0x4F, 0x303, 0x4F, 0x308,
    0x55, 0x300, 0x55, 0x301, 0x55, 0x302, 0x55, 0x308, 0x59, 0x301,
    0x61, 0x300, 0x61, 0x301, 0x61, 0x302, 0x61, 0x303, 0x61, 0x308,
    0x61, 0x30A, 0x63, 0x327, 0x65, 0x300, 0x65, 0x301, 0x65, 0x302,
    0x65, 0x308, 0x69, 0x300, 0x69, 0x301, 0x69, 0x302, 0x69, 0x308,
    0x6E, 0x303, 0x6F, 0x300, 0x6F, 0x301, 0x6F, 0x302, 0x6F, 0x303,
    0x6F, 0x308, 0x75, 0x300, 0x75, 0x301, 0x75, 0x302, 0x75, 0x308,
    0x79, 0x301, 0x79, 0x308, 0x41, 0x304, 0x61, 0x304, 0x41, 0x306,
    0x61, 0x306, 0x41, 0x328, 0x61, 0x328, 0x43, 0x301, 0x63, 0x301,
    0x43, 0x302, 0x63, 0x302, 0x43, 0x307, 0x63, 0x307, 0x43, 0x30C,
    0x63, 0x30C, 0x44, 0x30C, 0x64, 0x30C, 0x45, 0x304, 0x65, 0x304,
    0x45, 0x306, 0x65, 0x306, 0x45, 0x307, 0x65, 0x307, 0x45, 0x328,
    0x65, 0x328, 0x45, 0x30C, 0x65, 0x30C, 0x47, 0x302, 0x67, 0x302,
    0x47, 0x306, 0x67, 0x306, 0x47, 0x307, 0x67, 0x307, 0x47, 0x327,
    0x67, 0x327, 0x48, 0x302, 0x68, 0x302, 0x49, 0x303, 0x69, 0x303,
    0x49, 0x304, 0x69, 0x304, 0x49, 0x306, 0x69, 0x306, 0x49, 0x328,
    0x69, 0x328, 0x49, 0x307, 0x132, 0x49, 0x4A, 0x133, 0x69, 0x6A,
    0x4A, 0x302, 0x6A, 0x302, 0x4B, 0x327, 0x6B, 0x327, 0x4C, 0x301,
    0x6C, 0x301, 0x4C, 0x327, 0x6C, 0x327, 0x4C, 0x30C, 0x6C, 0x30C,
    0x13F, 0x4C, 0xB7, 0x140, 0x6C, 0xB7, 0x4E, 0x301, 0x6E, 0x301,
    0x4E, 0x327, 0x6E, 0x327, 0x4E, 0x30C, 0x6E, 0x30C, 0x149, 0x2BC,
    0x6E, 0x4F, 0x304, 0x6F, 0x304, 0x4F, 0x306, 0x6F, 0x306, 0x4F,
    0x30B, 0x6F, 0x30B, 0x52, 0x301, 0x72, 0x301, 0x52, 0x327, 0x72,
    0x327, 0x52, 0x30C, 0x72, 0x30C, 0x53, 0x301, 0x73, 0x301, 0x53,
    0x302, 0x73, 0x302, 0x53, 0x327, 0x73, 0x327, 0x53, 0x30C, 0x73,
    0x30C, 0x54, 0x327, 0x74, 0x327, 0x54, 0x30C, 0x74, 0x30C, 0x55,
    0x303, 0x75, 0x303, 0x55, 0x304, 0x75, 0x304, 0x55, 0x306, 0x75,
    0x306, 0x55, 0x30A, 0x75, 0x30A, 0x55, 0x30B, 0x75, 0x30B, 0x55,
    0x328, 0x75, 0x328, 0x57, 0x302, 0x77, 0x302, 0x59, 0x302, 0x79,
    0x302, 0x59, 0x308, 0x5A, 0x301, 0x7A, 0x301, 0x5A, 0x307, 0x7A,
    0x307, 0x5A, 0x30C, 0x7A, 0x30C, 0x17F, 0x73, 0x4F, 0x31B, 0x6F,
    0x31B, 0x55, 0x31B, 0x75, 0x31B, 0x1C4, 0x44, 0x5A, 0x30C, 0x1C5,
    0x44, 0x7A, 0x30C, 0x1C6, 0x64, 0x7A, 0x30C, 0x1C7, 0x4C, 0x4A,
    0x1C8, 0x4C, 0x6A, 0x1C9, 0x6C, 0x6A, 0x1CA, 0x4E, 0x4A, 0x1CB,
    0x4E, 0x6A, 0x1CC, 0x6E, 0x6A, 0x41, 0x30C, 0x61, 0x30C, 0x49,
    0x30C, 0x69, 0x30C, 0x4F, 0x30C, 0x6F, 0x30C, 0x55, 0x30C, 0x75,
    0x30C, 0x55, 0x308, 0x304, 0x75, 0x308, 0x304, 0x55, 0x308, 0x301,
    0x75, 0x308, 0x301, 0x55, 0x308, 0x30C, 0x75, 0x308, 0x30C, 0x55,
    0x308, 0x300, 0x75, 0x308, 0x300, 0x41, 0x308, 0x304, 0x61, 0x308,
    0x304, 0x41, 0x307, 0x304, 0x61, 0x307, 0x304, 0xC6, 0x304, 0xE6,
    0x304, 0x47, 0x30C, 0x67, 0x30C, 0x4B, 0x30C, 0x6B, 0x30C, 0x4F,
    0x328, 0x6F, 0x328, 0x4F, 0x328, 0x304, 0x6F, 0x328, 0x304, 0x1B7,
    0x30C, 0x292, 0x30C, 0x6A, 0x30C, 0x1F1, 0x44, 0x5A, 0x1F2, 0x44,
    0x7A, 0x1F3, 0x64, 0x7A, 0x47, 0x301, 0x67, 0x301, 0x4E, 0x300,
    0x6E, 0x300, 0x41, 0x30A, 0x301, 0x61, 0x30A, 0x301, 0xC6, 0x301,
    0xE6, 0x301, 0xD8, 0x301, 0xF8, 0x301, 0x41, 0x30F, 0x61, 0x30F,
    0x41, 0x311, 0x61, 0x311, 0x45, 0x30F, 0x65, 0x30F, 0x45, 0x311,
    0x65, 0x311, 0x49, 0x30F, 0x69, 0x30F, 0x49, 0x311, 0x69, 0x311,
    0x4F, 0x30F, 0x6F, 0x30F, 0x4F, 0x311, 0x6F, 0x311, 0x52, 0x30F,
    0x72, 0x30F, 0x52, 0x311, 0x72, 0x311, 0x55, 0x30F, 0x75, 0x30F,
    0x55, 0x311, 0x75, 0x311, 0x53, 0x326, 0x73, 0x326, 0x54, 0x326,
    0x74, 0x326, 0x48, 0x30C, 0x68, 0x30C, 0x41, 0x307, 0x61, 0x307,
    0x45, 0x327, 0x65, 0x327, 0x4F, 0x308, 0x304, 0x6F, 0x308, 0x304,
    0x4F, 0x303, 0x304, 0x6F, 0x303, 0x304, 0x4F, 0x307, 0x6F, 0x307,
    0x4F, 0x307, 0x304, 0x6F, 0x307, 0x304, 0x59, 0x304, 0x79, 0x304,
    0x2B0, 0x68, 0x2B1, 0x266, 0x2B2, 0x6A, 0x2B3, 0x72, 0x2B4, 0x279,
    0x2B5, 0x27B, 0x2B6, 0x281, 0x2B7, 0x77, 0x2B8, 0x79, 0x2D8, 0x20,
    0x306, 0x2D9, 0x20, 0x307, 0x2DA, 0x20, 0x30A, 0x2DB, 0x20, 0x328,
    0x2DC, 0x20, 0x303, 0x2DD, 0x20, 0x30B, 0x2E0, 0x263, 0x2E1, 0x6C,
    0x2E2, 0x73, 0x2E3, 0x78, 0x2E4, 0x295, 0x300, 0x301, 0x313, 0x308,
    0x301, 0x2B9, 0x37A, 0x20, 0x345, 0x3B, 0x384, 0x20, 0x301, 0xA8,
    0x301, 0x20, 0x308, 0x301, 0x391, 0x301, 0xB7, 0x395, 0x301, 0x397,
    0x301, 0x399, 0x301, 0x39F, 0x301, 0x3A5, 0x301, 0x3A9, 0x301, 0x3B9,
    0x308, 0x301, 0x399, 0x308, 0x3A5, 0x308, 0x3B1, 0x301, 0x3B5, 0x301,
    0x3B7, 0x301, 0x3B9, 0x301, 0x3C5, 0x308, 0x301, 0x3B9, 0x308, 0x3C5,
    0x308, 0x3BF, 0x301, 0x3C5, 0x301, 0x3C9, 0x301, 0x3D0, 0x3B2, 0x3D1,
    0x3B8, 0x3D2, 0x3A5, 0x3D2, 0x301, 0x3A5, 0x301, 0x3D2, 0x308, 0x3A5,
    0x308, 0x3D5, 0x3C6, 0x3D6, 0x3C0, 0x3F0, 0x3BA, 0x3F1, 0x3C1, 0x3F2,
    0x3C2, 0x3F4, 0x398, 0x3F5, 0x3B5, 0x3F9, 0x3A3, 0x415, 0x300, 0x415,
    0x308, 0x413, 0x301, 0x406, 0x308, 0x41A, 0x301, 0x418, 0x300, 0x423,
    0x306, 0x418, 0x306, 0x438, 0x306, 0x435, 0x300, 0x435, 0x308, 0x433,
    0x301, 0x456, 0x308, 0x43A, 0x301, 0x438, 0x300, 0x443, 0x306, 0x474,
    0x30F, 0x475, 0x30F, 0x416, 0x306, 0x436, 0x306, 0x410, 0x306, 0x430,
    0x306, 0x410, 0x308, 0x430, 0x308, 0x415, 0x306, 0x435, 0x306, 0x4D8,
    0x308, 0x4D9, 0x308, 0x416, 0x308, 0x436, 0x308, 0x417, 0x308, 0x437,
    0x308, 0x418, 0x304, 0x438, 0x304, 0x418, 0x308, 0x438, 0x308, 0x41E,
    0x308, 0x43E, 0x308, 0x4E8, 0x308, 0x4E9, 0x308, 0x42D, 0x308, 0x44D,
    0x308, 0x423, 0x304, 0x443, 0x304, 0x423, 0x308, 0x443, 0x308, 0x423,
    0x30B, 0x443, 0x30B, 0x427, 0x308, 0x447, 0x308, 0x42B, 0x308, 0x44B,
    0x308, 0x558, 0x567, 0x587, 0x565, 0x582, 0x58B, 0x56B, 0x58C, 0x575,
    0x627, 0x653, 0x627, 0x654, 0x648, 0x654, 0x627, 0x655, 0x64A, 0x654,
    0x675, 0x627, 0x674, 0x676, 0x648, 0x674, 0x677, 0x6C7, 0x674, 0x678,
    0x64A, 0x674, 0x6D5, 0x654, 0x6C1, 0x654, 0x6D2, 0x654, 0x928, 0x93C,
    0x930, 0x93C, 0x933, 0x93C, 0x915, 0x93C, 0x916, 0x93C, 0x917, 0x93C,
    0x91C, 0x93C, 0x921, 0x93C, 0x922, 0x93C, 0x92B, 0x93C, 0x92F, 0x93C,
    0x9C7, 0x9BE, 0x9C7, 0x9D7, 0x9A1, 0x9BC, 0x9A2, 0x9BC, 0x9AF, 0x9BC,
    0xA32, 0xA3C, 0xA38, 0xA3C, 0xA16, 0xA3C, 0xA17, 0xA3C, 0xA1C, 0xA3C,
    0xA2B, 0xA3C, 0xB47, 0xB56, 0xB47, 0xB3E, 0xB47, 0xB57, 0xB21, 0xB3C,
    0xB22, 0xB3C, 0xB92, 0xBD7, 0xBC6, 0xBBE, 0xBC7, 0xBBE, 0xBC6, 0xBD7,
    0xC46, 0xC56, 0xCBF, 0xCD5, 0xCC6, 0xCD5, 0xCC6, 0xCD6, 0xCC6, 0xCC2,
    0xCC6, 0xCC2, 0xCD5, 0xD46, 0xD3E, 0xD47, 0xD3E, 0xD46, 0xD57, 0xDD9,
    0xDCA, 0xDD9, 0xDCF, 0xDD9, 0xDCF, 0xDCA, 0xDD9, 0xDDF, 0xE33, 0xE4D,
    0xE32, 0xEB3, 0xECD, 0xEB2, 0xEDC, 0xEAB, 0xE99, 0xEDD, 0xEAB, 0xEA1,
    0xF0C, 0xF0B, 0xF42, 0xFB7, 0xF4C, 0xFB7, 0xF51, 0xFB7, 0xF56, 0xFB7,
    0xF5B, 0xFB7, 0xF40, 0xFB5, 0xF71, 0xF72, 0xF71, 0xF74, 0xFB2, 0xF80,
    0xF77, 0xFB2, 0xF71, 0xF80, 0xFB3, 0xF80, 0xF79, 0xFB3, 0xF71, 0xF80,
    0xF71, 0xF80, 0xF92, 0xFB7, 0xF9C, 0xFB7, 0xFA1, 0xFB7, 0xFA6, 0xFB7,
    0xFAB, 0xFB7, 0xF90, 0xFB5, 0x1025, 0x102E, 0x10FC, 0x10DC, 0x1B05, 0x1B35,
    0x1B07, 0x1B35, 0x1B09, 0x1B35, 0x1B0B, 0x1B35, 0x1B0D, 0x1B35, 0x1B11, 0x1B35,
    0x1B3A, 0x1B35, 0x1B3C, 0x1B35, 0x1B3E, 0x1B35, 0x1B3F, 0x1B35, 0x1B42, 0x1B35,
    0x1D2C, 0x41, 0x1D2D, 0xC6, 0x1D2E, 0x42, 0x1D30, 0x44, 0x1D31, 0x45,
    0x1D32, 0x18E, 0x1D33, 0x47, 0x1D34, 0x48, 0x1D35, 0x49, 0x1D36, 0x4A,
    0x1D37, 0x4B, 0x1D38, 0x4C, 0x1D39, 0x4D, 0x1D3A, 0x4E, 0x1D3C, 0x4F,
    0x1D3D, 0x222, 0x1D3E, 0x50, 0x1D3F, 0x52, 0x1D40, 0x54, 0x1D41, 0x55,
    0x1D42, 0x57, 0x1D43, 0x61, 0x1D44, 0x250, 0x1D45, 0x251, 0x1D46, 0x1D02,
    0x1D47, 0x62, 0x1D48, 0x64, 0x1D49, 0x65, 0x1D4A, 0x259, 0x1D4B, 0x25B,
    0x1D4C, 0x25C, 0x1D4D, 0x67, 0x1D4F, 0x6B, 0x1D50, 0x6D, 0x1D51, 0x14B,
    0x1D52, 0x6F, 0x1D53, 0x254, 0x1D54, 0x1D16, 0x1D55, 0x1D17, 0x1D56, 0x70,
    0x1D57, 0x74, 0x1D58, 0x75, 0x1D59, 0x1D1D, 0x1D5A, 0x26F, 0x1D5B, 0x76,
    0x1D5C, 0x1D25, 0x1D5D, 0x3B2, 0x1D5E, 0x3B3, 0x1D5F, 0x3B4, 0x1D60, 0x3C6,
    0x1D61, 0x3C7, 0x1D62, 0x69, 0x1D63, 0x72, 0x1D64, 0x75, 0x1D65, 0x76,
    0x1D66, 0x3B2, 0x1D67, 0x3B3, 0x1D68, 0x3C1, 0x1D69, 0x3C6, 0x1D6A, 0x3C7,
    0x1D78, 0x43D, 0x1D9B, 0x252, 0x1D9C, 0x63, 0x1D9D, 0x255, 0x1D9E, 0xF0,
    0x1D9F, 0x25C, 0x1DA0, 0x66, 0x1DA1, 0x25F, 0x1DA2, 0x261, 0x1DA3, 0x265,
    0x1DA4, 0x268, 0x1DA5, 0x269, 0x1DA6, 0x26A, 0x1DA7, 0x1D7B, 0x1DA8, 0x29D,
    0x1DA9, 0x26D, 0x1DAA, 0x1D85, 0x1DAB, 0x29F, 0x1DAC, 0x271, 0x1DAD, 0x270,
    0x1DAE, 0x272, 0x1DAF, 0x273, 0x1DB0, 0x274, 0x1DB1, 0x275, 0x1DB2, 0x278,
    0x1DB3, 0x282, 0x1DB4, 0x283, 0x1DB5, 0x1AB, 0x1DB6, 0x289, 0x1DB7, 0x28A,
    0x1DB8, 0x1D1C, 0x1DB9, 0x28B, 0x1DBA, 0x28C, 0x1DBB, 0x7A, 0x1DBC, 0x290,
    0x1DBD, 0x291, 0x1DBE, 0x292, 0x1DBF, 0x3B8, 0x41, 0x325, 0x61, 0x325,
    0x42, 0x307, 0x62, 0x307, 0x42, 0x323, 0x62, 0x323, 0x42, 0x331,
    0x62, 0x331, 0x43, 0x327, 0x301, 0x63, 0x327, 0x301, 0x44, 0x307,
    0x64, 0x307, 0x44, 0x323, 0x64, 0x323, 0x44, 0x331, 0x64, 0x331,
    0x44, 0x327, 0x64, 0x327, 0x44, 0x32D, 0x64, 0x32D, 0x45, 0x304,
    0x300, 0x65, 0x304, 0x300, 0x45, 0x304, 0x301, 0x65, 0x304, 0x301,
    0x45, 0x32D, 0x65, 0x32D, 0x45, 0x330, 0x65, 0x330, 0x45, 0x327,
    0x306, 0x65, 0x327, 0x306, 0x46, 0x307, 0x66, 0x307, 0x47, 0x304,
    0x67, 0x304, 0x48, 0x307, 0x68, 0x307, 0x48, 0x323, 0x68, 0x323,
    0x48, 0x308, 0x68, 0x308, 0x48, 0x327, 0x68, 0x327, 0x48, 0x32E,
    0x68, 0x32E, 0x49, 0x330, 0x69, 0x330, 0x49, 0x308, 0x301, 0x69,
    0x308, 0x301, 0x4B, 0x301, 0x6B, 0x301, 0x4B, 0x323, 0x6B, 0x323,
    0x4B, 0x331, 0x6B, 0x331, 0x4C, 0x323, 0x6C, 0x323, 0x4C, 0x323,
    0x304, 0x6C, 0x323, 0x304, 0x4C, 0x331, 0x6C, 0x331, 0x4C, 0x32D,
    0x6C, 0x32D, 0x4D, 0x301, 0x6D, 0x301, 0x4D, 0x307, 0x6D, 0x307,
    0x4D, 0x323, 0x6D, 0x323, 0x4E, 0x307, 0x6E, 0x307, 0x4E, 0x323,
    0x6E, 0x323, 0x4E, 0x331, 0x6E, 0x331, 0x4E, 0x32D, 0x6E, 0x32D,
    0x4F, 0x303, 0x301, 0x6F, 0x303, 0x301, 0x4F, 0x303, 0x308, 0x6F,
    0x303, 0x308, 0x4F, 0x304, 0x300, 0x6F, 0x304, 0x300, 0x4F, 0x304,
    0x301, 0x6F, 0x304, 0x301, 0x50, 0x301, 0x70, 0x301, 0x50, 0x307,
    0x70, 0x307, 0x52, 0x307, 0x72, 0x307, 0x52, 0x323, 0x72, 0x323,
    0x52, 0x323, 0x304, 0x72, 0x323, 0x304, 0x52, 0x331, 0x72, 0x331,
    0x53, 0x307, 0x73, 0x307, 0x53, 0x323, 0x73, 0x323, 0x53, 0x301,
    0x307, 0x73, 0x301, 0x307, 0x53, 0x30C, 0x307, 0x73, 0x30C, 0x307,
    0x53, 0x323, 0x307, 0x73, 0x323, 0x307, 0x54, 0x307, 0x74, 0x307,
    0x54, 0x323, 0x74, 0x323, 0x54, 0x331, 0x74, 0x331, 0x54, 0x32D,
    0x74, 0x32D, 0x55, 0x324, 0x75, 0x324, 0x55, 0x330, 0x75, 0x330,
    0x55, 0x32D, 0x75, 0x32D, 0x55, 0x303, 0x301, 0x75, 0x303, 0x301,
    0x55, 0x304, 0x308, 0x75, 0x304, 0x308, 0x56, 0x303, 0x76, 0x303,
    0x56, 0x323, 0x76, 0x323, 0x57, 0x300, 0x77, 0x300, 0x57, 0x301,
    0x77, 0x301, 0x57, 0x308, 0x77, 0x308, 0x57, 0x307, 0x77, 0x307,
    0x57, 0x323, 0x77, 0x323, 0x58, 0x307, 0x78, 0x307, 0x58, 0x308,
    0x78, 0x308, 0x59, 0x307, 0x79, 0x307, 0x5A, 0x302, 0x7A, 0x302,
    0x5A, 0x323, 0x7A, 0x323, 0x5A, 0x331, 0x7A, 0x331, 0x68, 0x331,
    0x74, 0x308, 0x77, 0x30A, 0x79, 0x30A, 0x1E9A, 0x61, 0x2BE, 0x17F,
    0x307, 0x73, 0x307, 0x41, 0x323, 0x61, 0x323, 0x41, 0x309, 0x61,
    0x309, 0x41, 0x302, 0x301, 0x61, 0x302, 0x301, 0x41, 0x302, 0x300,
    0x61, 0x302, 0x300, 0x41, 0x302, 0x309, 0x61, 0x302, 0x309, 0x41,
    0x302, 0x303, 0x61, 0x302, 0x303, 0x41, 0x323, 0x302, 0x61, 0x323,
    0x302, 0x41, 0x306, 0x301, 0x61, 0x306, 0x301, 0x41, 0x306, 0x300,
    0x61, 0x306, 0x300, 0x41, 0x306, 0x309, 0x61, 0x306, 0x309, 0x41,
    0x306, 0x303, 0x61, 0x306, 0x303, 0x41, 0x323, 0x306, 0x61, 0x323,
    0x306, 0x45, 0x323, 0x65, 0x323, 0x45, 0x309, 0x65, 0x309, 0x45,
    0x303, 0x65, 0x303, 0x45, 0x302, 0x301, 0x65, 0x302, 0x301, 0x45,
    0x302, 0x300, 0x65, 0x302, 0x300, 0x45, 0x302, 0x309, 0x65, 0x302,
    0x309, 0x45, 0x302, 0x303, 0x65, 0x302, 0x303, 0x45, 0x323, 0x302,
    0x65, 0x323, 0x302, 0x49, 0x309, 0x69, 0x309, 0x49, 0x323, 0x69,
    0x323, 0x4F, 0x323, 0x6F, 0x323, 0x4F, 0x309, 0x6F, 0x309, 0x4F,
    0x302, 0x301, 0x6F, 0x302, 0x301, 0x4F, 0x302, 0x300, 0x6F, 0x302,
    0x300, 0x4F, 0x302, 0x309, 0x6F, 0x302, 0x309, 0x4F, 0x302, 0x303,
    0x6F, 0x302, 0x303, 0x4F, 0x323, 0x302, 0x6F, 0x323, 0x302, 0x4F,
    0x31B, 0x301, 0x6F, 0x31B, 0x301, 0x4F, 0x31B, 0x300, 0x6F, 0x31B,
    0x300, 0x4F, 0x31B, 0x309, 0x6F, 0x31B, 0x309, 0x4F, 0x31B, 0x303,
    0x6F, 0x31B, 0x303, 0x4F, 0x31B, 0x323, 0x6F, 0x31B, 0x323, 0x55,
    0x323, 0x75, 0x323, 0x55, 0x309, 0x75, 0x309, 0x55, 0x31B, 0x301,
    0x75, 0x31B, 0x301, 0x55, 0x31B, 0x300, 0x75, 0x31B, 0x300, 0x55,
    0x31B, 0x309, 0x75, 0x31B, 0x309, 0x55, 0x31B, 0x303, 0x75, 0x31B,
    0x303, 0x55, 0x31B, 0x323, 0x75, 0x31B, 0x323, 0x59, 0x300, 0x79,
    0x300, 0x59, 0x323, 0x79, 0x323, 0x59, 0x309, 0x79, 0x309, 0x59,
    0x303, 0x79, 0x303, 0x3B1, 0x313, 0x3B1, 0x314, 0x3B1, 0x313, 0x300,
    0x3B1, 0x314, 0x300, 0x3B1, 0x313, 0x301, 0x3B1, 0x314, 0x301, 0x3B1,
    0x313, 0x342, 0x3B1, 0x314, 0x342, 0x391, 0x313, 0x391, 0x314, 0x391,
    0x313, 0x300, 0x391, 0x314, 0x300, 0x391, 0x313, 0x301, 0x391, 0x314,
    0x301, 0x391, 0x313, 0x342, 0x391, 0x314, 0x342, 0x3B5, 0x313, 0x3B5,
    0x314, 0x3B5, 0x313, 0x300, 0x3B5, 0x314, 0x300, 0x3B5, 0x313, 0x301,
    0x3B5, 0x314, 0x301, 0x395, 0x313, 0x395, 0x314, 0x395, 0x313, 0x300,
    0x395, 0x314, 0x300, 0x395, 0x313, 0x301, 0x395, 0x314, 0x301, 0x3B7,
    0x313, 0x3B7, 0x314, 0x3B7, 0x313, 0x300, 0x3B7, 0x314, 0x300, 0x3B7,
    0x313, 0x301, 0x3B7, 0x314, 0x301, 0x3B7, 0x313, 0x342, 0x3B7, 0x314,
    0x342, 0x397, 0x313, 0x397, 0x314, 0x397, 0x313, 0x300, 0x397, 0x314,
    0x300, 0x397, 0x313, 0x301, 0x397, 0x314, 0x301, 0x397, 0x313, 0x342,
    0x397, 0x314, 0x342, 0x3B9, 0x313, 0x3B9, 0x314, 0x3B9, 0x313, 0x300,
    0x3B9, 0x314, 0x300, 0x3B9, 0x313, 0x301, 0x3B9, 0x314, 0x301, 0x3B9,
    0x313, 0x342, 0x3B9, 0x314, 0x342, 0x399, 0x313, 0x399, 0x314, 0x399,
    0x313, 0x300, 0x399, 0x314, 0x300, 0x399, 0x313, 0x301, 0x399, 0x314,
    0x301, 0x399, 0x313, 0x342, 0x399, 0x314, 0x342, 0x3BF, 0x313, 0x3BF,
    0x314, 0x3BF, 0x313, 0x300, 0x3BF, 0x314, 0x300, 0x3BF, 0x313, 0x301,
    0x3BF, 0x314, 0x301, 0x39F, 0x313, 0x39F, 0x314, 0x39F, 0x313, 0x300,
    0x39F, 0x314, 0x300, 0x39F, 0x313, 0x301, 0x39F, 0x314, 0x301, 0x3C5,
    0x313, 0x3C5, 0x314, 0x3C5, 0x313, 0x300, 0x3C5, 0x314, 0x300, 0x3C5,
    0x313, 0x301, 0x3C5, 0x314, 0x301, 0x3C5, 0x313, 0x342, 0x3C5, 0x314,
    0x342, 0x3A5, 0x314, 0x3A5, 0x314, 0x300, 0x3A5, 0x314, 0x301, 0x3A5,
    0x314, 0x342, 0x3C9, 0x313, 0x3C9, 0x314, 0x3C9, 0x313, 0x300, 0x3C9,
    0x314, 0x300, 0x3C9, 0x313, 0x301, 0x3C9, 0x314, 0x301, 0x3C9, 0x313,
    0x342, 0x3C9, 0x314, 0x342, 0x3A9, 0x313, 0x3A9, 0x314, 0x3A9, 0x313,
    0x300, 0x3A9, 0x314, 0x300, 0x3A9, 0x313, 0x301, 0x3A9, 0x314, 0x301,
    0x3A9, 0x313, 0x342, 0x3A9, 0x314, 0x342, 0x3B1, 0x300, 0x3B1, 0x301,
    0x3B5, 0x300, 0x3B5, 0x301, 0x3B7, 0x300, 0x3B7, 0x301, 0x3B9, 0x300,
    0x3B9, 0x301, 0x3BF, 0x300, 0x3BF, 0x301, 0x3C5, 0x300, 0x3C5, 0x301,
    0x3C9, 0x300, 0x3C9, 0x301, 0x3B1, 0x313, 0x345, 0x3B1, 0x314, 0x345,
    0x3B1, 0x313, 0x300, 0x345, 0x3B1, 0x314, 0x300, 0x345, 0x3B1, 0x313,
    0x301, 0x345, 0x3B1, 0x314, 0x301, 0x345, 0x3B1, 0x313, 0x342, 0x345,
    0x3B1, 0x314, 0x342, 0x345, 0x391, 0x313, 0x345, 0x391, 0x314, 0x345,
    0x391, 0x313, 0x300, 0x345, 0x391, 0x314, 0x300, 0x345, 0x391, 0x313,
    0x301, 0x345, 0x391, 0x314, 0x301, 0x345, 0x391, 0x313, 0x342, 0x345,
    0x391, 0x314, 0x342, 0x345, 0x3B7, 0x313, 0x345, 0x3B7, 0x314, 0x345,
    0x3B7, 0x313, 0x300, 0x345, 0x3B7, 0x314, 0x300, 0x345, 0x3B7, 0x313,
    0x301, 0x345, 0x3B7, 0x314, 0x301, 0x345, 0x3B7, 0x313, 0x342, 0x345,
    0x3B7, 0x314, 0x342, 0x345, 0x397, 0x313, 0x345, 0x397, 0x314, 0x345,
    0x397, 0x313, 0x300, 0x345, 0x397, 0x314, 0x300, 0x345, 0x397, 0x313,
    0x301, 0x345, 0x397, 0x314, 0x301, 0x345, 0x397, 0x313, 0x342, 0x345,
    0x397, 0x314, 0x342, 0x345, 0x3C9, 0x313, 0x345, 0x3C9, 0x314, 0x345,
    0x3C9, 0x313, 0x300, 0x345, 0x3C9, 0x314, 0x300, 0x345, 0x3C9, 0x313,
    0x301, 0x345, 0x3C9, 0x314, 0x301, 0x345, 0x3C9, 0x313, 0x342, 0x345,
    0x3C9, 0x314, 0x342, 0x345, 0x3A9, 0x313, 0x345, 0x3A9, 0x314, 0x345,
    0x3A9, 0x313, 0x300, 0x345, 0x3A9, 0x314, 0x300, 0x345, 0x3A9, 0x313,
    0x301, 0x345, 0x3A9, 0x314, 0x301, 0x345, 0x3A9, 0x313, 0x342, 0x345,
    0x3A9, 0x314, 0x342, 0x345, 0x3B1, 0x306, 0x3B1, 0x304, 0x3B1, 0x300,
    0x345, 0x3B1, 0x345, 0x3B1, 0x301, 0x345, 0x3B1, 0x342, 0x3B1, 0x342,
    0x345, 0x391, 0x306, 0x391, 0x304, 0x391, 0x300, 0x391, 0x301, 0x391,
    0x345, 0x1FBD, 0x20, 0x313, 0x3B9, 0x1FBF, 0x20, 0x313, 0x1FC0, 0x20,
    0x342, 0xA8, 0x342, 0x20, 0x308, 0x342, 0x3B7, 0x300, 0x345, 0x3B7,
    0x345, 0x3B7, 0x301, 0x345, 0x3B7, 0x342, 0x3B7, 0x342, 0x345, 0x395,
    0x300, 0x395, 0x301, 0x397, 0x300, 0x397, 0x301, 0x397, 0x345, 0x1FBF,
    0x300, 0x20, 0x313, 0x300, 0x1FBF, 0x301, 0x20, 0x313, 0x301, 0x1FBF,
    0x342, 0x20, 0x313, 0x342, 0x3B9, 0x306, 0x3B9, 0x304, 0x3B9, 0x308,
    0x300, 0x3B9, 0x308, 0x301, 0x3B9, 0x342, 0x3B9, 0x308, 0x342, 0x399,
    0x306, 0x399, 0x304, 0x399, 0x300, 0x399, 0x301, 0x1FFE, 0x300, 0x20,
    0x314, 0x300, 0x1FFE, 0x301, 0x20, 0x314, 0x301, 0x1FFE, 0x342, 0x20,
    0x314, 0x342, 0x3C5, 0x306, 0x3C5, 0x304, 0x3C5, 0x308, 0x300, 0x3C5,
    0x308, 0x301, 0x3C1, 0x313, 0x3C1, 0x314, 0x3C5, 0x342, 0x3C5, 0x308,
    0x342, 0x3A5, 0x306, 0x3A5, 0x304, 0x3A5, 0x300, 0x3A5, 0x301, 0x3A1,
    0x314, 0xA8, 0x300, 0x20, 0x308, 0x300, 0xA8, 0x301, 0x20, 0x308,
    0x301, 0x60, 0x3C9, 0x300, 0x345, 0x3C9, 0x345, 0x3C9, 0x301, 0x345,
    0x3C9, 0x342, 0x3C9, 0x342, 0x345, 0x39F, 0x300, 0x39F, 0x301, 0x3A9,
    0x300, 0x3A9, 0x301, 0x3A9, 0x345, 0xB4, 0x20, 0x301, 0x1FFE, 0x20,
    0x314, 0x2002, 0x20, 0x2003, 0x20, 0x2002, 0x20, 0x2003, 0x20, 0x2004,
    0x20, 0x2005, 0x20, 0x2006, 0x20, 0x2007, 0x20, 0x2008, 0x20, 0x2009,
    0x20, 0x200A, 0x20, 0x2011, 0x2010, 0x2017, 0x20, 0x333, 0x2024, 0x2E,
    0x2025, 0x2E, 0x2E, 0x2026, 0x2E, 0x2E, 0x2E, 0x202F, 0x20, 0x2033,
    0x2032, 0x2032, 0x2034, 0x2032, 0x2032, 0x2032, 0x2036, 0x2035, 0x2035, 0x2037,
    0x2035, 0x2035, 0x2035, 0x203C, 0x21, 0x21, 0x203E, 0x20, 0x305, 0x2047,
    0x3F, 0x3F, 0x2048, 0x3F, 0x21, 0x2049, 0x21, 0x3F, 0x2057, 0x2032,
    0x2032, 0x2032, 0x2032, 0x205F, 0x20, 0x2070, 0x30, 0x2071, 0x69, 0x2074,
    0x34, 0x2075, 0x35, 0x2076, 0x36, 0x2077, 0x37, 0x2078, 0x38, 0x2079,
    0x39, 0x207A, 0x2B, 0x207B, 0x2212, 0x207C, 0x3D, 0x207D, 0x28, 0x207E,
    0x29, 0x207F, 0x6E, 0x2080, 0x30, 0x2081, 0x31, 0x2082, 0x32, 0x2083,
    0x33, 0x2084, 0x34, 0x2085, 0x35, 0x2086, 0x36, 0x2087, 0x37, 0x2088,
    0x38, 0x2089, 0x39, 0x208A, 0x2B, 0x208B, 0x2212, 0x208C, 0x3D, 0x208D,
    0x28, 0x208E, 0x29, 0x2090, 0x61, 0x2091, 0x65, 0x2092, 0x6F, 0x2093,
    0x78, 0x2094, 0x259, 0x2095, 0x68, 0x2096, 0x6B, 0x2097, 0x6C, 0x2098,
    0x6D, 0x2099, 0x6E, 0x209A, 0x70, 0x209B, 0x73, 0x209C, 0x74, 0x209D,
    0x77, 0x209E, 0x79, 0x209F, 0x7A, 0x20A8, 0x52, 0x73, 0x2100, 0x61,
    0x2F, 0x63, 0x2101, 0x61, 0x2F, 0x73, 0x2102, 0x43, 0x2103, 0xB0,
    0x43, 0x2105, 0x63, 0x2F, 0x6F, 0x2106, 0x63, 0x2F, 0x75, 0x2107,
    0x190, 0x2109, 0xB0, 0x46, 0x210A, 0x67, 0x210B, 0x48, 0x210C, 0x48,
    0x210D, 0x48, 0x210E, 0x68, 0x210F, 0x127, 0x2110, 0x49, 0x2111, 0x49,
    0x2112, 0x4C, 0x2113, 0x6C, 0x2115, 0x4E, 0x2116, 0x4E, 0x6F, 0x2119,
    0x50, 0x211A, 0x51, 0x211B, 0x52, 0x211C, 0x52, 0x211D, 0x52, 0x2120,
    0x53, 0x4D, 0x2121, 0x54, 0x45, 0x4C, 0x2122, 0x54, 0x4D, 0x2124,
    0x5A, 0x3A9, 0x2128, 0x5A, 0x4B, 0x41, 0x30A, 0x212C, 0x42, 0x212D,
    0x43, 0x212F, 0x65, 0x2130, 0x45, 0x2131, 0x46, 0x2133, 0x4D, 0x2134,
    0x6F, 0x2135, 0x5D0, 0x2136, 0x5D1, 0x2137, 0x5D2, 0x2138, 0x5D3, 0x2139,
    0x69, 0x213B, 0x46, 0x41, 0x58, 0x213C, 0x3C0, 0x213D, 0x3B3, 0x213E,
    0x393, 0x213F, 0x3A0, 0x2140, 0x2211, 0x2145, 0x44, 0x2146, 0x64, 0x2147,
    0x65, 0x2148, 0x69, 0x2149, 0x6A, 0x2150, 0x31, 0x2044, 0x37, 0x2151,
    0x31, 0x2044, 0x39, 0x2152, 0x31, 0x2044, 0x31, 0x30, 0x2153, 0x31,
    0x2044, 0x33, 0x2154, 0x32, 0x2044, 0x33, 0x2155, 0x31, 0x2044, 0x35,
    0x2156, 0x32, 0x2044, 0x35, 0x2157, 0x33, 0x2044, 0x35, 0x2158, 0x34,
    0x2044, 0x35, 0x2159, 0x31, 0x2044, 0x36, 0x215A, 0x35, 0x2044, 0x36,
    0x215B, 0x31, 0x2044, 0x38, 0x215C, 0x33, 0x2044, 0x38, 0x215D, 0x35,
    0x2044, 0x38, 0x215E, 0x37, 0x2044, 0x38, 0x215F, 0x31, 0x2044, 0x2160,
    0x49, 0x2161, 0x49, 0x49, 0x2162, 0x49, 0x49, 0x49, 0x2163, 0x49,
    0x56, 0x2164, 0x56, 0x2165, 0x56, 0x49, 0x2166, 0x56, 0x49, 0x49,
    0x2167, 0x56, 0x49, 0x49, 0x49, 0x2168, 0x49, 0x58, 0x2169, 0x58,
    0x216A, 0x58, 0x49, 0x216B, 0x58, 0x49, 0x49, 0x216C, 0x4C, 0x216D,
    0x43, 0x216E, 0x44, 0x216F, 0x4D, 0x2170, 0x69, 0x2171, 0x69, 0x69,
    0x2172, 0x69, 0x69, 0x69, 0x2173, 0x69, 0x76, 0x2174, 0x76, 0x2175,
    0x76, 0x69, 0x2176, 0x76, 0x69, 0x69, 0x2177, 0x76, 0x69, 0x69,
    0x69, 0x2178, 0x69, 0x78, 0x2179, 0x78, 0x217A, 0x78, 0x69, 0x217B,
    0x78, 0x69, 0x69, 0x217C, 0x6C, 0x217D, 0x63, 0x217E, 0x64, 0x217F,
    0x6D, 0x2189, 0x30, 0x2044, 0x33, 0x2190, 0x338, 0x2192, 0x338, 0x2194,
    0x338, 0x21D0, 0x338, 0x21D4, 0x338, 0x21D2, 0x338, 0x2203, 0x338, 0x2208,
    0x338, 0x220B, 0x338, 0x2223, 0x338, 0x2225, 0x338, 0x222C, 0x222B, 0x222B,
    0x222D, 0x222B, 0x222B, 0x222B, 0x222F, 0x222E, 0x222E, 0x2230, 0x222E, 0x222E,
    0x222E, 0x223C, 0x338, 0x2243, 0x338, 0x2245, 0x338, 0x2248, 0x338, 0x3D,
    0x338, 0x2261, 0x338, 0x224D, 0x338, 0x3C, 0x338, 0x3E, 0x338, 0x2264,
    0x338, 0x2265, 0x338, 0x2272, 0x338, 0x2273, 0x338, 0x2276, 0x338, 0x2277,
    0x338, 0x227A, 0x338, 0x227B, 0x338, 0x2282, 0x338, 0x2283, 0x338, 0x2286,
    0x338, 0x2287, 0x338, 0x22A2, 0x338, 0x22A8, 0x338, 0x22A9, 0x338, 0x22AB,
    0x338, 0x227C, 0x338, 0x227D, 0x338, 0x2291, 0x338, 0x2292, 0x338, 0x22B2,
    0x338, 0x22B3, 0x338, 0x22B4, 0x338, 0x22B5, 0x338, 0x3008, 0x3009, 0x2460,
    0x31, 0x2461, 0x32, 0x2462, 0x33, 0x2463, 0x34, 0x2464, 0x35, 0x2465,
    0x36, 0x2466, 0x37, 0x2467, 0x38, 0x2468, 0x39, 0x2469, 0x31, 0x30,
    0x246A, 0x31, 0x31, 0x246B, 0x31, 0x32, 0x246C, 0x31, 0x33, 0x246D,
    0x31, 0x34, 0x246E, 0x31, 0x35, 0x246F, 0x31, 0x36, 0x2470, 0x31,
    0x37, 0x2471, 0x31, 0x38, 0x2472, 0x31, 0x39, 0x2473, 0x32, 0x30,
    0x2474, 0x28, 0x31, 0x29, 0x2475, 0x28, 0x32, 0x29, 0x2476, 0x28,
    0x33, 0x29, 0x2477, 0x28, 0x34, 0x29, 0x2478, 0x28, 0x35, 0x29,
    0x2479, 0x28, 0x36, 0x29, 0x247A, 0x28, 0x37, 0x29, 0x247B, 0x28,
    0x38, 0x29, 0x247C, 0x28, 0x39, 0x29, 0x247D, 0x28, 0x31, 0x30,
    0x29, 0x247E, 0x28, 0x31, 0x31, 0x29, 0x247F, 0x28, 0x31, 0x32,
    0x29, 0x2480, 0x28, 0x31, 0x33, 0x29, 0x2481, 0x28, 0x31, 0x34,
    0x29, 0x2482, 0x28, 0x31, 0x35, 0x29, 0x2483, 0x28, 0x31, 0x36,
    0x29, 0x2484, 0x28, 0x31, 0x37, 0x29, 0x2485, 0x28, 0x31, 0x38,
    0x29, 0x2486, 0x28, 0x31, 0x39, 0x29, 0x2487, 0x28, 0x32, 0x30,
    0x29, 0x2488, 0x31, 0x2E, 0x2489, 0x32, 0x2E, 0x248A, 0x33, 0x2E,
    0x248B, 0x34, 0x2E, 0x248C, 0x35, 0x2E, 0x248D, 0x36, 0x2E, 0x248E,
    0x37, 0x2E, 0x248F, 0x38, 0x2E, 0x2490, 0x39, 0x2E, 0x2491, 0x31,
    0x30, 0x2E, 0x2492, 0x31, 0x31, 0x2E, 0x2493, 0x31, 0x32, 0x2E,
    0x2494, 0x31, 0x33, 0x2E, 0x2495, 0x31, 0x34, 0x2E, 0x2496, 0x31,
    0x35, 0x2E, 0x2497, 0x31, 0x36, 0x2E, 0x2498, 0x31, 0x37, 0x2E,
    0x2499, 0x31, 0x38, 0x2E, 0x249A, 0x31, 0x39, 0x2E, 0x249B, 0x32,
    0x30, 0x2E, 0x249C, 0x28, 0x61, 0x29, 0x249D, 0x28, 0x62, 0x29,
    0x249E, 0x28, 0x63, 0x29, 0x249F, 0x28, 0x64, 0x29, 0x24A0, 0x28,
    0x65, 0x29, 0x24A1, 0x28, 0x66, 0x29, 0x24A2, 0x28, 0x67, 0x29,
    0x24A3, 0x28, 0x68, 0x29, 0x24A4, 0x28, 0x69, 0x29, 0x24A5, 0x28,
    0x6A, 0x29, 0x24A6, 0x28, 0x6B, 0x29, 0x24A7, 0x28, 0x6C, 0x29,
    0x24A8, 0x28, 0x6D, 0x29, 0x24A9, 0x28, 0x6E, 0x29, 0x24AA, 0x28,
    0x6F, 0x29, 0x24AB, 0x28, 0x70, 0x29, 0x24AC, 0x28, 0x71, 0x29,
    0x24AD, 0x28, 0x72, 0x29, 0x24AE, 0x28, 0x73, 0x29, 0x24AF, 0x28,
    0x74, 0x29, 0x24B0, 0x28, 0x75, 0x29, 0x24B1, 0x28, 0x76, 0x29,
    0x24B2, 0x28, 0x77, 0x29, 0x24B3, 0x28, 0x78, 0x29, 0x24B4, 0x28,
    0x79, 0x29, 0x24B5, 0x28, 0x7A, 0x29, 0x24B6, 0x41, 0x24B7, 0x42,
    0x24B8, 0x43, 0x24B9, 0x44, 0x24BA, 0x45, 0x24BB, 0x46, 0x24BC, 0x47,
    0x24BD, 0x48, 0x24BE, 0x49, 0x24BF, 0x4A, 0x24C0, 0x4B, 0x24C1, 0x4C,
    0x24C2, 0x4D, 0x24C3, 0x4E, 0x24C4, 0x4F, 0x24C5, 0x50, 0x24C6, 0x51,
    0x24C7, 0x52, 0x24C8, 0x53, 0x24C9, 0x54, 0x24CA, 0x55, 0x24CB, 0x56,
    0x24CC, 0x57, 0x24CD, 0x58, 0x24CE, 0x59, 0x24CF, 0x5A, 0x24D0, 0x61,
    0x24D1, 0x62, 0x24D2, 0x63, 0x24D3, 0x64, 0x24D4, 0x65, 0x24D5, 0x66,
    0x24D6, 0x67, 0x24D7, 0x68, 0x24D8, 0x69, 0x24D9, 0x6A, 0x24DA, 0x6B,
    0x24DB, 0x6C, 0x24DC, 0x6D, 0x24DD, 0x6E, 0x24DE, 0x6F, 0x24DF, 0x70,
    0x24E0, 0x71, 0x24E1, 0x72, 0x24E2, 0x73, 0x24E3, 0x74, 0x24E4, 0x75,
    0x24E5, 0x76, 0x24E6, 0x77, 0x24E7, 0x78, 0x24E8, 0x79, 0x24E9, 0x7A,
    0x24EA, 0x30, 0x2A0C, 0x222B, 0x222B, 0x222B, 0x222B, 0x2A74, 0x3A, 0x3A,
    0x3D, 0x2A75, 0x3D, 0x3D, 0x2A76, 0x3D, 0x3D, 0x3D, 0x2ADD, 0x338,
    0x2C7C, 0x6A, 0x2C7D, 0x56, 0x2D6F, 0x2D61, 0x2E9F, 0x6BCD, 0x2EF3, 0x9F9F,
    0x2F00, 0x4E00, 0x2F01, 0x4E28, 0x2F02, 0x4E36, 0x2F03, 0x4E3F, 0x2F04, 0x4E59,
    0x2F05, 0x4E85, 0x2F06, 0x4E8C, 0x2F07, 0x4EA0, 0x2F08, 0x4EBA, 0x2F09, 0x513F,
    0x2F0A, 0x5165, 0x2F0B, 0x516B, 0x2F0C, 0x5182, 0x2F0D, 0x5196, 0x2F0E, 0x51AB,
    0x2F0F, 0x51E0, 0x2F10, 0x51F5, 0x2F11, 0x5200, 0x2F12, 0x529B, 0x2F13, 0x52F9,
    0x2F14, 0x5315, 0x2F15, 0x531A, 0x2F16, 0x5338, 0x2F17, 0x5341, 0x2F18, 0x535C,
    0x2F19, 0x5369, 0x2F1A, 0x5382, 0x2F1B, 0x53B6, 0x2F1C, 0x53C8, 0x2F1D, 0x53E3,
    0x2F1E, 0x56D7, 0x2F1F, 0x571F, 0x2F20, 0x58EB, 0x2F21, 0x5902, 0x2F22, 0x590A,
    0x2F23, 0x5915, 0x2F24, 0x5927, 0x2F25, 0x5973, 0x2F26, 0x5B50, 0x2F27, 0x5B80,
    0x2F28, 0x5BF8, 0x2F29, 0x5C0F, 0x2F2A, 0x5C22, 0x2F2B, 0x5C38, 0x2F2C, 0x5C6E,
    0x2F2D, 0x5C71, 0x2F2E, 0x5DDB, 0x2F2F, 0x5DE5, 0x2F30, 0x5DF1, 0x2F31, 0x5DFE,
    0x2F32, 0x5E72, 0x2F33, 0x5E7A, 0x2F34, 0x5E7F, 0x2F35, 0x5EF4, 0x2F36, 0x5EFE,
    0x2F37, 0x5F0B, 0x2F38, 0x5F13, 0x2F39, 0x5F50, 0x2F3A, 0x5F61, 0x2F3B, 0x5F73,
    0x2F3C, 0x5FC3, 0x2F3D, 0x6208, 0x2F3E, 0x6236, 0x2F3F, 0x624B, 0x2F40, 0x652F,
    0x2F41, 0x6534, 0x2F42, 0x6587, 0x2F43, 0x6597, 0x2F44, 0x65A4, 0x2F45, 0x65B9,
    0x2F46, 0x65E0, 0x2F47, 0x65E5, 0x2F48, 0x66F0, 0x2F49, 0x6708, 0x2F4A, 0x6728,
    0x2F4B, 0x6B20, 0x2F4C, 0x6B62, 0x2F4D, 0x6B79, 0x2F4E, 0x6BB3, 0x2F4F, 0x6BCB,
    0x2F50, 0x6BD4, 0x2F51, 0x6BDB, 0x2F52, 0x6C0F, 0x2F53, 0x6C14, 0x2F54, 0x6C34,
    0x2F55, 0x706B, 0x2F56, 0x722A, 0x2F57, 0x7236, 0x2F58, 0x723B, 0x2F59, 0x723F,
    0x2F5A, 0x7247, 0x2F5B, 0x7259, 0x2F5C, 0x725B, 0x2F5D, 0x72AC, 0x2F5E, 0x7384,
    0x2F5F, 0x7389, 0x2F60, 0x74DC, 0x2F61, 0x74E6, 0x2F62, 0x7518, 0x2F63, 0x751F,
    0x2F64, 0x7528, 0x2F65, 0x7530, 0x2F66, 0x758B, 0x2F67, 0x7592, 0x2F68, 0x7676,
    0x2F69, 0x767D, 0x2F6A, 0x76AE, 0x2F6B, 0x76BF, 0x2F6C, 0x76EE, 0x2F6D, 0x77DB,
    0x2F6E, 0x77E2, 0x2F6F, 0x77F3, 0x2F70, 0x793A, 0x2F71, 0x79B8, 0x2F72, 0x79BE,
    0x2F73, 0x7A74, 0x2F74, 0x7ACB, 0x2F75, 0x7AF9, 0x2F76, 0x7C73, 0x2F77, 0x7CF8,
    0x2F78, 0x7F36, 0x2F79, 0x7F51, 0x2F7A, 0x7F8A, 0x2F7B, 0x7FBD, 0x2F7C, 0x8001,
    0x2F7D, 0x800C, 0x2F7E, 0x8012, 0x2F7F, 0x8033, 0x2F80, 0x807F, 0x2F81, 0x8089,
    0x2F82, 0x81E3, 0x2F83, 0x81EA, 0x2F84, 0x81F3, 0x2F85, 0x81FC, 0x2F86, 0x820C,
    0x2F87, 0x821B, 0x2F88, 0x821F, 0x2F89, 0x826E, 0x2F8A, 0x8272, 0x2F8B, 0x8278,
    0x2F8C, 0x864D, 0x2F8D, 0x866B, 0x2F8E, 0x8840, 0x2F8F, 0x884C, 0x2F90, 0x8863,
    0x2F91, 0x897E, 0x2F92, 0x898B, 0x2F93, 0x89D2, 0x2F94, 0x8A00, 0x2F95, 0x8C37,
    0x2F96, 0x8C46, 0x2F97, 0x8C55, 0x2F98, 0x8C78, 0x2F99, 0x8C9D, 0x2F9A, 0x8D64,
    0x2F9B, 0x8D70, 0x2F9C, 0x8DB3, 0x2F9D, 0x8EAB, 0x2F9E, 0x8ECA, 0x2F9F, 0x8F9B,
    0x2FA0, 0x8FB0, 0x2FA1, 0x8FB5, 0x2FA2, 0x9091, 0x2FA3, 0x9149, 0x2FA4, 0x91C6,
    0x2FA5, 0x91CC, 0x2FA6, 0x91D1, 0x2FA7, 0x9577, 0x2FA8, 0x9580, 0x2FA9, 0x961C,
    0x2FAA, 0x96B6, 0x2FAB, 0x96B9, 0x2FAC, 0x96E8, 0x2FAD, 0x9751, 0x2FAE, 0x975E,
    0x2FAF, 0x9762, 0x2FB0, 0x9769, 0x2FB1, 0x97CB, 0x2FB2, 0x97ED, 0x2FB3, 0x97F3,
    0x2FB4, 0x9801, 0x2FB5, 0x98A8, 0x2FB6, 0x98DB, 0x2FB7, 0x98DF, 0x2FB8, 0x9996,
    0x2FB9, 0x9999, 0x2FBA, 0x99AC, 0x2FBB, 0x9AA8, 0x2FBC, 0x9AD8, 0x2FBD, 0x9ADF,
    0x2FBE, 0x9B25, 0x2FBF, 0x9B2F, 0x2FC0, 0x9B32, 0x2FC1, 0x9B3C, 0x2FC2, 0x9B5A,
    0x2FC3, 0x9CE5, 0x2FC4, 0x9E75, 0x2FC5, 0x9E7F, 0x2FC6, 0x9EA5, 0x2FC7, 0x9EBB,
    0x2FC8, 0x9EC3, 0x2FC9, 0x9ECD, 0x2FCA, 0x9ED1, 0x2FCB, 0x9EF9, 0x2FCC, 0x9EFD,
    0x2FCD, 0x9F0E, 0x2FCE, 0x9F13, 0x2FCF, 0x9F20, 0x2FD0, 0x9F3B, 0x2FD1, 0x9F4A,
    0x2FD2, 0x9F52, 0x2FD3, 0x9F8D, 0x2FD4, 0x9F9C, 0x2FD5, 0x9FA0, 0x3000, 0x20,
    0x3036, 0x3012, 0x3038, 0x5341, 0x3039, 0x5344, 0x303A, 0x5345, 0x304B, 0x3099,
    0x304D, 0x3099, 0x304F, 0x3099, 0x3051, 0x3099, 0x3053, 0x3099, 0x3055, 0x3099,
    0x3057, 0x3099, 0x3059, 0x3099, 0x305B, 0x3099, 0x305D, 0x3099, 0x305F, 0x3099,
    0x3061, 0x3099, 0x3064, 0x3099, 0x3066, 0x3099, 0x3068, 0x3099, 0x306F, 0x3099,
    0x306F, 0x309A, 0x3072, 0x3099, 0x3072, 0x309A, 0x3075, 0x3099, 0x3075, 0x309A,
    0x3078, 0x3099, 0x3078, 0x309A, 0x307B, 0x3099, 0x307B, 0x309A, 0x3046, 0x3099,
    0x309B, 0x20, 0x3099, 0x309C, 0x20, 0x309A, 0x309D, 0x3099, 0x309F, 0x3088,
    0x308A, 0x30AB, 0x3099, 0x30AD, 0x3099, 0x30AF, 0x3099, 0x30B1, 0x3099, 0x30B3,
    0x3099, 0x30B5, 0x3099, 0x30B7, 0x3099, 0x30B9, 0x3099, 0x30BB, 0x3099, 0x30BD,
    0x3099, 0x30BF, 0x3099, 0x30C1, 0x3099, 0x30C4, 0x3099, 0x30C6, 0x3099, 0x30C8,
    0x3099, 0x30CF, 0x3099, 0x30CF, 0x309A, 0x30D2, 0x3099, 0x30D2, 0x309A, 0x30D5,
    0x3099, 0x30D5, 0x309A, 0x30D8, 0x3099, 0x30D8, 0x309A, 0x30DB, 0x3099, 0x30DB,
    0x309A, 0x30A6, 0x3099, 0x30EF, 0x3099, 0x30F0, 0x3099, 0x30F1, 0x3099, 0x30F2,
    0x3099, 0x30FD, 0x3099, 0x30FF, 0x30B3, 0x30C8, 0x3131, 0x1100, 0x3132, 0x1101,
    0x3133, 0x11AA, 0x3134, 0x1102, 0x3135, 0x11AC, 0x3136, 0x11AD, 0x3137, 0x1103,
    0x3138, 0x1104, 0x3139, 0x1105, 0x313A, 0x11B0, 0x313B, 0x11B1, 0x313C, 0x11B2,
    0x313D, 0x11B3, 0x313E, 0x11B4, 0x313F, 0x11B5, 0x3140, 0x111A, 0x3141, 0x1106,
    0x3142, 0x1107, 0x3143, 0x1108, 0x3144, 0x1121, 0x3145, 0x1109, 0x3146, 0x110A,
    0x3147, 0x110B, 0x3148, 0x110C, 0x3149, 0x110D, 0x314A, 0x110E, 0x314B, 0x110F,
    0x314C, 0x1110, 0x314D, 0x1111, 0x314E, 0x1112, 0x314F, 0x1161, 0x3150, 0x1162,
    0x3151, 0x1163, 0x3152, 0x1164, 0x3153, 0x1165, 0x3154, 0x1166, 0x3155, 0x1167,
    0x3156, 0x1168, 0x3157, 0x1169, 0x3158, 0x116A, 0x3159, 0x116B, 0x315A, 0x116C,
    0x315B, 0x116D, 0x315C, 0x116E, 0x315D, 0x116F, 0x315E, 0x1170, 0x315F, 0x1171,
    0x3160, 0x1172, 0x3161, 0x1173, 0x3162, 0x1174, 0x3163, 0x1175, 0x3164, 0x1160,
    0x3165, 0x1114, 0x3166, 0x1115, 0x3167, 0x11C7, 0x3168, 0x11C8, 0x3169, 0x11CC,
    0x316A, 0x11CE, 0x316B, 0x11D3, 0x316C, 0x11D7, 0x316D, 0x11D9, 0x316E, 0x111C,
    0x316F, 0x11DD, 0x3170, 0x11DF, 0x3171, 0x111D, 0x3172, 0x111E, 0x3173, 0x1120,
    0x3174, 0x1122, 0x3175, 0x1123, 0x3176, 0x1127, 0x3177, 0x1129, 0x3178, 0x112B,
    0x3179, 0x112C, 0x317A, 0x112D, 0x317B, 0x112E, 0x317C, 0x112F, 0x317D, 0x1132,
    0x317E, 0x1136, 0x317F, 0x1140, 0x3180, 0x1147, 0x3181, 0x114C, 0x3182, 0x11F1,
    0x3183, 0x11F2, 0x3184, 0x1157, 0x3185, 0x1158, 0x3186, 0x1159, 0x3187, 0x1184,
    0x3188, 0x1185, 0x3189, 0x1188, 0x318A, 0x1191, 0x318B, 0x1192, 0x318C, 0x1194,
    0x318D, 0x119E, 0x318E, 0x11A1, 0x3192, 0x4E00, 0x3193, 0x4E8C, 0x3194, 0x4E09,
    0x3195, 0x56DB, 0x3196, 0x4E0A, 0x3197, 0x4E2D, 0x3198, 0x4E0B, 0x3199, 0x7532,
    0x319A, 0x4E59, 0x319B, 0x4E19, 0x319C, 0x4E01, 0x319D, 0x5929, 0x319E, 0x5730,
    0x319F, 0x4EBA, 0x3200, 0x28, 0x1100, 0x29, 0x3201, 0x28, 0x1102, 0x29,
    0x3202, 0x28, 0x1103, 0x29, 0x3203, 0x28, 0x1105, 0x29, 0x3204, 0x28,
    0x1106, 0x29, 0x3205, 0x28, 0x1107, 0x29, 0x3206, 0x28, 0x1109, 0x29,
    0x3207, 0x28, 0x110B, 0x29, 0x3208, 0x28, 0x110C, 0x29, 0x3209, 0x28,
    0x110E, 0x29, 0x320A, 0x28, 0x110F, 0x29, 0x320B, 0x28, 0x1110, 0x29,
    0x320C, 0x28, 0x1111, 0x29, 0x320D, 0x28, 0x1112, 0x29, 0x320E, 0x28,
    0x1100, 0x1161, 0x29, 0x320F, 0x28, 0x1102, 0x1161, 0x29, 0x3210, 0x28,
    0x1103, 0x1161, 0x29, 0x3211, 0x28, 0x1105, 0x1161, 0x29, 0x3212, 0x28,
    0x1106, 0x1161, 0x29, 0x3213, 0x28, 0x1107, 0x1161, 0x29, 0x3214, 0x28,
    0x1109, 0x1161, 0x29, 0x3215, 0x28, 0x110B, 0x1161, 0x29, 0x3216, 0x28,
    0x110C, 0x1161, 0x29, 0x3217, 0x28, 0x110E, 0x1161, 0x29, 0x3218, 0x28,
    0x110F, 0x1161, 0x29, 0x3219, 0x28, 0x1110, 0x1161, 0x29, 0x321A, 0x28,
    0x1111, 0x1161, 0x29, 0x321B, 0x28, 0x1112, 0x1161, 0x29, 0x321C, 0x28,
    0x110C, 0x116E, 0x29, 0x321D, 0x28, 0x110B, 0x1169, 0x110C, 0x1165, 0x11AB,
    0x29, 0x321E, 0x28, 0x110B, 0x1169, 0x1112, 0x116E, 0x29, 0x3220, 0x28,
    0x4E00, 0x29, 0x3221, 0x28, 0x4E8C, 0x29, 0x3222, 0x28, 0x4E09, 0x29,
    0x3223, 0x28, 0x56DB, 0x29, 0x3224, 0x28, 0x4E94, 0x29, 0x3225, 0x28,
    0x516D, 0x29, 0x3226, 0x28, 0x4E03, 0x29, 0x3227, 0x28, 0x516B, 0x29,
    0x3228, 0x28, 0x4E5D, 0x29, 0x3229, 0x28, 0x5341, 0x29, 0x322A, 0x28,
    0x6708, 0x29, 0x322B, 0x28, 0x706B, 0x29, 0x322C, 0x28, 0x6C34, 0x29,
    0x322D, 0x28, 0x6728, 0x29, 0x322E, 0x28, 0x91D1, 0x29, 0x322F, 0x28,
    0x571F, 0x29, 0x3230, 0x28, 0x65E5, 0x29, 0x3231, 0x28, 0x682A, 0x29,
    0x3232, 0x28, 0x6709, 0x29, 0x3233, 0x28, 0x793E, 0x29, 0x3234, 0x28,
    0x540D, 0x29, 0x3235, 0x28, 0x7279, 0x29, 0x3236, 0x28, 0x8CA1, 0x29,
    0x3237, 0x28, 0x795D, 0x29, 0x3238, 0x28, 0x52B4, 0x29, 0x3239, 0x28,
    0x4EE3, 0x29, 0x323A, 0x28, 0x547C, 0x29, 0x323B, 0x28, 0x5B66, 0x29,
    0x323C, 0x28, 0x76E3, 0x29, 0x323D, 0x28, 0x4F01, 0x29, 0x323E, 0x28,
    0x8CC7, 0x29, 0x323F, 0x28, 0x5354, 0x29, 0x3240, 0x28, 0x796D, 0x29,
    0x3241, 0x28, 0x4F11, 0x29, 0x3242, 0x28, 0x81EA, 0x29, 0x3243, 0x28,
    0x81F3, 0x29, 0x3244, 0x554F, 0x3245, 0x5E7C, 0x3246, 0x6587, 0x3247, 0x7B8F,
    0x3250, 0x50, 0x54, 0x45, 0x3251, 0x32, 0x31, 0x3252, 0x32, 0x32,
    0x3253, 0x32, 0x33, 0x3254, 0x32, 0x34, 0x3255, 0x32, 0x35, 0x3256,
    0x32, 0x36, 0x3257, 0x32, 0x37, 0x3258, 0x32, 0x38, 0x3259, 0x32,
    0x39, 0x325A, 0x33, 0x30, 0x325B, 0x33, 0x31, 0x325C, 0x33, 0x32,
    0x325D, 0x33, 0x33, 0x325E, 0x33, 0x34, 0x325F, 0x33, 0x35, 0x3260,
    0x1100, 0x3261, 0x1102, 0x3262, 0x1103, 0x3263, 0x1105, 0x3264, 0x1106, 0x3265,
    0x1107, 0x3266, 0x1109, 0x3267, 0x110B, 0x3268, 0x110C, 0x3269, 0x110E, 0x326A,
    0x110F, 0x326B, 0x1110, 0x326C, 0x1111, 0x326D, 0x1112, 0x326E, 0x1100, 0x1161,
    0x326F, 0x1102, 0x1161, 0x3270, 0x1103, 0x1161, 0x3271, 0x1105, 0x1161, 0x3272,
    0x1106, 0x1161, 0x3273, 0x1107, 0x1161, 0x3274, 0x1109, 0x1161, 0x3275, 0x110B,
    0x1161, 0x3276, 0x110C, 0x1161, 0x3277, 0x110E, 0x1161, 0x3278, 0x110F, 0x1161,
    0x3279, 0x1110, 0x1161, 0x327A, 0x1111, 0x1161, 0x327B, 0x1112, 0x1161, 0x327C,
    0x110E, 0x1161, 0x11B7, 0x1100, 0x1169, 0x327D, 0x110C, 0x116E, 0x110B, 0x1174,
    0x327E, 0x110B, 0x116E, 0x3280, 0x4E00, 0x3281, 0x4E8C, 0x3282, 0x4E09, 0x3283,
    0x56DB, 0x3284, 0x4E94, 0x3285, 0x516D, 0x3286, 0x4E03, 0x3287, 0x516B, 0x3288,
    0x4E5D, 0x3289, 0x5341, 0x328A, 0x6708, 0x328B, 0x706B, 0x328C, 0x6C34, 0x328D,
    0x6728, 0x328E, 0x91D1, 0x328F, 0x571F, 0x3290, 0x65E5, 0x3291, 0x682A, 0x3292,
    0x6709, 0x3293, 0x793E, 0x3294, 0x540D, 0x3295, 0x7279, 0x3296, 0x8CA1, 0x3297,
    0x795D, 0x3298, 0x52B4, 0x3299, 0x79D8, 0x329A, 0x7537, 0x329B, 0x5973, 0x329C,
    0x9069, 0x329D, 0x512A, 0x329E, 0x5370, 0x329F, 0x6CE8, 0x32A0, 0x9805, 0x32A1,
    0x4F11, 0x32A2, 0x5199, 0x32A3, 0x6B63, 0x32A4, 0x4E0A, 0x32A5, 0x4E2D, 0x32A6,
    0x4E0B, 0x32A7, 0x5DE6, 0x32A8, 0x53F3, 0x32A9, 0x533B, 0x32AA, 0x5B97, 0x32AB,
    0x5B66, 0x32AC, 0x76E3, 0x32AD, 0x4F01, 0x32AE, 0x8CC7, 0x32AF, 0x5354, 0x32B0,
    0x591C, 0x32B1, 0x33, 0x36, 0x32B2, 0x33, 0x37, 0x32B3, 0x33, 0x38,
    0x32B4, 0x33, 0x39, 0x32B5, 0x34, 0x30, 0x32B6, 0x34, 0x31, 0x32B7,
    0x34, 0x32, 0x32B8, 0x34, 0x33, 0x32B9, 0x34, 0x34, 0x32BA, 0x34,
    0x35, 0x32BB, 0x34, 0x36, 0x32BC, 0x34, 0x37, 0x32BD, 0x34, 0x38,
    0x32BE, 0x34, 0x39, 0x32BF, 0x35, 0x30, 0x32C0, 0x31, 0x6708, 0x32C1,
    0x32, 0x6708, 0x32C2, 0x33, 0x6708, 0x32C3, 0x34, 0x6708, 0x32C4, 0x35,
    0x6708, 0x32C5, 0x36, 0x6708, 0x32C6, 0x37, 0x6708, 0x32C7, 0x38, 0x6708,
    0x32C8, 0x39, 0x6708, 0x32C9, 0x31, 0x30, 0x6708, 0x32CA, 0x31, 0x31,
    0x6708, 0x32CB, 0x31, 0x32, 0x6708, 0x32CC, 0x48, 0x67, 0x32CD, 0x65,
    0x72, 0x67, 0x32CE, 0x65, 0x56, 0x32CF, 0x4C, 0x54, 0x44, 0x32D0,
    0x30A2, 0x32D1, 0x30A4, 0x32D2, 0x30A6, 0x32D3, 0x30A8, 0x32D4, 0x30AA, 0x32D5,
    0x30AB, 0x32D6, 0x30AD, 0x32D7, 0x30AF, 0x32D8, 0x30B1, 0x32D9, 0x30B3, 0x32DA,
    0x30B5, 0x32DB, 0x30B7, 0x32DC, 0x30B9, 0x32DD, 0x30BB, 0x32DE, 0x30BD, 0x32DF,
    0x30BF, 0x32E0, 0x30C1, 0x32E1, 0x30C4, 0x32E2, 0x30C6, 0x32E3, 0x30C8, 0x32E4,
    0x30CA, 0x32E5, 0x30CB, 0x32E6, 0x30CC, 0x32E7, 0x30CD, 0x32E8, 0x30CE, 0x32E9,
    0x30CF, 0x32EA, 0x30D2, 0x32EB, 0x30D5, 0x32EC, 0x30D8, 0x32ED, 0x30DB, 0x32EE,
    0x30DE, 0x32EF, 0x30DF, 0x32F0, 0x30E0, 0x32F1, 0x30E1, 0x32F2, 0x30E2, 0x32F3,
    0x30E4, 0x32F4, 0x30E6, 0x32F5, 0x30E8, 0x32F6, 0x30E9, 0x32F7, 0x30EA, 0x32F8,
    0x30EB, 0x32F9, 0x30EC, 0x32FA, 0x30ED, 0x32FB, 0x30EF, 0x32FC, 0x30F0, 0x32FD,
    0x30F1, 0x32FE, 0x30F2, 0x32FF, 0x4EE4, 0x548C, 0x3300, 0x30A2, 0x30CF, 0x309A,
    0x30FC, 0x30C8, 0x3301, 0x30A2, 0x30EB, 0x30D5, 0x30A1, 0x3302, 0x30A2, 0x30F3,
    0x30D8, 0x309A, 0x30A2, 0x3303, 0x30A2, 0x30FC, 0x30EB, 0x3304, 0x30A4, 0x30CB,
    0x30F3, 0x30AF, 0x3099, 0x3305, 0x30A4, 0x30F3, 0x30C1, 0x3306, 0x30A6, 0x30A9,
    0x30F3, 0x3307, 0x30A8, 0x30B9, 0x30AF, 0x30FC, 0x30C8, 0x3099, 0x3308, 0x30A8,
    0x30FC, 0x30AB, 0x30FC, 0x3309, 0x30AA, 0x30F3, 0x30B9, 0x330A, 0x30AA, 0x30FC,
    0x30E0, 0x330B, 0x30AB, 0x30A4, 0x30EA, 0x330C, 0x30AB, 0x30E9, 0x30C3, 0x30C8,
    0x330D, 0x30AB, 0x30ED, 0x30EA, 0x30FC, 0x330E, 0x30AB, 0x3099, 0x30ED, 0x30F3,
    0x330F, 0x30AB, 0x3099, 0x30F3, 0x30DE, 0x3310, 0x30AD, 0x3099, 0x30AB, 0x3099,
    0x3311, 0x30AD, 0x3099, 0x30CB, 0x30FC, 0x3312, 0x30AD, 0x30E5, 0x30EA, 0x30FC,
    0x3313, 0x30AD, 0x3099, 0x30EB, 0x30BF, 0x3099, 0x30FC, 0x3314, 0x30AD, 0x30ED,
    0x3315, 0x30AD, 0x30ED, 0x30AF, 0x3099, 0x30E9, 0x30E0, 0x3316, 0x30AD, 0x30ED,
    0x30E1, 0x30FC, 0x30C8, 0x30EB, 0x3317, 0x30AD, 0x30ED, 0x30EF, 0x30C3, 0x30C8,
    0x3318, 0x30AF, 0x3099, 0x30E9, 0x30E0, 0x3319, 0x30AF, 0x3099, 0x30E9, 0x30E0,
    0x30C8, 0x30F3, 0x331A, 0x30AF, 0x30EB, 0x30BB, 0x3099, 0x30A4, 0x30ED, 0x331B,
    0x30AF, 0x30ED, 0x30FC, 0x30CD, 0x331C, 0x30B1, 0x30FC, 0x30B9, 0x331D, 0x30B3,
    0x30EB, 0x30CA, 0x331E, 0x30B3, 0x30FC, 0x30DB, 0x309A, 0x331F, 0x30B5, 0x30A4,
    0x30AF, 0x30EB, 0x3320, 0x30B5, 0x30F3, 0x30C1, 0x30FC, 0x30E0, 0x3321, 0x30B7,
    0x30EA, 0x30F3, 0x30AF, 0x3099, 0x3322, 0x30BB, 0x30F3, 0x30C1, 0x3323, 0x30BB,
    0x30F3, 0x30C8, 0x3324, 0x30BF, 0x3099, 0x30FC, 0x30B9, 0x3325, 0x30C6, 0x3099,
    0x30B7, 0x3326, 0x30C8, 0x3099, 0x30EB, 0x3327, 0x30C8, 0x30F3, 0x3328, 0x30CA,
    0x30CE, 0x3329, 0x30CE, 0x30C3, 0x30C8, 0x332A, 0x30CF, 0x30A4, 0x30C4, 0x332B,
    0x30CF, 0x309A, 0x30FC, 0x30BB, 0x30F3, 0x30C8, 0x332C, 0x30CF, 0x309A, 0x30FC,
    0x30C4, 0x332D, 0x30CF, 0x3099, 0x30FC, 0x30EC, 0x30EB, 0x332E, 0x30D2, 0x309A,
    0x30A2, 0x30B9, 0x30C8, 0x30EB, 0x332F, 0x30D2, 0x309A, 0x30AF, 0x30EB, 0x3330,
    0x30D2, 0x309A, 0x30B3, 0x3331, 0x30D2, 0x3099, 0x30EB, 0x3332, 0x30D5, 0x30A1,
    0x30E9, 0x30C3, 0x30C8, 0x3099, 0x3333, 0x30D5, 0x30A3, 0x30FC, 0x30C8, 0x3334,
    0x30D5, 0x3099, 0x30C3, 0x30B7, 0x30A7, 0x30EB, 0x3335, 0x30D5, 0x30E9, 0x30F3,
    0x3336, 0x30D8, 0x30AF, 0x30BF, 0x30FC, 0x30EB, 0x3337, 0x30D8, 0x309A, 0x30BD,
    0x3338, 0x30D8, 0x309A, 0x30CB, 0x30D2, 0x3339, 0x30D8, 0x30EB, 0x30C4, 0x333A,
    0x30D8, 0x309A, 0x30F3, 0x30B9, 0x333B, 0x30D8, 0x309A, 0x30FC, 0x30B7, 0x3099,
    0x333C, 0x30D8, 0x3099, 0x30FC, 0x30BF, 0x333D, 0x30DB, 0x309A, 0x30A4, 0x30F3,
    0x30C8, 0x333E, 0x30DB, 0x3099, 0x30EB, 0x30C8, 0x333F, 0x30DB, 0x30F3, 0x3340,
    0x30DB, 0x309A, 0x30F3, 0x30C8, 0x3099, 0x3341, 0x30DB, 0x30FC, 0x30EB, 0x3342,
    0x30DB, 0x30FC, 0x30F3, 0x3343, 0x30DE, 0x30A4, 0x30AF, 0x30ED, 0x3344, 0x30DE,
    0x30A4, 0x30EB, 0x3345, 0x30DE, 0x30C3, 0x30CF, 0x3346, 0x30DE, 0x30EB, 0x30AF,
    0x3347, 0x30DE, 0x30F3, 0x30B7, 0x30E7, 0x30F3, 0x3348, 0x30DF, 0x30AF, 0x30ED,
    0x30F3, 0x3349, 0x30DF, 0x30EA, 0x334A, 0x30DF, 0x30EA, 0x30CF, 0x3099, 0x30FC,
    0x30EB, 0x334B, 0x30E1, 0x30AB, 0x3099, 0x334C, 0x30E1, 0x30AB, 0x3099, 0x30C8,
    0x30F3, 0x334D, 0x30E1, 0x30FC, 0x30C8, 0x30EB, 0x334E, 0x30E4, 0x30FC, 0x30C8,
    0x3099, 0x334F, 0x30E4, 0x30FC, 0x30EB, 0x3350, 0x30E6, 0x30A2, 0x30F3, 0x3351,
    0x30EA, 0x30C3, 0x30C8, 0x30EB, 0x3352, 0x30EA, 0x30E9, 0x3353, 0x30EB, 0x30D2,
    0x309A, 0x30FC, 0x3354, 0x30EB, 0x30FC, 0x30D5, 0x3099, 0x30EB, 0x3355, 0x30EC,
    0x30E0, 0x3356, 0x30EC, 0x30F3, 0x30C8, 0x30B1, 0x3099, 0x30F3, 0x3357, 0x30EF,
    0x30C3, 0x30C8, 0x3358, 0x30, 0x70B9, 0x3359, 0x31, 0x70B9, 0x335A, 0x32,
    0x70B9, 0x335B, 0x33, 0x70B9, 0x335C, 0x34, 0x70B9, 0x335D, 0x35, 0x70B9,
    0x335E, 0x36, 0x70B9, 0x335F, 0x37, 0x70B9, 0x3360, 0x38, 0x70B9, 0x3361,
    0x39, 0x70B9, 0x3362, 0x31, 0x30, 0x70B9, 0x3363, 0x31, 0x31, 0x70B9,
    0x3364, 0x31, 0x32, 0x70B9, 0x3365, 0x31, 0x33, 0x70B9, 0x3366, 0x31,
    0x34, 0x70B9, 0x3367, 0x31, 0x35, 0x70B9, 0x3368, 0x31, 0x36, 0x70B9,
    0x3369, 0x31, 0x37, 0x70B9, 0x336A, 0x31, 0x38, 0x70B9, 0x336B, 0x31,
    0x39, 0x70B9, 0x336C, 0x32, 0x30, 0x70B9, 0x336D, 0x32, 0x31, 0x70B9,
    0x336E, 0x32, 0x32, 0x70B9, 0x336F, 0x32, 0x33, 0x70B9, 0x3370, 0x32,
    0x34, 0x70B9, 0x3371, 0x68, 0x50, 0x61, 0x3372, 0x64, 0x61, 0x3373,
    0x41, 0x55, 0x3374, 0x62, 0x61, 0x72, 0x3375, 0x6F, 0x56, 0x3376,
    0x70, 0x63, 0x3377, 0x64, 0x6D, 0x3378, 0x64, 0x6D, 0x32, 0x3379,
    0x64, 0x6D, 0x33, 0x337A, 0x49, 0x55, 0x337B, 0x5E73, 0x6210, 0x337C,
    0x662D, 0x548C, 0x337D, 0x5927, 0x6B63, 0x337E, 0x660E, 0x6CBB, 0x337F, 0x682A,
    0x5F0F, 0x4F1A, 0x793E, 0x3380, 0x70, 0x41, 0x3381, 0x6E, 0x41, 0x3382,
    0x3BC, 0x41, 0x3383, 0x6D, 0x41, 0x3384, 0x6B, 0x41, 0x3385, 0x4B,
    0x42, 0x3386, 0x4D, 0x42, 0x3387, 0x47, 0x42, 0x3388, 0x63, 0x61,
    0x6C, 0x3389, 0x6B, 0x63, 0x61, 0x6C, 0x338A, 0x70, 0x46, 0x338B,
    0x6E, 0x46, 0x338C, 0x3BC, 0x46, 0x338D, 0x3BC, 0x67, 0x338E, 0x6D,
    0x67, 0x338F, 0x6B, 0x67, 0x3390, 0x48, 0x7A, 0x3391, 0x6B, 0x48,
    0x7A, 0x3392, 0x4D, 0x48, 0x7A, 0x3393, 0x47, 0x48, 0x7A, 0x3394,
    0x54, 0x48, 0x7A, 0x3395, 0x3BC, 0x6C, 0x3396, 0x6D, 0x6C, 0x3397,
    0x64, 0x6C, 0x3398, 0x6B, 0x6C, 0x3399, 0x66, 0x6D, 0x339A, 0x6E,
    0x6D, 0x339B, 0x3BC, 0x6D, 0x339C, 0x6D, 0x6D, 0x339D, 0x63, 0x6D,
    0x339E, 0x6B, 0x6D, 0x339F, 0x6D, 0x6D, 0x32, 0x33A0, 0x63, 0x6D,
    0x32, 0x33A1, 0x6D, 0x32, 0x33A2, 0x6B, 0x6D, 0x32, 0x33A3, 0x6D,
    0x6D, 0x33, 0x33A4, 0x63, 0x6D, 0x33, 0x33A5, 0x6D, 0x33, 0x33A6,
    0x6B, 0x6D, 0x33, 0x33A7, 0x6D, 0x2215, 0x73, 0x33A8, 0x6D, 0x2215,
    0x73, 0x32, 0x33A9, 0x50, 0x61, 0x33AA, 0x6B, 0x50, 0x61, 0x33AB,
    0x4D, 0x50, 0x61, 0x33AC, 0x47, 0x50, 0x61, 0x33AD, 0x72, 0x61,
    0x64, 0x33AE, 0x72, 0x61, 0x64, 0x2215, 0x73, 0x33AF, 0x72, 0x61,
    0x64, 0x2215, 0x73, 0x32, 0x33B0, 0x70, 0x73, 0x33B1, 0x6E, 0x73,
    0x33B2, 0x3BC, 0x73, 0x33B3, 0x6D, 0x73, 0x33B4, 0x70, 0x56, 0x33B5,
    0x6E, 0x56, 0x33B6, 0x3BC, 0x56, 0x33B7, 0x6D, 0x56, 0x33B8, 0x6B,
    0x56, 0x33B9, 0x4D, 0x56, 0x33BA, 0x70, 0x57, 0x33BB, 0x6E, 0x57,
    0x33BC, 0x3BC, 0x57, 0x33BD, 0x6D, 0x57, 0x33BE, 0x6B, 0x57, 0x33BF,
    0x4D, 0x57, 0x33C0, 0x6B, 0x3A9, 0x33C1, 0x4D, 0x3A9, 0x33C2, 0x61,
    0x2E, 0x6D, 0x2E, 0x33C3, 0x42, 0x71, 0x33C4, 0x63, 0x63, 0x33C5,
    0x63, 0x64, 0x33C6, 0x43, 0x2215, 0x6B, 0x67, 0x33C7, 0x43, 0x6F,
    0x2E, 0x33C8, 0x64, 0x42, 0x33C9, 0x47, 0x79, 0x33CA, 0x68, 0x61,
    0x33CB, 0x48, 0x50, 0x33CC, 0x69, 0x6E, 0x33CD, 0x4B, 0x4B, 0x33CE,
    0x4B, 0x4D, 0x33CF, 0x6B, 0x74, 0x33D0, 0x6C, 0x6D, 0x33D1, 0x6C,
    0x6E, 0x33D2, 0x6C, 0x6F, 0x67, 0x33D3, 0x6C, 0x78, 0x33D4, 0x6D,
    0x62, 0x33D5, 0x6D, 0x69, 0x6C, 0x33D6, 0x6D, 0x6F, 0x6C, 0x33D7,
    0x50, 0x48, 0x33D8, 0x70, 0x2E, 0x6D, 0x2E, 0x33D9, 0x50, 0x50,
    0x4D, 0x33DA, 0x50, 0x52, 0x33DB, 0x73, 0x72, 0x33DC, 0x53, 0x76,
    0x33DD, 0x57, 0x62, 0x33DE, 0x56, 0x2215, 0x6D, 0x33DF, 0x41, 0x2215,
    0x6D, 0x33E0, 0x31, 0x65E5, 0x33E1, 0x32, 0x65E5, 0x33E2, 0x33, 0x65E5,
    0x33E3, 0x34, 0x65E5, 0x33E4, 0x35, 0x65E5, 0x33E5, 0x36, 0x65E5, 0x33E6,
    0x37, 0x65E5, 0x33E7, 0x38, 0x65E5, 0x33E8, 0x39, 0x65E5, 0x33E9, 0x31,
    0x30, 0x65E5, 0x33EA, 0x31, 0x31, 0x65E5, 0x33EB, 0x31, 0x32, 0x65E5,
    0x33EC, 0x31, 0x33, 0x65E5, 0x33ED, 0x31, 0x34, 0x65E5, 0x33EE, 0x31,
    0x35, 0x65E5, 0x33EF, 0x31, 0x36, 0x65E5, 0x33F0, 0x31, 0x37, 0x65E5,
    0x33F1, 0x31, 0x38, 0x65E5, 0x33F2, 0x31, 0x39, 0x65E5, 0x33F3, 0x32,
    0x30, 0x65E5, 0x33F4, 0x32, 0x31, 0x65E5, 0x33F5, 0x32, 0x32, 0x65E5,
    0x33F6, 0x32, 0x33, 0x65E5, 0x33F7, 0x32, 0x34, 0x65E5, 0x33F8, 0x32,
    0x35, 0x65E5, 0x33F9, 0x32, 0x36, 0x65E5, 0x33FA, 0x32, 0x37, 0x65E5,
    0x33FB, 0x32, 0x38, 0x65E5, 0x33FC, 0x32, 0x39, 0x65E5, 0x33FD, 0x33,
    0x30, 0x65E5, 0x33FE, 0x33, 0x31, 0x65E5, 0x33FF, 0x67, 0x61, 0x6C,
    0xA69C, 0x44A, 0xA69D, 0x44C, 0xA770, 0xA76F, 0xA7F1, 0x53, 0xA7F2, 0x43,
    0xA7F3, 0x46, 0xA7F4, 0x51, 0xA7F8, 0x126, 0xA7F9, 0x153, 0xAB5C, 0xA727,
    0xAB5D, 0xAB37, 0xAB5E, 0x26B, 0xAB5F, 0xAB52, 0xAB69, 0x28D, 0x8C48, 0x66F4,
    0x8ECA, 0x8CC8, 0x6ED1, 0x4E32, 0x53E5, 0x9F9C, 0x9F9C, 0x5951, 0x91D1, 0x5587,
    0x5948, 0x61F6, 0x7669, 0x7F85, 0x863F, 0x87BA, 0x88F8, 0x908F, 0x6A02, 0x6D1B,
    0x70D9, 0x73DE, 0x843D, 0x916A, 0x99F1, 0x4E82, 0x5375, 0x6B04, 0x721B, 0x862D,
    0x9E1E, 0x5D50, 0x6FEB, 0x85CD, 0x8964, 0x62C9, 0x81D8, 0x881F, 0x5ECA, 0x6717,
    0x6D6A, 0x72FC, 0x90CE, 0x4F86, 0x51B7, 0x52DE, 0x64C4, 0x6AD3, 0x7210, 0x76E7,
    0x8001, 0x8606, 0x865C, 0x8DEF, 0x9732, 0x9B6F, 0x9DFA, 0x788C, 0x797F, 0x7DA0,
    0x83C9, 0x9304, 0x9E7F, 0x8AD6, 0x58DF, 0x5F04, 0x7C60, 0x807E, 0x7262, 0x78CA,
    0x8CC2, 0x96F7, 0x58D8, 0x5C62, 0x6A13, 0x6DDA, 0x6F0F, 0x7D2F, 0x7E37, 0x964B,
    0x52D2, 0x808B, 0x51DC, 0x51CC, 0x7A1C, 0x7DBE, 0x83F1, 0x9675, 0x8B80, 0x62CF,
    0x6A02, 0x8AFE, 0x4E39, 0x5BE7, 0x6012, 0x7387, 0x7570, 0x5317, 0x78FB, 0x4FBF,
    0x5FA9, 0x4E0D, 0x6CCC, 0x6578, 0x7D22, 0x53C3, 0x585E, 0x7701, 0x8449, 0x8AAA,
    0x6BBA, 0x8FB0, 0x6C88, 0x62FE, 0x82E5, 0x63A0, 0x7565, 0x4EAE, 0x5169, 0x51C9,
    0x6881, 0x7CE7, 0x826F, 0x8AD2, 0x91CF, 0x52F5, 0x5442, 0x5973, 0x5EEC, 0x65C5,
    0x6FFE, 0x792A, 0x95AD, 0x9A6A, 0x9E97, 0x9ECE, 0x529B, 0x66C6, 0x6B77, 0x8F62,
    0x5E74, 0x6190, 0x6200, 0x649A, 0x6F23, 0x7149, 0x7489, 0x79CA, 0x7DF4, 0x806F,
    0x8F26, 0x84EE, 0x9023, 0x934A, 0x5217, 0x52A3, 0x54BD, 0x70C8, 0x88C2, 0x8AAA,
    0x5EC9, 0x5FF5, 0x637B, 0x6BAE, 0x7C3E, 0x7375, 0x4EE4, 0x56F9, 0x5BE7, 0x5DBA,
    0x601C, 0x73B2, 0x7469, 0x7F9A, 0x8046, 0x9234, 0x96F6, 0x9748, 0x9818, 0x4F8B,
    0x79AE, 0x91B4, 0x96B8, 0x60E1, 0x4E86, 0x50DA, 0x5BEE, 0x5C3F, 0x6599, 0x6A02,
    0x71CE, 0x7642, 0x84FC, 0x907C, 0x9F8D, 0x6688, 0x962E, 0x5289, 0x677B, 0x67F3,
    0x6D41, 0x6E9C, 0x7409, 0x7559, 0x786B, 0x7D10, 0x985E, 0x516D, 0x622E, 0x9678,
    0x502B, 0x5D19, 0x6DEA, 0x8F2A, 0x5F8B, 0x6144, 0x6817, 0x7387, 0x9686, 0x5229,
    0x540F, 0x5C65, 0x6613, 0x674E, 0x68A8, 0x6CE5, 0x7406, 0x75E2, 0x7F79, 0x88CF,
    0x88E1, 0x91CC, 0x96E2, 0x533F, 0x6EBA, 0x541D, 0x71D0, 0x7498, 0x85FA, 0x96A3,
    0x9C57, 0x9E9F, 0x6797, 0x6DCB, 0x81E8, 0x7ACB, 0x7B20, 0x7C92, 0x72C0, 0x7099,
    0x8B58, 0x4EC0, 0x8336, 0x523A, 0x5207, 0x5EA6, 0x62D3, 0x7CD6, 0x5B85, 0x6D1E,
    0x66B4, 0x8F3B, 0x884C, 0x964D, 0x898B, 0x5ED3, 0x5140, 0x55C0, 0x585A, 0x6674,
    0x51DE, 0x732A, 0x76CA, 0x793C, 0x795E, 0x7965, 0x798F, 0x9756, 0x7CBE, 0x7FBD,
    0x8612, 0x8AF8, 0x9038, 0x90FD, 0x98EF, 0x98FC, 0x9928, 0x9DB4, 0x90DE, 0x96B7,
    0x4FAE, 0x50E7, 0x514D, 0x52C9, 0x52E4, 0x5351, 0x559D, 0x5606, 0x5668, 0x5840,
    0x58A8, 0x5C64, 0x5C6E, 0x6094, 0x6168, 0x618E, 0x61F2, 0x654F, 0x65E2, 0x6691,
    0x6885, 0x6D77, 0x6E1A, 0x6F22, 0x716E, 0x722B, 0x7422, 0x7891, 0x793E, 0x7949,
    0x7948, 0x7950, 0x7956, 0x795D, 0x798D, 0x798E, 0x7A40, 0x7A81, 0x7BC0, 0x7DF4,
    0x7E09, 0x7E41, 0x7F72, 0x8005, 0x81ED, 0x8279, 0x8279, 0x8457, 0x8910, 0x8996,
    0x8B01, 0x8B39, 0x8CD3, 0x8D08, 0x8FB6, 0x9038, 0x96E3, 0x97FF, 0x983B, 0x6075,
    0x242EE, 0x8218, 0x4E26, 0x51B5, 0x5168, 0x4F80, 0x5145, 0x5180, 0x52C7, 0x52FA,
    0x559D, 0x5555, 0x5599, 0x55E2, 0x585A, 0x58B3, 0x5944, 0x5954, 0x5A62, 0x5B28,
    0x5ED2, 0x5ED9, 0x5F69, 0x5FAD, 0x60D8, 0x614E, 0x6108, 0x618E, 0x6160, 0x61F2,
    0x6234, 0x63C4, 0x641C, 0x6452, 0x6556, 0x6674, 0x6717, 0x671B, 0x6756, 0x6B79,
    0x6BBA, 0x6D41, 0x6EDB, 0x6ECB, 0x6F22, 0x701E, 0x716E, 0x77A7, 0x7235, 0x72AF,
    0x732A, 0x7471, 0x7506, 0x753B, 0x761D, 0x761F, 0x76CA, 0x76DB, 0x76F4, 0x774A,
    0x7740, 0x78CC, 0x7AB1, 0x7BC0, 0x7C7B, 0x7D5B, 0x7DF4, 0x7F3E, 0x8005, 0x8352,
    0x83EF, 0x8779, 0x8941, 0x8986, 0x8996, 0x8ABF, 0x8AF8, 0x8ACB, 0x8B01, 0x8AFE,
    0x8AED, 0x8B39, 0x8B8A, 0x8D08, 0x8F38, 0x9072, 0x9199, 0x9276, 0x967C, 0x96E3,
    0x9756, 0x97DB, 0x97FF, 0x980B, 0x983B, 0x9B12, 0x9F9C, 0x2284A, 0x22844, 0x233D5,
    0x3B9D, 0x4018, 0x4039, 0x25249, 0x25CD0, 0x27ED3, 0x9F43, 0x9F8E, 0xFB00, 0x66,
    0x66, 0xFB01, 0x66, 0x69, 0xFB02, 0x66, 0x6C, 0xFB03, 0x66, 0x66,
    0x69, 0xFB04, 0x66, 0x66, 0x6C, 0xFB05, 0x73, 0x74, 0xFB06, 0x73,
    0x74, 0xFB13, 0x574, 0x576, 0xFB14, 0x574, 0x565, 0xFB15, 0x574, 0x56B,
    0xFB16, 0x57E, 0x576, 0xFB17, 0x574, 0x56D, 0x5D9, 0x5B4, 0x5F2, 0x5B7,
    0xFB20, 0x5E2, 0xFB21, 0x5D0, 0xFB22, 0x5D3, 0xFB23, 0x5D4, 0xFB24, 0x5DB,
    0xFB25, 0x5DC, 0xFB26, 0x5DD, 0xFB27, 0x5E8, 0xFB28, 0x5EA, 0xFB29, 0x2B,
    0x5E9, 0x5C1, 0x5E9, 0x5C2, 0x5E9, 0x5BC, 0x5C1, 0x5E9, 0x5BC, 0x5C2,
    0x5D0, 0x5B7, 0x5D0, 0x5B8, 0x5D0, 0x5BC, 0x5D1, 0x5BC, 0x5D2, 0x5BC,
    0x5D3, 0x5BC, 0x5D4, 0x5BC, 0x5D5, 0x5BC, 0x5D6, 0x5BC, 0x5D8, 0x5BC,
    0x5D9, 0x5BC, 0x5DA, 0x5BC, 0x5DB, 0x5BC, 0x5DC, 0x5BC, 0x5DE, 0x5BC,
    0x5E0, 0x5BC, 0x5E1, 0x5BC, 0x5E3, 0x5BC, 0x5E4, 0x5BC, 0x5E6, 0x5BC,
    0x5E7, 0x5BC, 0x5E8, 0x5BC, 0x5E9, 0x5BC, 0x5EA, 0x5BC, 0x5D5, 0x5B9,
    0x5D1, 0x5BF, 0x5DB, 0x5BF, 0x5E4, 0x5BF, 0xFB4F, 0x5D0, 0x5DC, 0xFB50,
    0x671, 0xFB51, 0x671, 0xFB52, 0x67B, 0xFB53, 0x67B, 0xFB54, 0x67B, 0xFB55,
    0x67B, 0xFB56, 0x67E, 0xFB57, 0x67E, 0xFB58, 0x67E, 0xFB59, 0x67E, 0xFB5A,
    0x680, 0xFB5B, 0x680, 0xFB5C, 0x680, 0xFB5D, 0x680, 0xFB5E, 0x67A, 0xFB5F,
    0x67A, 0xFB60, 0x67A, 0xFB61, 0x67A, 0xFB62, 0x67F, 0xFB63, 0x67F, 0xFB64,
    0x67F, 0xFB65, 0x67F, 0xFB66, 0x679, 0xFB67, 0x679, 0xFB68, 0x679, 0xFB69,
    0x679, 0xFB6A, 0x6A4, 0xFB6B, 0x6A4, 0xFB6C, 0x6A4, 0xFB6D, 0x6A4, 0xFB6E,
    0x6A6, 0xFB6F, 0x6A6, 0xFB70, 0x6A6, 0xFB71, 0x6A6, 0xFB72, 0x684, 0xFB73,
    0x684, 0xFB74, 0x684, 0xFB75, 0x684, 0xFB76, 0x683, 0xFB77, 0x683, 0xFB78,
    0x683, 0xFB79, 0x683, 0xFB7A, 0x686, 0xFB7B, 0x686, 0xFB7C, 0x686, 0xFB7D,
    0x686, 0xFB7E, 0x687, 0xFB7F, 0x687, 0xFB80, 0x687, 0xFB81, 0x687, 0xFB82,
    0x68D, 0xFB83, 0x68D, 0xFB84, 0x68C, 0xFB85, 0x68C, 0xFB86, 0x68E, 0xFB87,
    0x68E, 0xFB88, 0x688, 0xFB89, 0x688, 0xFB8A, 0x698, 0xFB8B, 0x698, 0xFB8C,
    0x691, 0xFB8D, 0x691, 0xFB8E, 0x6A9, 0xFB8F, 0x6A9, 0xFB90, 0x6A9, 0xFB91,
    0x6A9, 0xFB92, 0x6AF, 0xFB93, 0x6AF, 0xFB94, 0x6AF, 0xFB95, 0x6AF, 0xFB96,
    0x6B3, 0xFB97, 0x6B3, 0xFB98, 0x6B3, 0xFB99, 0x6B3, 0xFB9A, 0x6B1, 0xFB9B,
    0x6B1, 0xFB9C, 0x6B1, 0xFB9D, 0x6B1, 0xFB9E, 0x6BA, 0xFB9F, 0x6BA, 0xFBA0,
    0x6BB, 0xFBA1, 0x6BB, 0xFBA2, 0x6BB, 0xFBA3, 0x6BB, 0xFBA4, 0x6D5, 0x654,
    0xFBA5, 0x6D5, 0x654, 0xFBA6, 0x6C1, 0xFBA7, 0x6C1, 0xFBA8, 0x6C1, 0xFBA9,
    0x6C1, 0xFBAA, 0x6BE, 0xFBAB, 0x6BE, 0xFBAC, 0x6BE, 0xFBAD, 0x6BE, 0xFBAE,
    0x6D2, 0xFBAF, 0x6D2, 0xFBB0, 0x6D2, 0x654, 0xFBB1, 0x6D2, 0x654, 0xFBD3,
    0x6AD, 0xFBD4, 0x6AD, 0xFBD5, 0x6AD, 0xFBD6, 0x6AD, 0xFBD7, 0x6C7, 0xFBD8,
    0x6C7, 0xFBD9, 0x6C6, 0xFBDA, 0x6C6, 0xFBDB, 0x6C8, 0xFBDC, 0x6C8, 0xFBDD,
    0x6C7, 0x674, 0xFBDE, 0x6CB, 0xFBDF, 0x6CB, 0xFBE0, 0x6C5, 0xFBE1, 0x6C5,
    0xFBE2, 0x6C9, 0xFBE3, 0x6C9, 0xFBE4, 0x6D0, 0xFBE5, 0x6D0, 0xFBE6, 0x6D0,
    0xFBE7, 0x6D0, 0xFBE8, 0x649, 0xFBE9, 0x649, 0xFBEA, 0x64A, 0x654, 0x627,
    0xFBEB, 0x64A, 0x654, 0x627, 0xFBEC, 0x64A, 0x654, 0x6D5, 0xFBED, 0x64A,
    0x654, 0x6D5, 0xFBEE, 0x64A, 0x654, 0x648, 0xFBEF, 0x64A, 0x654, 0x648,
    0xFBF0, 0x64A, 0x654, 0x6C7, 0xFBF1, 0x64A, 0x654, 0x6C7, 0xFBF2, 0x64A,
    0x654, 0x6C6, 0xFBF3, 0x64A, 0x654, 0x6C6, 0xFBF4, 0x64A, 0x654, 0x6C8,
    0xFBF5, 0x64A, 0x654, 0x6C8, 0xFBF6, 0x64A, 0x654, 0x6D0, 0xFBF7, 0x64A,
    0x654, 0x6D0, 0xFBF8, 0x64A, 0x654, 0x6D0, 0xFBF9, 0x64A, 0x654, 0x649,
    0xFBFA, 0x64A, 0x654, 0x649, 0xFBFB, 0x64A, 0x654, 0x649, 0xFBFC, 0x6CC,
    0xFBFD, 0x6CC, 0xFBFE, 0x6CC, 0xFBFF, 0x6CC, 0xFC00, 0x64A, 0x654, 0x62C,
    0xFC01, 0x64A, 0x654, 0x62D, 0xFC02, 0x64A, 0x654, 0x645, 0xFC03, 0x64A,
    0x654, 0x649, 0xFC04, 0x64A, 0x654, 0x64A, 0xFC05, 0x628, 0x62C, 0xFC06,
    0x628, 0x62D, 0xFC07, 0x628, 0x62E, 0xFC08, 0x628, 0x645, 0xFC09, 0x628,
    0x649, 0xFC0A, 0x628, 0x64A, 0xFC0B, 0x62A, 0x62C, 0xFC0C, 0x62A, 0x62D,
    0xFC0D, 0x62A, 0x62E, 0xFC0E, 0x62A, 0x645, 0xFC0F, 0x62A, 0x649, 0xFC10,
    0x62A, 0x64A, 0xFC11, 0x62B, 0x62C, 0xFC12, 0x62B, 0x645, 0xFC13, 0x62B,
    0x649, 0xFC14, 0x62B, 0x64A, 0xFC15, 0x62C, 0x62D, 0xFC16, 0x62C, 0x645,
    0xFC17, 0x62D, 0x62C, 0xFC18, 0x62D, 0x645, 0xFC19, 0x62E, 0x62C, 0xFC1A,
    0x62E, 0x62D, 0xFC1B, 0x62E, 0x645, 0xFC1C, 0x633, 0x62C, 0xFC1D, 0x633,
    0x62D, 0xFC1E, 0x633, 0x62E, 0xFC1F, 0x633, 0x645, 0xFC20, 0x635, 0x62D,
    0xFC21, 0x635, 0x645, 0xFC22, 0x636, 0x62C, 0xFC23, 0x636, 0x62D, 0xFC24,
    0x636, 0x62E, 0xFC25, 0x636, 0x645, 0xFC26, 0x637, 0x62D, 0xFC27, 0x637,
    0x645, 0xFC28, 0x638, 0x645, 0xFC29, 0x639, 0x62C, 0xFC2A, 0x639, 0x645,
    0xFC2B, 0x63A, 0x62C, 0xFC2C, 0x63A, 0x645, 0xFC2D, 0x641, 0x62C, 0xFC2E,
    0x641, 0x62D, 0xFC2F, 0x641, 0x62E, 0xFC30, 0x641, 0x645, 0xFC31, 0x641,
    0x649, 0xFC32, 0x641, 0x64A, 0xFC33, 0x642, 0x62D, 0xFC34, 0x642, 0x645,
    0xFC35, 0x642, 0x649, 0xFC36, 0x642, 0x64A, 0xFC37, 0x643, 0x627, 0xFC38,
    0x643, 0x62C, 0xFC39, 0x643, 0x62D, 0xFC3A, 0x643, 0x62E, 0xFC3B, 0x643,
    0x644, 0xFC3C, 0x643, 0x645, 0xFC3D, 0x643, 0x649, 0xFC3E, 0x643, 0x64A,
    0xFC3F, 0x644, 0x62C, 0xFC40, 0x644, 0x62D, 0xFC41, 0x644, 0x62E, 0xFC42,
    0x644, 0x645, 0xFC43, 0x644, 0x649, 0xFC44, 0x644, 0x64A, 0xFC45, 0x645,
    0x62C, 0xFC46, 0x645, 0x62D, 0xFC47, 0x645, 0x62E, 0xFC48, 0x645, 0x645,
    0xFC49, 0x645, 0x649, 0xFC4A, 0x645, 0x64A, 0xFC4B, 0x646, 0x62C, 0xFC4C,
    0x646, 0x62D, 0xFC4D, 0x646, 0x62E, 0xFC4E, 0x646, 0x645, 0xFC4F, 0x646,
    0x649, 0xFC50, 0x646, 0x64A, 0xFC51, 0x647, 0x62C, 0xFC52, 0x647, 0x645,
    0xFC53, 0x647, 0x649, 0xFC54, 0x647, 0x64A, 0xFC55, 0x64A, 0x62C, 0xFC56,
    0x64A, 0x62D, 0xFC57, 0x64A, 0x62E, 0xFC58, 0x64A, 0x645, 0xFC59, 0x64A,
    0x649, 0xFC5A, 0x64A, 0x64A, 0xFC5B, 0x630, 0x670, 0xFC5C, 0x631, 0x670,
    0xFC5D, 0x649, 0x670, 0xFC5E, 0x20, 0x64C, 0x651, 0xFC5F, 0x20, 0x64D,
    0x651, 0xFC60, 0x20, 0x64E, 0x651, 0xFC61, 0x20, 0x64F, 0x651, 0xFC62,
    0x20, 0x650, 0x651, 0xFC63, 0x20, 0x651, 0x670, 0xFC64, 0x64A, 0x654,
    0x631, 0xFC65, 0x64A, 0x654, 0x632, 0xFC66, 0x64A, 0x654, 0x645, 0xFC67,
    0x64A, 0x654, 0x646, 0xFC68, 0x64A, 0x654, 0x649, 0xFC69, 0x64A, 0x654,
    0x64A, 0xFC6A, 0x628, 0x631, 0xFC6B, 0x628, 0x632, 0xFC6C, 0x628, 0x645,
    0xFC6D, 0x628, 0x646, 0xFC6E, 0x628, 0x649, 0xFC6F, 0x628, 0x64A, 0xFC70,
    0x62A, 0x631, 0xFC71, 0x62A, 0x632, 0xFC72, 0x62A, 0x645, 0xFC73, 0x62A,
    0x646, 0xFC74, 0x62A, 0x649, 0xFC75, 0x62A, 0x64A, 0xFC76, 0x62B, 0x631,
    0xFC77, 0x62B, 0x632, 0xFC78, 0x62B, 0x645, 0xFC79, 0x62B, 0x646, 0xFC7A,
    0x62B, 0x649, 0xFC7B, 0x62B, 0x64A, 0xFC7C, 0x641, 0x649, 0xFC7D, 0x641,
    0x64A, 0xFC7E, 0x642, 0x649, 0xFC7F, 0x642, 0x64A, 0xFC80, 0x643, 0x627,
    0xFC81, 0x643, 0x644, 0xFC82, 0x643, 0x645, 0xFC83, 0x643, 0x649, 0xFC84,
    0x643, 0x64A, 0xFC85, 0x644, 0x645, 0xFC86, 0x644, 0x649, 0xFC87, 0x644,
    0x64A, 0xFC88, 0x645, 0x627, 0xFC89, 0x645, 0x645, 0xFC8A, 0x646, 0x631,
    0xFC8B, 0x646, 0x632, 0xFC8C, 0x646, 0x645, 0xFC8D, 0x646, 0x646, 0xFC8E,
    0x646, 0x649, 0xFC8F, 0x646, 0x64A, 0xFC90, 0x649, 0x670, 0xFC91, 0x64A,
    0x631, 0xFC92, 0x64A, 0x632, 0xFC93, 0x64A, 0x645, 0xFC94, 0x64A, 0x646,
    0xFC95, 0x64A, 0x649, 0xFC96, 0x64A, 0x64A, 0xFC97, 0x64A, 0x654, 0x62C,
    0xFC98, 0x64A, 0x654, 0x62D, 0xFC99, 0x64A, 0x654, 0x62E, 0xFC9A, 0x64A,
    0x654, 0x645, 0xFC9B, 0x64A, 0x654, 0x647, 0xFC9C, 0x628, 0x62C, 0xFC9D,
    0x628, 0x62D, 0xFC9E, 0x628, 0x62E, 0xFC9F, 0x628, 0x645, 0xFCA0, 0x628,
    0x647, 0xFCA1, 0x62A, 0x62C, 0xFCA2, 0x62A, 0x62D, 0xFCA3, 0x62A, 0x62E,
    0xFCA4, 0x62A, 0x645, 0xFCA5, 0x62A, 0x647, 0xFCA6, 0x62B, 0x645, 0xFCA7,
    0x62C, 0x62D, 0xFCA8, 0x62C, 0x645, 0xFCA9, 0x62D, 0x62C, 0xFCAA, 0x62D,
    0x645, 0xFCAB, 0x62E, 0x62C, 0xFCAC, 0x62E, 0x645, 0xFCAD, 0x633, 0x62C,
    0xFCAE, 0x633, 0x62D, 0xFCAF, 0x633, 0x62E, 0xFCB0, 0x633, 0x645, 0xFCB1,
    0x635, 0x62D, 0xFCB2, 0x635, 0x62E, 0xFCB3, 0x635, 0x645, 0xFCB4, 0x636,
    0x62C, 0xFCB5, 0x636, 0x62D, 0xFCB6, 0x636, 0x62E, 0xFCB7, 0x636, 0x645,
    0xFCB8, 0x637, 0x62D, 0xFCB9, 0x638, 0x645, 0xFCBA, 0x639, 0x62C, 0xFCBB,
    0x639, 0x645, 0xFCBC, 0x63A, 0x62C, 0xFCBD, 0x63A, 0x645, 0xFCBE, 0x641,
    0x62C, 0xFCBF, 0x641, 0x62D, 0xFCC0, 0x641, 0x62E, 0xFCC1, 0x641, 0x645,
    0xFCC2, 0x642, 0x62D, 0xFCC3, 0x642, 0x645, 0xFCC4, 0x643, 0x62C, 0xFCC5,
    0x643, 0x62D, 0xFCC6, 0x643, 0x62E, 0xFCC7, 0x643, 0x644, 0xFCC8, 0x643,
    0x645, 0xFCC9, 0x644, 0x62C, 0xFCCA, 0x644, 0x62D, 0xFCCB, 0x644, 0x62E,
    0xFCCC, 0x644, 0x645, 0xFCCD, 0x644, 0x647, 0xFCCE, 0x645, 0x62C, 0xFCCF,
    0x645, 0x62D, 0xFCD0, 0x645, 0x62E, 0xFCD1, 0x645, 0x645, 0xFCD2, 0x646,
    0x62C, 0xFCD3, 0x646, 0x62D, 0xFCD4, 0x646, 0x62E, 0xFCD5, 0x646, 0x645,
    0xFCD6, 0x646, 0x647, 0xFCD7, 0x647, 0x62C, 0xFCD8, 0x647, 0x645, 0xFCD9,
    0x647, 0x670, 0xFCDA, 0x64A, 0x62C, 0xFCDB, 0x64A, 0x62D, 0xFCDC, 0x64A,
    0x62E, 0xFCDD, 0x64A, 0x645, 0xFCDE, 0x64A, 0x647, 0xFCDF, 0x64A, 0x654,
    0x645, 0xFCE0, 0x64A, 0x654, 0x647, 0xFCE1, 0x628, 0x645, 0xFCE2, 0x628,
    0x647, 0xFCE3, 0x62A, 0x645, 0xFCE4, 0x62A, 0x647, 0xFCE5, 0x62B, 0x645,
    0xFCE6, 0x62B, 0x647, 0xFCE7, 0x633, 0x645, 0xFCE8, 0x633, 0x647, 0xFCE9,
    0x634, 0x645, 0xFCEA, 0x634, 0x647, 0xFCEB, 0x643, 0x644, 0xFCEC, 0x643,
    0x645, 0xFCED, 0x644, 0x645, 0xFCEE, 0x646, 0x645, 0xFCEF, 0x646, 0x647,
    0xFCF0, 0x64A, 0x645, 0xFCF1, 0x64A, 0x647, 0xFCF2, 0x640, 0x64E, 0x651,
    0xFCF3, 0x640, 0x64F, 0x651, 0xFCF4, 0x640, 0x650, 0x651, 0xFCF5, 0x637,
    0x649, 0xFCF6, 0x637, 0x64A, 0xFCF7, 0x639, 0x649, 0xFCF8, 0x639, 0x64A,
    0xFCF9, 0x63A, 0x649, 0xFCFA, 0x63A, 0x64A, 0xFCFB, 0x633, 0x649, 0xFCFC,
    0x633, 0x64A, 0xFCFD, 0x634, 0x649, 0xFCFE, 0x634, 0x64A, 0xFCFF, 0x62D,
    0x649, 0xFD00, 0x62D, 0x64A, 0xFD01, 0x62C, 0x649, 0xFD02, 0x62C, 0x64A,
    0xFD03, 0x62E, 0x649, 0xFD04, 0x62E, 0x64A, 0xFD05, 0x635, 0x649, 0xFD06,
    0x635, 0x64A, 0xFD07, 0x636, 0x649, 0xFD08, 0x636, 0x64A, 0xFD09, 0x634,
    0x62C, 0xFD0A, 0x634, 0x62D, 0xFD0B, 0x634, 0x62E, 0xFD0C, 0x634, 0x645,
    0xFD0D, 0x634, 0x631, 0xFD0E, 0x633, 0x631, 0xFD0F, 0x635, 0x631, 0xFD10,
    0x636, 0x631, 0xFD11, 0x637, 0x649, 0xFD12, 0x637, 0x64A, 0xFD13, 0x639,
    0x649, 0xFD14, 0x639, 0x64A, 0xFD15, 0x63A, 0x649, 0xFD16, 0x63A, 0x64A,
    0xFD17, 0x633, 0x649, 0xFD18, 0x633, 0x64A, 0xFD19, 0x634, 0x649, 0xFD1A,
    0x634, 0x64A, 0xFD1B, 0x62D, 0x649, 0xFD1C, 0x62D, 0x64A, 0xFD1D, 0x62C,
    0x649, 0xFD1E, 0x62C, 0x64A, 0xFD1F, 0x62E, 0x649, 0xFD20, 0x62E, 0x64A,
    0xFD21, 0x635, 0x649, 0xFD22, 0x635, 0x64A, 0xFD23, 0x636, 0x649, 0xFD24,
    0x636, 0x64A, 0xFD25, 0x634, 0x62C, 0xFD26, 0x634, 0x62D, 0xFD27, 0x634,
    0x62E, 0xFD28, 0x634, 0x645, 0xFD29, 0x634, 0x631, 0xFD2A, 0x633, 0x631,
    0xFD2B, 0x635, 0x631, 0xFD2C, 0x636, 0x631, 0xFD2D, 0x634, 0x62C, 0xFD2E,
    0x634, 0x62D, 0xFD2F, 0x634, 0x62E, 0xFD30, 0x634, 0x645, 0xFD31, 0x633,
    0x647, 0xFD32, 0x634, 0x647, 0xFD33, 0x637, 0x645, 0xFD34, 0x633, 0x62C,
    0xFD35, 0x633, 0x62D, 0xFD36, 0x633, 0x62E, 0xFD37, 0x634, 0x62C, 0xFD38,
    0x634, 0x62D, 0xFD39, 0x634, 0x62E, 0xFD3A, 0x637, 0x645, 0xFD3B, 0x638,
    0x645, 0xFD3C, 0x627, 0x64B, 0xFD3D, 0x627, 0x64B, 0xFD50, 0x62A, 0x62C,
    0x645, 0xFD51, 0x62A, 0x62D, 0x62C, 0xFD52, 0x62A, 0x62D, 0x62C, 0xFD53,
    0x62A, 0x62D, 0x645, 0xFD54, 0x62A, 0x62E, 0x645, 0xFD55, 0x62A, 0x645,
    0x62C, 0xFD56, 0x62A, 0x645, 0x62D, 0xFD57, 0x62A, 0x645, 0x62E, 0xFD58,
    0x62C, 0x645, 0x62D, 0xFD59, 0x62C, 0x645, 0x62D, 0xFD5A, 0x62D, 0x645,
    0x64A, 0xFD5B, 0x62D, 0x645, 0x649, 0xFD5C, 0x633, 0x62D, 0x62C, 0xFD5D,
    0x633, 0x62C, 0x62D, 0xFD5E, 0x633, 0x62C, 0x649, 0xFD5F, 0x633, 0x645,
    0x62D, 0xFD60, 0x633, 0x645, 0x62D, 0xFD61, 0x633, 0x645, 0x62C, 0xFD62,
    0x633, 0x645, 0x645, 0xFD63, 0x633, 0x645, 0x645, 0xFD64, 0x635, 0x62D,
    0x62D, 0xFD65, 0x635, 0x62D, 0x62D, 0xFD66, 0x635, 0x645, 0x645, 0xFD67,
    0x634, 0x62D, 0x645, 0xFD68, 0x634, 0x62D, 0x645, 0xFD69, 0x634, 0x62C,
    0x64A, 0xFD6A, 0x634, 0x645, 0x62E, 0xFD6B, 0x634, 0x645, 0x62E, 0xFD6C,
    0x634, 0x645, 0x645, 0xFD6D, 0x634, 0x645, 0x645, 0xFD6E, 0x636, 0x62D,
    0x649, 0xFD6F, 0x636, 0x62E, 0x645, 0xFD70, 0x636, 0x62E, 0x645, 0xFD71,
    0x637, 0x645, 0x62D, 0xFD72, 0x637, 0x645, 0x62D, 0xFD73, 0x637, 0x645,
    0x645, 0xFD74, 0x637, 0x645, 0x64A, 0xFD75, 0x639, 0x62C, 0x645, 0xFD76,
    0x639, 0x645, 0x645, 0xFD77, 0x639, 0x645, 0x645, 0xFD78, 0x639, 0x645,
    0x649, 0xFD79, 0x63A, 0x645, 0x645, 0xFD7A, 0x63A, 0x645, 0x64A, 0xFD7B,
    0x63A, 0x645, 0x649, 0xFD7C, 0x641, 0x62E, 0x645, 0xFD7D, 0x641, 0x62E,
    0x645, 0xFD7E, 0x642, 0x645, 0x62D, 0xFD7F, 0x642, 0x645, 0x645, 0xFD80,
    0x644, 0x62D, 0x645, 0xFD81, 0x644, 0x62D, 0x64A, 0xFD82, 0x644, 0x62D,
    0x649, 0xFD83, 0x644, 0x62C, 0x62C, 0xFD84, 0x644, 0x62C, 0x62C, 0xFD85,
    0x644, 0x62E, 0x645, 0xFD86, 0x644, 0x62E, 0x645, 0xFD87, 0x644, 0x645,
    0x62D, 0xFD88, 0x644, 0x645, 0x62D, 0xFD89, 0x645, 0x62D, 0x62C, 0xFD8A,
    0x645, 0x62D, 0x645, 0xFD8B, 0x645, 0x62D, 0x64A, 0xFD8C, 0x645, 0x62C,
    0x62D, 0xFD8D, 0x645, 0x62C, 0x645, 0xFD8E, 0x645, 0x62E, 0x62C, 0xFD8F,
    0x645, 0x62E, 0x645, 0xFD92, 0x645, 0x62C, 0x62E, 0xFD93, 0x647, 0x645,
    0x62C, 0xFD94, 0x647, 0x645, 0x645, 0xFD95, 0x646, 0x62D, 0x645, 0xFD96,
    0x646, 0x62D, 0x649, 0xFD97, 0x646, 0x62C, 0x645, 0xFD98, 0x646, 0x62C,
    0x645, 0xFD99, 0x646, 0x62C, 0x649, 0xFD9A, 0x646, 0x645, 0x64A, 0xFD9B,
    0x646, 0x645, 0x649, 0xFD9C, 0x64A, 0x645, 0x645, 0xFD9D, 0x64A, 0x645,
    0x645, 0xFD9E, 0x628, 0x62E, 0x64A, 0xFD9F, 0x62A, 0x62C, 0x64A, 0xFDA0,
    0x62A, 0x62C, 0x649, 0xFDA1, 0x62A, 0x62E, 0x64A, 0xFDA2, 0x62A, 0x62E,
    0x649, 0xFDA3, 0x62A, 0x645, 0x64A, 0xFDA4, 0x62A, 0x645, 0x649, 0xFDA5,
    0x62C, 0x645, 0x64A, 0xFDA6, 0x62C, 0x62D, 0x649, 0xFDA7, 0x62C, 0x645,
    0x649, 0xFDA8, 0x633, 0x62E, 0x649, 0xFDA9, 0x635, 0x62D, 0x64A, 0xFDAA,
    0x634, 0x62D, 0x64A, 0xFDAB, 0x636, 0x62D, 0x64A, 0xFDAC, 0x644, 0x62C,
    0x64A, 0xFDAD, 0x644, 0x645, 0x64A, 0xFDAE, 0x64A, 0x62D, 0x64A, 0xFDAF,
    0x64A, 0x62C, 0x64A, 0xFDB0, 0x64A, 0x645, 0x64A, 0xFDB1, 0x645, 0x645,
    0x64A, 0xFDB2, 0x642, 0x645, 0x64A, 0xFDB3, 0x646, 0x62D, 0x64A, 0xFDB4,
    0x642, 0x645, 0x62D, 0xFDB5, 0x644, 0x62D, 0x645, 0xFDB6, 0x639, 0x645,
    0x64A, 0xFDB7, 0x643, 0x645, 0x64A, 0xFDB8, 0x646, 0x62C, 0x62D, 0xFDB9,
    0x645, 0x62E, 0x64A, 0xFDBA, 0x644, 0x62C, 0x645, 0xFDBB, 0x643, 0x645,
    0x645, 0xFDBC, 0x644, 0x62C, 0x645, 0xFDBD, 0x646, 0x62C, 0x62D, 0xFDBE,
    0x62C, 0x62D, 0x64A, 0xFDBF, 0x62D, 0x62C, 0x64A, 0xFDC0, 0x645, 0x62C,
    0x64A, 0xFDC1, 0x641, 0x645, 0x64A, 0xFDC2, 0x628, 0x62D, 0x64A, 0xFDC3,
    0x643, 0x645, 0x645, 0xFDC4, 0x639, 0x62C, 0x645, 0xFDC5, 0x635, 0x645,
    0x645, 0xFDC6, 0x633, 0x62E, 0x64A, 0xFDC7, 0x646, 0x62C, 0x64A, 0xFDF0,
    0x635, 0x644, 0x6D2, 0xFDF1, 0x642, 0x644, 0x6D2, 0xFDF2, 0x627, 0x644,
    0x644, 0x647, 0xFDF3, 0x627, 0x643, 0x628, 0x631, 0xFDF4, 0x645, 0x62D,
    0x645, 0x62F, 0xFDF5, 0x635, 0x644, 0x639, 0x645, 0xFDF6, 0x631, 0x633,
    0x648, 0x644, 0xFDF7, 0x639, 0x644, 0x64A, 0x647, 0xFDF8, 0x648, 0x633,
    0x644, 0x645, 0xFDF9, 0x635, 0x644, 0x649, 0xFDFA, 0x635, 0x644, 0x649,
    0x20, 0x627, 0x644, 0x644, 0x647, 0x20, 0x639, 0x644, 0x64A, 0x647,
    0x20, 0x648, 0x633, 0x644, 0x645, 0xFDFB, 0x62C, 0x644, 0x20, 0x62C,
    0x644, 0x627, 0x644, 0x647, 0xFDFC, 0x631, 0x6CC, 0x627, 0x644, 0xFE10,
    0x2C, 0xFE11, 0x3001, 0xFE12, 0x3002, 0xFE13, 0x3A, 0xFE14, 0x3B, 0xFE15,
    0x21, 0xFE16, 0x3F, 0xFE17, 0x3016, 0xFE18, 0x3017, 0xFE19, 0x2E, 0x2E,
    0x2E, 0xFE30, 0x2E, 0x2E, 0xFE31, 0x2014, 0xFE32, 0x2013, 0xFE33, 0x5F,
    0xFE34, 0x5F, 0xFE35, 0x28, 0xFE36, 0x29, 0xFE37, 0x7B, 0xFE38, 0x7D,
    0xFE39, 0x3014, 0xFE3A, 0x3015, 0xFE3B, 0x3010, 0xFE3C, 0x3011, 0xFE3D, 0x300A,
    0xFE3E, 0x300B, 0xFE3F, 0x3008, 0xFE40, 0x3009, 0xFE41, 0x300C, 0xFE42, 0x300D,
    0xFE43, 0x300E, 0xFE44, 0x300F, 0xFE47, 0x5B, 0xFE48, 0x5D, 0xFE49, 0x20,
    0x305, 0xFE4A, 0x20, 0x305, 0xFE4B, 0x20, 0x305, 0xFE4C, 0x20, 0x305,
    0xFE4D, 0x5F, 0xFE4E, 0x5F, 0xFE4F, 0x5F, 0xFE50, 0x2C, 0xFE51, 0x3001,
    0xFE52, 0x2E, 0xFE54, 0x3B, 0xFE55, 0x3A, 0xFE56, 0x3F, 0xFE57, 0x21,
    0xFE58, 0x2014, 0xFE59, 0x28, 0xFE5A, 0x29, 0xFE5B, 0x7B, 0xFE5C, 0x7D,
    0xFE5D, 0x3014, 0xFE5E, 0x3015, 0xFE5F, 0x23, 0xFE60, 0x26, 0xFE61, 0x2A,
    0xFE62, 0x2B, 0xFE63, 0x2D, 0xFE64, 0x3C, 0xFE65, 0x3E, 0xFE66, 0x3D,
    0xFE68, 0x5C, 0xFE69, 0x24, 0xFE6A, 0x25, 0xFE6B, 0x40, 0xFE70, 0x20,
    0x64B, 0xFE71, 0x640, 0x64B, 0xFE72, 0x20, 0x64C, 0xFE74, 0x20, 0x64D,
    0xFE76, 0x20, 0x64E, 0xFE77, 0x640, 0x64E, 0xFE78, 0x20, 0x64F, 0xFE79,
    0x640, 0x64F, 0xFE7A, 0x20, 0x650, 0xFE7B, 0x640, 0x650, 0xFE7C, 0x20,
    0x651, 0xFE7D, 0x640, 0x651, 0xFE7E, 0x20, 0x652, 0xFE7F, 0x640, 0x652,
    0xFE80, 0x621, 0xFE81, 0x627, 0x653, 0xFE82, 0x627, 0x653, 0xFE83, 0x627,
    0x654, 0xFE84, 0x627, 0x654, 0xFE85, 0x648, 0x654, 0xFE86, 0x648, 0x654,
    0xFE87, 0x627, 0x655, 0xFE88, 0x627, 0x655, 0xFE89, 0x64A, 0x654, 0xFE8A,
    0x64A, 0x654, 0xFE8B, 0x64A, 0x654, 0xFE8C, 0x64A, 0x654, 0xFE8D, 0x627,
    0xFE8E, 0x627, 0xFE8F, 0x628, 0xFE90, 0x628, 0xFE91, 0x628, 0xFE92, 0x628,
    0xFE93, 0x629, 0xFE94, 0x629, 0xFE95, 0x62A, 0xFE96, 0x62A, 0xFE97, 0x62A,
    0xFE98, 0x62A, 0xFE99, 0x62B, 0xFE9A, 0x62B, 0xFE9B, 0x62B, 0xFE9C, 0x62B,
    0xFE9D, 0x62C, 0xFE9E, 0x62C, 0xFE9F, 0x62C, 0xFEA0, 0x62C, 0xFEA1, 0x62D,
    0xFEA2, 0x62D, 0xFEA3, 0x62D, 0xFEA4, 0x62D, 0xFEA5, 0x62E, 0xFEA6, 0x62E,
    0xFEA7, 0x62E, 0xFEA8, 0x62E, 0xFEA9, 0x62F, 0xFEAA, 0x62F, 0xFEAB, 0x630,
    0xFEAC, 0x630, 0xFEAD, 0x631, 0xFEAE, 0x631, 0xFEAF, 0x632, 0xFEB0, 0x632,
    0xFEB1, 0x633, 0xFEB2, 0x633, 0xFEB3, 0x633, 0xFEB4, 0x633, 0xFEB5, 0x634,
    0xFEB6, 0x634, 0xFEB7, 0x634, 0xFEB8, 0x634, 0xFEB9, 0x635, 0xFEBA, 0x635,
    0xFEBB, 0x635, 0xFEBC, 0x635, 0xFEBD, 0x636, 0xFEBE, 0x636, 0xFEBF, 0x636,
    0xFEC0, 0x636, 0xFEC1, 0x637, 0xFEC2, 0x637, 0xFEC3, 0x637, 0xFEC4, 0x637,
    0xFEC5, 0x638, 0xFEC6, 0x638, 0xFEC7, 0x638, 0xFEC8, 0x638, 0xFEC9, 0x639,
    0xFECA, 0x639, 0xFECB, 0x639, 0xFECC, 0x639, 0xFECD, 0x63A, 0xFECE, 0x63A,
    0xFECF, 0x63A, 0xFED0, 0x63A, 0xFED1, 0x641, 0xFED2, 0x641, 0xFED3, 0x641,
    0xFED4, 0x641, 0xFED5, 0x642, 0xFED6, 0x642, 0xFED7, 0x642, 0xFED8, 0x642,
    0xFED9, 0x643, 0xFEDA, 0x643, 0xFEDB, 0x643, 0xFEDC, 0x643, 0xFEDD, 0x644,
    0xFEDE, 0x644, 0xFEDF, 0x644, 0xFEE0, 0x644, 0xFEE1, 0x645, 0xFEE2, 0x645,
    0xFEE3, 0x645, 0xFEE4, 0x645, 0xFEE5, 0x646, 0xFEE6, 0x646, 0xFEE7, 0x646,
    0xFEE8, 0x646, 0xFEE9, 0x647, 0xFEEA, 0x647, 0xFEEB, 0x647, 0xFEEC, 0x647,
    0xFEED, 0x648, 0xFEEE, 0x648, 0xFEEF, 0x649, 0xFEF0, 0x649, 0xFEF1, 0x64A,
    0xFEF2, 0x64A, 0xFEF3, 0x64A, 0xFEF4, 0x64A, 0xFEF5, 0x644, 0x627, 0x653,
    0xFEF6, 0x644, 0x627, 0x653, 0xFEF7, 0x644, 0x627, 0x654, 0xFEF8, 0x644,
    0x627, 0x654, 0xFEF9, 0x644, 0x627, 0x655, 0xFEFA, 0x644, 0x627, 0x655,
    0xFEFB, 0x644, 0x627, 0xFEFC, 0x644, 0x627, 0xFF01, 0x21, 0xFF02, 0x22,
    0xFF03, 0x23, 0xFF04, 0x24, 0xFF05, 0x25, 0xFF06, 0x26, 0xFF07, 0x27,
    0xFF08, 0x28, 0xFF09, 0x29, 0xFF0A, 0x2A, 0xFF0B, 0x2B, 0xFF0C, 0x2C,
    0xFF0D, 0x2D, 0xFF0E, 0x2E, 0xFF0F, 0x2F, 0xFF10, 0x30, 0xFF11, 0x31,
    0xFF12, 0x32, 0xFF13, 0x33, 0xFF14, 0x34, 0xFF15, 0x35, 0xFF16, 0x36,
    0xFF17, 0x37, 0xFF18, 0x38, 0xFF19, 0x39, 0xFF1A, 0x3A, 0xFF1B, 0x3B,
    0xFF1C, 0x3C, 0xFF1D, 0x3D, 0xFF1E, 0x3E, 0xFF1F, 0x3F, 0xFF20, 0x40,
    0xFF21, 0x41, 0xFF22, 0x42, 0xFF23, 0x43, 0xFF24, 0x44, 0xFF25, 0x45,
    0xFF26, 0x46, 0xFF27, 0x47, 0xFF28, 0x48, 0xFF29, 0x49, 0xFF2A, 0x4A,
    0xFF2B, 0x4B, 0xFF2C, 0x4C, 0xFF2D, 0x4D, 0xFF2E, 0x4E, 0xFF2F, 0x4F,
    0xFF30, 0x50, 0xFF31, 0x51, 0xFF32, 0x52, 0xFF33, 0x53, 0xFF34, 0x54,
    0xFF35, 0x55, 0xFF36, 0x56, 0xFF37, 0x57, 0xFF38, 0x58, 0xFF39, 0x59,
    0xFF3A, 0x5A, 0xFF3B, 0x5B, 0xFF3C, 0x5C, 0xFF3D, 0x5D, 0xFF3E, 0x5E,
    0xFF3F, 0x5F, 0xFF40, 0x60, 0xFF41, 0x61, 0xFF42, 0x62, 0xFF43, 0x63,
    0xFF44, 0x64, 0xFF45, 0x65, 0xFF46, 0x66, 0xFF47, 0x67, 0xFF48, 0x68,
    0xFF49, 0x69, 0xFF4A, 0x6A, 0xFF4B, 0x6B, 0xFF4C, 0x6C, 0xFF4D, 0x6D,
    0xFF4E, 0x6E, 0xFF4F, 0x6F, 0xFF50, 0x70, 0xFF51, 0x71, 0xFF52, 0x72,
    0xFF53, 0x73, 0xFF54, 0x74, 0xFF55, 0x75, 0xFF56, 0x76, 0xFF57, 0x77,
    0xFF58, 0x78, 0xFF59, 0x79, 0xFF5A, 0x7A, 0xFF5B, 0x7B, 0xFF5C, 0x7C,
    0xFF5D, 0x7D, 0xFF5E, 0x7E, 0xFF5F, 0x2985, 0xFF60, 0x2986, 0xFF61, 0x3002,
    0xFF62, 0x300C, 0xFF63, 0x300D, 0xFF64, 0x3001, 0xFF65, 0x30FB, 0xFF66, 0x30F2,
    0xFF67, 0x30A1, 0xFF68, 0x30A3, 0xFF69, 0x30A5, 0xFF6A, 0x30A7, 0xFF6B, 0x30A9,
    0xFF6C, 0x30E3, 0xFF6D, 0x30E5, 0xFF6E, 0x30E7, 0xFF6F, 0x30C3, 0xFF70, 0x30FC,
    0xFF71, 0x30A2, 0xFF72, 0x30A4, 0xFF73, 0x30A6, 0xFF74, 0x30A8, 0xFF75, 0x30AA,
    0xFF76, 0x30AB, 0xFF77, 0x30AD, 0xFF78, 0x30AF, 0xFF79, 0x30B1, 0xFF7A, 0x30B3,
    0xFF7B, 0x30B5, 0xFF7C, 0x30B7, 0xFF7D, 0x30B9, 0xFF7E, 0x30BB, 0xFF7F, 0x30BD,
    0xFF80, 0x30BF, 0xFF81, 0x30C1, 0xFF82, 0x30C4, 0xFF83, 0x30C6, 0xFF84, 0x30C8,
    0xFF85, 0x30CA, 0xFF86, 0x30CB, 0xFF87, 0x30CC, 0xFF88, 0x30CD, 0xFF89, 0x30CE,
    0xFF8A, 0x30CF, 0xFF8B, 0x30D2, 0xFF8C, 0x30D5, 0xFF8D, 0x30D8, 0xFF8E, 0x30DB,
    0xFF8F, 0x30DE, 0xFF90, 0x30DF, 0xFF91, 0x30E0, 0xFF92, 0x30E1, 0xFF93, 0x30E2,
    0xFF94, 0x30E4, 0xFF95, 0x30E6, 0xFF96, 0x30E8, 0xFF97, 0x30E9, 0xFF98, 0x30EA,
    0xFF99, 0x30EB, 0xFF9A, 0x30EC, 0xFF9B, 0x30ED, 0xFF9C, 0x30EF, 0xFF9D, 0x30F3,
    0xFF9E, 0x3099, 0xFF9F, 0x309A, 0xFFA0, 0x1160, 0xFFA1, 0x1100, 0xFFA2, 0x1101,
    0xFFA3, 0x11AA, 0xFFA4, 0x1102, 0xFFA5, 0x11AC, 0xFFA6, 0x11AD, 0xFFA7, 0x1103,
    0xFFA8, 0x1104, 0xFFA9, 0x1105, 0xFFAA, 0x11B0, 0xFFAB, 0x11B1, 0xFFAC, 0x11B2,
    0xFFAD, 0x11B3, 0xFFAE, 0x11B4, 0xFFAF, 0x11B5, 0xFFB0, 0x111A, 0xFFB1, 0x1106,
    0xFFB2, 0x1107, 0xFFB3, 0x1108, 0xFFB4, 0x1121, 0xFFB5, 0x1109, 0xFFB6, 0x110A,
    0xFFB7, 0x110B, 0xFFB8, 0x110C, 0xFFB9, 0x110D, 0xFFBA, 0x110E, 0xFFBB, 0x110F,
    0xFFBC, 0x1110, 0xFFBD, 0x1111, 0xFFBE, 0x1112, 0xFFC2, 0x1161, 0xFFC3, 0x1162,
    0xFFC4, 0x1163, 0xFFC5, 0x1164, 0xFFC6, 0x1165, 0xFFC7, 0x1166, 0xFFCA, 0x1167,
    0xFFCB, 0x1168, 0xFFCC, 0x1169, 0xFFCD, 0x116A, 0xFFCE, 0x116B, 0xFFCF, 0x116C,
    0xFFD2, 0x116D, 0xFFD3, 0x116E, 0xFFD4, 0x116F, 0xFFD5, 0x1170, 0xFFD6, 0x1171,
    0xFFD7, 0x1172, 0xFFDA, 0x1173, 0xFFDB, 0x1174, 0xFFDC, 0x1175, 0xFFE0, 0xA2,
    0xFFE1, 0xA3, 0xFFE2, 0xAC, 0xFFE3, 0x20, 0x304, 0xFFE4, 0xA6, 0xFFE5,
    0xA5, 0xFFE6, 0x20A9, 0xFFE8, 0x2502, 0xFFE9, 0x2190, 0xFFEA, 0x2191, 0xFFEB,
    0x2192, 0xFFEC, 0x2193, 0xFFED, 0x25A0, 0xFFEE, 0x25CB, 0x105D2, 0x307, 0x105DA,
    0x307, 0x10781, 0x2D0, 0x10782, 0x2D1, 0x10783, 0xE6, 0x10784, 0x299, 0x10785,
    0x253, 0x10787, 0x2A3, 0x10788, 0xAB66, 0x10789, 0x2A5, 0x1078A, 0x2A4, 0x1078B,
    0x256, 0x1078C, 0x257, 0x1078D, 0x1D91, 0x1078E, 0x258, 0x1078F, 0x25E, 0x10790,
    0x2A9, 0x10791, 0x264, 0x10792, 0x262, 0x10793, 0x260, 0x10794, 0x29B, 0x10795,
    0x127, 0x10796, 0x29C, 0x10797, 0x267, 0x10798, 0x284, 0x10799, 0x2AA, 0x1079A,
    0x2AB, 0x1079B, 0x26C, 0x1079C, 0x1DF04, 0x1079D, 0xA78E, 0x1079E, 0x26E, 0x1079F,
    0x1DF05, 0x107A0, 0x28E, 0x107A1, 0x1DF06, 0x107A2, 0xF8, 0x107A3, 0x276, 0x107A4,
    0x277, 0x107A5, 0x71, 0x107A6, 0x27A, 0x107A7, 0x1DF08, 0x107A8, 0x27D, 0x107A9,
    0x27E, 0x107AA, 0x280, 0x107AB, 0x2A8, 0x107AC, 0x2A6, 0x107AD, 0xAB67, 0x107AE,
    0x2A7, 0x107AF, 0x288, 0x107B0, 0x2C71, 0x107B2, 0x28F, 0x107B3, 0x2A1, 0x107B4,
    0x2A2, 0x107B5, 0x298, 0x107B6, 0x1C0, 0x107B7, 0x1C1, 0x107B8, 0x1C2, 0x107B9,
    0x1DF0A, 0x107BA, 0x1DF1E, 0x107BB, 0x287, 0x107BC, 0x296, 0x107BD, 0x297, 0x107BE,
    0x29E, 0x107BF, 0x1DF0B, 0x11099, 0x110BA, 0x1109B, 0x110BA, 0x110A5, 0x110BA, 0x11131,
    0x11127, 0x11132, 0x11127, 0x11347, 0x1133E, 0x11347, 0x11357, 0x11382, 0x113C9, 0x11384,
    0x113BB, 0x1138B, 0x113C2, 0x11390, 0x113C9, 0x113C2, 0x113C2, 0x113C2, 0x113B8, 0x113C2,
    0x113C9, 0x114B9, 0x114BA, 0x114B9, 0x114B0, 0x114B9, 0x114BD, 0x115B8, 0x115AF, 0x115B9,
    0x115AF, 0x11935, 0x11930, 0x1611E, 0x1611E, 0x1611E, 0x16129, 0x1611E, 0x1611F, 0x16129,
    0x1611F, 0x1611E, 0x16120, 0x1611E, 0x1611E, 0x1611F, 0x1611E, 0x16129, 0x1611F, 0x1611E,
    0x1611E, 0x16120, 0x16D67, 0x16D67, 0x16D63, 0x16D67, 0x16D63, 0x16D67, 0x16D67, 0x1B123,
    0x3053, 0x3068, 0x1B124, 0x30C8, 0x30AD, 0x1B125, 0x30C8, 0x30C6, 0x1B126, 0x30E8,
    0x30EA, 0x1CCD6, 0x41, 0x1CCD7, 0x42, 0x1CCD8, 0x43, 0x1CCD9, 0x44, 0x1CCDA,
    0x45, 0x1CCDB, 0x46, 0x1CCDC, 0x47, 0x1CCDD, 0x48, 0x1CCDE, 0x49, 0x1CCDF,
    0x4A, 0x1CCE0, 0x4B, 0x1CCE1, 0x4C, 0x1CCE2, 0x4D, 0x1CCE3, 0x4E, 0x1CCE4,
    0x4F, 0x1CCE5, 0x50, 0x1CCE6, 0x51, 0x1CCE7, 0x52, 0x1CCE8, 0x53, 0x1CCE9,
    0x54, 0x1CCEA, 0x55, 0x1CCEB, 0x56, 0x1CCEC, 0x57, 0x1CCED, 0x58, 0x1CCEE,
    0x59, 0x1CCEF, 0x5A, 0x1CCF0, 0x30, 0x1CCF1, 0x31, 0x1CCF2, 0x32, 0x1CCF3,
    0x33, 0x1CCF4, 0x34, 0x1CCF5, 0x35, 0x1CCF6, 0x36, 0x1CCF7, 0x37, 0x1CCF8,
    0x38, 0x1CCF9, 0x39, 0x1D157, 0x1D165, 0x1D158, 0x1D165, 0x1D158, 0x1D165, 0x1D16E,
    0x1D158, 0x1D165, 0x1D16F, 0x1D158, 0x1D165, 0x1D170, 0x1D158, 0x1D165, 0x1D171, 0x1D158,
    0x1D165, 0x1D172, 0x1D1B9, 0x1D165, 0x1D1BA, 0x1D165, 0x1D1B9, 0x1D165, 0x1D16E, 0x1D1BA,
    0x1D165, 0x1D16E, 0x1D1B9, 0x1D165, 0x1D16F, 0x1D1BA, 0x1D165, 0x1D16F, 0x1D400, 0x41,
    0x1D401, 0x42, 0x1D402, 0x43, 0x1D403, 0x44, 0x1D404, 0x45, 0x1D405, 0x46,
    0x1D406, 0x47, 0x1D407, 0x48, 0x1D408, 0x49, 0x1D409, 0x4A, 0x1D40A, 0x4B,
    0x1D40B, 0x4C, 0x1D40C, 0x4D, 0x1D40D, 0x4E, 0x1D40E, 0x4F, 0x1D40F, 0x50,
    0x1D410, 0x51, 0x1D411, 0x52, 0x1D412, 0x53, 0x1D413, 0x54, 0x1D414, 0x55,
    0x1D415, 0x56, 0x1D416, 0x57, 0x1D417, 0x58, 0x1D418, 0x59, 0x1D419, 0x5A,
    0x1D41A, 0x61, 0x1D41B, 0x62, 0x1D41C, 0x63, 0x1D41D, 0x64, 0x1D41E, 0x65,
    0x1D41F, 0x66, 0x1D420, 0x67, 0x1D421, 0x68, 0x1D422, 0x69, 0x1D423, 0x6A,
    0x1D424, 0x6B, 0x1D425, 0x6C, 0x1D426, 0x6D, 0x1D427, 0x6E, 0x1D428, 0x6F,
    0x1D429, 0x70, 0x1D42A, 0x71, 0x1D42B, 0x72, 0x1D42C, 0x73, 0x1D42D, 0x74,
    0x1D42E, 0x75, 0x1D42F, 0x76, 0x1D430, 0x77, 0x1D431, 0x78, 0x1D432, 0x79,
    0x1D433, 0x7A, 0x1D434, 0x41, 0x1D435, 0x42, 0x1D436, 0x43, 0x1D437, 0x44,
    0x1D438, 0x45, 0x1D439, 0x46, 0x1D43A, 0x47, 0x1D43B, 0x48, 0x1D43C, 0x49,
    0x1D43D, 0x4A, 0x1D43E, 0x4B, 0x1D43F, 0x4C, 0x1D440, 0x4D, 0x1D441, 0x4E,
    0x1D442, 0x4F, 0x1D443, 0x50, 0x1D444, 0x51, 0x1D445, 0x52, 0x1D446, 0x53,
    0x1D447, 0x54, 0x1D448, 0x55, 0x1D449, 0x56, 0x1D44A, 0x57, 0x1D44B, 0x58,
    0x1D44C, 0x59, 0x1D44D, 0x5A, 0x1D44E, 0x61, 0x1D44F, 0x62, 0x1D450, 0x63,
    0x1D451, 0x64, 0x1D452, 0x65, 0x1D453, 0x66, 0x1D454, 0x67, 0x1D456, 0x69,
    0x1D457, 0x6A, 0x1D458, 0x6B, 0x1D459, 0x6C, 0x1D45A, 0x6D, 0x1D45B, 0x6E,
    0x1D45C, 0x6F, 0x1D45D, 0x70, 0x1D45E, 0x71, 0x1D45F, 0x72, 0x1D460, 0x73,
    0x1D461, 0x74, 0x1D462, 0x75, 0x1D463, 0x76, 0x1D464, 0x77, 0x1D465, 0x78,
    0x1D466, 0x79, 0x1D467, 0x7A, 0x1D468, 0x41, 0x1D469, 0x42, 0x1D46A, 0x43,
    0x1D46B, 0x44, 0x1D46C, 0x45, 0x1D46D, 0x46, 0x1D46E, 0x47, 0x1D46F, 0x48,
    0x1D470, 0x49, 0x1D471, 0x4A, 0x1D472, 0x4B, 0x1D473, 0x4C, 0x1D474, 0x4D,
    0x1D475, 0x4E, 0x1D476, 0x4F, 0x1D477, 0x50, 0x1D478, 0x51, 0x1D479, 0x52,
    0x1D47A, 0x53, 0x1D47B, 0x54, 0x1D47C, 0x55, 0x1D47D, 0x56, 0x1D47E, 0x57,
    0x1D47F, 0x58, 0x1D480, 0x59, 0x1D481, 0x5A, 0x1D482, 0x61, 0x1D483, 0x62,
    0x1D484, 0x63, 0x1D485, 0x64, 0x1D486, 0x65, 0x1D487, 0x66, 0x1D488, 0x67,
    0x1D489, 0x68, 0x1D48A, 0x69, 0x1D48B, 0x6A, 0x1D48C, 0x6B, 0x1D48D, 0x6C,
    0x1D48E, 0x6D, 0x1D48F, 0x6E, 0x1D490, 0x6F, 0x1D491, 0x70, 0x1D492, 0x71,
    0x1D493, 0x72, 0x1D494, 0x73, 0x1D495, 0x74, 0x1D496, 0x75, 0x1D497, 0x76,
    0x1D498, 0x77, 0x1D499, 0x78, 0x1D49A, 0x79, 0x1D49B, 0x7A, 0x1D49C, 0x41,
    0x1D49E, 0x43, 0x1D49F, 0x44, 0x1D4A2, 0x47, 0x1D4A5, 0x4A, 0x1D4A6, 0x4B,
    0x1D4A9, 0x4E, 0x1D4AA, 0x4F, 0x1D4AB, 0x50, 0x1D4AC, 0x51, 0x1D4AE, 0x53,
    0x1D4AF, 0x54, 0x1D4B0, 0x55, 0x1D4B1, 0x56, 0x1D4B2, 0x57, 0x1D4B3, 0x58,
    0x1D4B4, 0x59, 0x1D4B5, 0x5A, 0x1D4B6, 0x61, 0x1D4B7, 0x62, 0x1D4B8, 0x63,
    0x1D4B9, 0x64, 0x1D4BB, 0x66, 0x1D4BD, 0x68, 0x1D4BE, 0x69, 0x1D4BF, 0x6A,
    0x1D4C0, 0x6B, 0x1D4C1, 0x6C, 0x1D4C2, 0x6D, 0x1D4C3, 0x6E, 0x1D4C5, 0x70,
    0x1D4C6, 0x71, 0x1D4C7, 0x72, 0x1D4C8, 0x73, 0x1D4C9, 0x74, 0x1D4CA, 0x75,
    0x1D4CB, 0x76, 0x1D4CC, 0x77, 0x1D4CD, 0x78, 0x1D4CE, 0x79, 0x1D4CF, 0x7A,
    0x1D4D0, 0x41, 0x1D4D1, 0x42, 0x1D4D2, 0x43, 0x1D4D3, 0x44, 0x1D4D4, 0x45,
    0x1D4D5, 0x46, 0x1D4D6, 0x47, 0x1D4D7, 0x48, 0x1D4D8, 0x49, 0x1D4D9, 0x4A,
    0x1D4DA, 0x4B, 0x1D4DB, 0x4C, 0x1D4DC, 0x4D, 0x1D4DD, 0x4E, 0x1D4DE, 0x4F,
    0x1D4DF, 0x50, 0x1D4E0, 0x51, 0x1D4E1, 0x52, 0x1D4E2, 0x53, 0x1D4E3, 0x54,
    0x1D4E4, 0x55, 0x1D4E5, 0x56, 0x1D4E6, 0x57, 0x1D4E7, 0x58, 0x1D4E8, 0x59,
    0x1D4E9, 0x5A, 0x1D4EA, 0x61, 0x1D4EB, 0x62, 0x1D4EC, 0x63, 0x1D4ED, 0x64,
    0x1D4EE, 0x65, 0x1D4EF, 0x66, 0x1D4F0, 0x67, 0x1D4F1, 0x68, 0x1D4F2, 0x69,
    0x1D4F3, 0x6A, 0x1D4F4, 0x6B, 0x1D4F5, 0x6C, 0x1D4F6, 0x6D, 0x1D4F7, 0x6E,
    0x1D4F8, 0x6F, 0x1D4F9, 0x70, 0x1D4FA, 0x71, 0x1D4FB, 0x72, 0x1D4FC, 0x73,
    0x1D4FD, 0x74, 0x1D4FE, 0x75, 0x1D4FF, 0x76, 0x1D500, 0x77, 0x1D501, 0x78,
    0x1D502, 0x79, 0x1D503, 0x7A, 0x1D504, 0x41, 0x1D505, 0x42, 0x1D507, 0x44,
    0x1D508, 0x45, 0x1D509, 0x46, 0x1D50A, 0x47, 0x1D50D, 0x4A, 0x1D50E, 0x4B,
    0x1D50F, 0x4C, 0x1D510, 0x4D, 0x1D511, 0x4E, 0x1D512, 0x4F, 0x1D513, 0x50,
    0x1D514, 0x51, 0x1D516, 0x53, 0x1D517, 0x54, 0x1D518, 0x55, 0x1D519, 0x56,
    0x1D51A, 0x57, 0x1D51B, 0x58, 0x1D51C, 0x59, 0x1D51E, 0x61, 0x1D51F, 0x62,
    0x1D520, 0x63, 0x1D521, 0x64, 0x1D522, 0x65, 0x1D523, 0x66, 0x1D524, 0x67,
    0x1D525, 0x68, 0x1D526, 0x69, 0x1D527, 0x6A, 0x1D528, 0x6B, 0x1D529, 0x6C,
    0x1D52A, 0x6D, 0x1D52B, 0x6E, 0x1D52C, 0x6F, 0x1D52D, 0x70, 0x1D52E, 0x71,
    0x1D52F, 0x72, 0x1D530, 0x73, 0x1D531, 0x74, 0x1D532, 0x75, 0x1D533, 0x76,
    0x1D534, 0x77, 0x1D535, 0x78, 0x1D536, 0x79, 0x1D537, 0x7A, 0x1D538, 0x41,
    0x1D539, 0x42, 0x1D53B, 0x44, 0x1D53C, 0x45, 0x1D53D, 0x46, 0x1D53E, 0x47,
    0x1D540, 0x49, 0x1D541, 0x4A, 0x1D542, 0x4B, 0x1D543, 0x4C, 0x1D544, 0x4D,
    0x1D546, 0x4F, 0x1D54A, 0x53, 0x1D54B, 0x54, 0x1D54C, 0x55, 0x1D54D, 0x56,
    0x1D54E, 0x57, 0x1D54F, 0x58, 0x1D550, 0x59, 0x1D552, 0x61, 0x1D553, 0x62,
    0x1D554, 0x63, 0x1D555, 0x64, 0x1D556, 0x65, 0x1D557, 0x66, 0x1D558, 0x67,
    0x1D559, 0x68, 0x1D55A, 0x69, 0x1D55B, 0x6A, 0x1D55C, 0x6B, 0x1D55D, 0x6C,
    0x1D55E, 0x6D, 0x1D55F, 0x6E, 0x1D560, 0x6F, 0x1D561, 0x70, 0x1D562, 0x71,
    0x1D563, 0x72, 0x1D564, 0x73, 0x1D565, 0x74, 0x1D566, 0x75, 0x1D567, 0x76,
    0x1D568, 0x77, 0x1D569, 0x78, 0x1D56A, 0x79, 0x1D56B, 0x7A, 0x1D56C, 0x41,
    0x1D56D, 0x42, 0x1D56E, 0x43, 0x1D56F, 0x44, 0x1D570, 0x45, 0x1D571, 0x46,
    0x1D572, 0x47, 0x1D573, 0x48, 0x1D574, 0x49, 0x1D575, 0x4A, 0x1D576, 0x4B,
    0x1D577, 0x4C, 0x1D578, 0x4D, 0x1D579, 0x4E, 0x1D57A, 0x4F, 0x1D57B, 0x50,
    0x1D57C, 0x51, 0x1D57D, 0x52, 0x1D57E, 0x53, 0x1D57F, 0x54, 0x1D580, 0x55,
    0x1D581, 0x56, 0x1D582, 0x57, 0x1D583, 0x58, 0x1D584, 0x59, 0x1D585, 0x5A,
    0x1D586, 0x61, 0x1D587, 0x62, 0x1D588, 0x63, 0x1D589, 0x64, 0x1D58A, 0x65,
    0x1D58B, 0x66, 0x1D58C, 0x67, 0x1D58D, 0x68, 0x1D58E, 0x69, 0x1D58F, 0x6A,
    0x1D590, 0x6B, 0x1D591, 0x6C, 0x1D592, 0x6D, 0x1D593, 0x6E, 0x1D594, 0x6F,
    0x1D595, 0x70, 0x1D596, 0x71, 0x1D597, 0x72, 0x1D598, 0x73, 0x1D599, 0x74,
    0x1D59A, 0x75, 0x1D59B, 0x76, 0x1D59C, 0x77, 0x1D59D, 0x78, 0x1D59E, 0x79,
    0x1D59F, 0x7A, 0x1D5A0, 0x41, 0x1D5A1, 0x42, 0x1D5A2, 0x43, 0x1D5A3, 0x44,
    0x1D5A4, 0x45, 0x1D5A5, 0x46, 0x1D5A6, 0x47, 0x1D5A7, 0x48, 0x1D5A8, 0x49,
    0x1D5A9, 0x4A, 0x1D5AA, 0x4B, 0x1D5AB, 0x4C, 0x1D5AC, 0x4D, 0x1D5AD, 0x4E,
    0x1D5AE, 0x4F, 0x1D5AF, 0x50, 0x1D5B0, 0x51, 0x1D5B1, 0x52, 0x1D5B2, 0x53,
    0x1D5B3, 0x54, 0x1D5B4, 0x55, 0x1D5B5, 0x56, 0x1D5B6, 0x57, 0x1D5B7, 0x58,
    0x1D5B8, 0x59, 0x1D5B9, 0x5A, 0x1D5BA, 0x61, 0x1D5BB, 0x62, 0x1D5BC, 0x63,
    0x1D5BD, 0x64, 0x1D5BE, 0x65, 0x1D5BF, 0x66, 0x1D5C0, 0x67, 0x1D5C1, 0x68,
    0x1D5C2, 0x69, 0x1D5C3, 0x6A, 0x1D5C4, 0x6B, 0x1D5C5, 0x6C, 0x1D5C6, 0x6D,
    0x1D5C7, 0x6E, 0x1D5C8, 0x6F, 0x1D5C9, 0x70, 0x1D5CA, 0x71, 0x1D5CB, 0x72,
    0x1D5CC, 0x73, 0x1D5CD, 0x74, 0x1D5CE, 0x75, 0x1D5CF, 0x76, 0x1D5D0, 0x77,
    0x1D5D1, 0x78, 0x1D5D2, 0x79, 0x1D5D3, 0x7A, 0x1D5D4, 0x41, 0x1D5D5, 0x42,
    0x1D5D6, 0x43, 0x1D5D7, 0x44, 0x1D5D8, 0x45, 0x1D5D9, 0x46, 0x1D5DA, 0x47,
    0x1D5DB, 0x48, 0x1D5DC, 0x49, 0x1D5DD, 0x4A, 0x1D5DE, 0x4B, 0x1D5DF, 0x4C,
    0x1D5E0, 0x4D, 0x1D5E1, 0x4E, 0x1D5E2, 0x4F, 0x1D5E3, 0x50, 0x1D5E4, 0x51,
    0x1D5E5, 0x52, 0x1D5E6, 0x53, 0x1D5E7, 0x54, 0x1D5E8, 0x55, 0x1D5E9, 0x56,
    0x1D5EA, 0x57, 0x1D5EB, 0x58, 0x1D5EC, 0x59, 0x1D5ED, 0x5A, 0x1D5EE, 0x61,
    0x1D5EF, 0x62, 0x1D5F0, 0x63, 0x1D5F1, 0x64, 0x1D5F2, 0x65, 0x1D5F3, 0x66,
    0x1D5F4, 0x67, 0x1D5F5, 0x68, 0x1D5F6, 0x69, 0x1D5F7, 0x6A, 0x1D5F8, 0x6B,
    0x1D5F9, 0x6C, 0x1D5FA, 0x6D, 0x1D5FB, 0x6E, 0x1D5FC, 0x6F, 0x1D5FD, 0x70,
    0x1D5FE, 0x71, 0x1D5FF, 0x72, 0x1D600, 0x73, 0x1D601, 0x74, 0x1D602, 0x75,
    0x1D603, 0x76, 0x1D604, 0x77, 0x1D605, 0x78, 0x1D606, 0x79, 0x1D607, 0x7A,
    0x1D608, 0x41, 0x1D609, 0x42, 0x1D60A, 0x43, 0x1D60B, 0x44, 0x1D60C, 0x45,
    0x1D60D, 0x46, 0x1D60E, 0x47, 0x1D60F, 0x48, 0x1D610, 0x49, 0x1D611, 0x4A,
    0x1D612, 0x4B, 0x1D613, 0x4C, 0x1D614, 0x4D, 0x1D615, 0x4E, 0x1D616, 0x4F,
    0x1D617, 0x50, 0x1D618, 0x51, 0x1D619, 0x52, 0x1D61A, 0x53, 0x1D61B, 0x54,
    0x1D61C, 0x55, 0x1D61D, 0x56, 0x1D61E, 0x57, 0x1D61F, 0x58, 0x1D620, 0x59,
    0x1D621, 0x5A, 0x1D622, 0x61, 0x1D623, 0x62, 0x1D624, 0x63, 0x1D625, 0x64,
    0x1D626, 0x65, 0x1D627, 0x66, 0x1D628, 0x67, 0x1D629, 0x68, 0x1D62A, 0x69,
    0x1D62B, 0x6A, 0x1D62C, 0x6B, 0x1D62D, 0x6C, 0x1D62E, 0x6D, 0x1D62F, 0x6E,
    0x1D630, 0x6F, 0x1D631, 0x70, 0x1D632, 0x71, 0x1D633, 0x72, 0x1D634, 0x73,
    0x1D635, 0x74, 0x1D636, 0x75, 0x1D637, 0x76, 0x1D638, 0x77, 0x1D639, 0x78,
    0x1D63A, 0x79, 0x1D63B, 0x7A, 0x1D63C, 0x41, 0x1D63D, 0x42, 0x1D63E, 0x43,
    0x1D63F, 0x44, 0x1D640, 0x45, 0x1D641, 0x46, 0x1D642, 0x47, 0x1D643, 0x48,
    0x1D644, 0x49, 0x1D645, 0x4A, 0x1D646, 0x4B, 0x1D647, 0x4C, 0x1D648, 0x4D,
    0x1D649, 0x4E, 0x1D64A, 0x4F, 0x1D64B, 0x50, 0x1D64C, 0x51, 0x1D64D, 0x52,
    0x1D64E, 0x53, 0x1D64F, 0x54, 0x1D650, 0x55, 0x1D651, 0x56, 0x1D652, 0x57,
    0x1D653, 0x58, 0x1D654, 0x59, 0x1D655, 0x5A, 0x1D656, 0x61, 0x1D657, 0x62,
    0x1D658, 0x63, 0x1D659, 0x64, 0x1D65A, 0x65, 0x1D65B, 0x66, 0x1D65C, 0x67,
    0x1D65D, 0x68, 0x1D65E, 0x69, 0x1D65F, 0x6A, 0x1D660, 0x6B, 0x1D661, 0x6C,
    0x1D662, 0x6D, 0x1D663, 0x6E, 0x1D664, 0x6F, 0x1D665, 0x70, 0x1D666, 0x71,
    0x1D667, 0x72, 0x1D668, 0x73, 0x1D669, 0x74, 0x1D66A, 0x75, 0x1D66B, 0x76,
    0x1D66C, 0x77, 0x1D66D, 0x78, 0x1D66E, 0x79, 0x1D66F, 0x7A, 0x1D670, 0x41,
    0x1D671, 0x42, 0x1D672, 0x43, 0x1D673, 0x44, 0x1D674, 0x45, 0x1D675, 0x46,
    0x1D676, 0x47, 0x1D677, 0x48, 0x1D678, 0x49, 0x1D679, 0x4A, 0x1D67A, 0x4B,
    0x1D67B, 0x4C, 0x1D67C, 0x4D, 0x1D67D, 0x4E, 0x1D67E, 0x4F, 0x1D67F, 0x50,
    0x1D680, 0x51, 0x1D681, 0x52, 0x1D682, 0x53, 0x1D683, 0x54, 0x1D684, 0x55,
    0x1D685, 0x56, 0x1D686, 0x57, 0x1D687, 0x58, 0x1D688, 0x59, 0x1D689, 0x5A,
    0x1D68A, 0x61, 0x1D68B, 0x62, 0x1D68C, 0x63, 0x1D68D, 0x64, 0x1D68E, 0x65,
    0x1D68F, 0x66, 0x1D690, 0x67, 0x1D691, 0x68, 0x1D692, 0x69, 0x1D693, 0x6A,
    0x1D694, 0x6B, 0x1D695, 0x6C, 0x1D696, 0x6D, 0x1D697, 0x6E, 0x1D698, 0x6F,
    0x1D699, 0x70, 0x1D69A, 0x71, 0x1D69B, 0x72, 0x1D69C, 0x73, 0x1D69D, 0x74,
    0x1D69E, 0x75, 0x1D69F, 0x76, 0x1D6A0, 0x77, 0x1D6A1, 0x78, 0x1D6A2, 0x79,
    0x1D6A3, 0x7A, 0x1D6A4, 0x131, 0x1D6A5, 0x237, 0x1D6A6, 0xDF, 0x1D6A8, 0x391,
    0x1D6A9, 0x392, 0x1D6AA, 0x393, 0x1D6AB, 0x394, 0x1D6AC, 0x395, 0x1D6AD, 0x396,
    0x1D6AE, 0x397, 0x1D6AF, 0x398, 0x1D6B0, 0x399, 0x1D6B1, 0x39A, 0x1D6B2, 0x39B,
    0x1D6B3, 0x39C, 0x1D6B4, 0x39D, 0x1D6B5, 0x39E, 0x1D6B6, 0x39F, 0x1D6B7, 0x3A0,
    0x1D6B8, 0x3A1, 0x1D6B9, 0x398, 0x1D6BA, 0x3A3, 0x1D6BB, 0x3A4, 0x1D6BC, 0x3A5,
    0x1D6BD, 0x3A6, 0x1D6BE, 0x3A7, 0x1D6BF, 0x3A8, 0x1D6C0, 0x3A9, 0x1D6C1, 0x2207,
    0x1D6C2, 0x3B1, 0x1D6C3, 0x3B2, 0x1D6C4, 0x3B3, 0x1D6C5, 0x3B4, 0x1D6C6, 0x3B5,
    0x1D6C7, 0x3B6, 0x1D6C8, 0x3B7, 0x1D6C9, 0x3B8, 0x1D6CA, 0x3B9, 0x1D6CB, 0x3BA,
    0x1D6CC, 0x3BB, 0x1D6CD, 0x3BC, 0x1D6CE, 0x3BD, 0x1D6CF, 0x3BE, 0x1D6D0, 0x3BF,
    0x1D6D1, 0x3C0, 0x1D6D2, 0x3C1, 0x1D6D3, 0x3C2, 0x1D6D4, 0x3C3, 0x1D6D5, 0x3C4,
    0x1D6D6, 0x3C5, 0x1D6D7, 0x3C6, 0x1D6D8, 0x3C7, 0x1D6D9, 0x3C8, 0x1D6DA, 0x3C9,
    0x1D6DB, 0x2202, 0x1D6DC, 0x3B5, 0x1D6DD, 0x3B8, 0x1D6DE, 0x3BA, 0x1D6DF, 0x3C6,
    0x1D6E0, 0x3C1, 0x1D6E1, 0x3C0, 0x1D6E2, 0x391, 0x1D6E3, 0x392, 0x1D6E4, 0x393,
    0x1D6E5, 0x394, 0x1D6E6, 0x395, 0x1D6E7, 0x396, 0x1D6E8, 0x397, 0x1D6E9, 0x398,
    0x1D6EA, 0x399, 0x1D6EB, 0x39A, 0x1D6EC, 0x39B, 0x1D6ED, 0x39C, 0x1D6EE, 0x39D,
    0x1D6EF, 0x39E, 0x1D6F0, 0x39F, 0x1D6F1, 0x3A0, 0x1D6F2, 0x3A1, 0x1D6F3, 0x398,
    0x1D6F4, 0x3A3, 0x1D6F5, 0x3A4, 0x1D6F6, 0x3A5, 0x1D6F7, 0x3A6, 0x1D6F8, 0x3A7,
    0x1D6F9, 0x3A8, 0x1D6FA, 0x3A9, 0x1D6FB, 0x2207, 0x1D6FC, 0x3B1, 0x1D6FD, 0x3B2,
    0x1D6FE, 0x3B3, 0x1D6FF, 0x3B4, 0x1D700, 0x3B5, 0x1D701, 0x3B6, 0x1D702, 0x3B7,
    0x1D703, 0x3B8, 0x1D704, 0x3B9, 0x1D705, 0x3BA, 0x1D706, 0x3BB, 0x1D707, 0x3BC,
    0x1D708, 0x3BD, 0x1D709, 0x3BE, 0x1D70A, 0x3BF, 0x1D70B, 0x3C0, 0x1D70C, 0x3C1,
    0x1D70D, 0x3C2, 0x1D70E, 0x3C3, 0x1D70F, 0x3C4, 0x1D710, 0x3C5, 0x1D711, 0x3C6,
    0x1D712, 0x3C7, 0x1D713, 0x3C8, 0x1D714, 0x3C9, 0x1D715, 0x2202, 0x1D716, 0x3B5,
    0x1D717, 0x3B8, 0x1D718, 0x3BA, 0x1D719, 0x3C6, 0x1D71A, 0x3C1, 0x1D71B, 0x3C0,
    0x1D71C, 0x391, 0x1D71D, 0x392, 0x1D71E, 0x393, 0x1D71F, 0x394, 0x1D720, 0x395,
    0x1D721, 0x396, 0x1D722, 0x397, 0x1D723, 0x398, 0x1D724, 0x399, 0x1D725, 0x39A,
    0x1D726, 0x39B, 0x1D727, 0x39C, 0x1D728, 0x39D, 0x1D729, 0x39E, 0x1D72A, 0x39F,
    0x1D72B, 0x3A0, 0x1D72C, 0x3A1, 0x1D72D, 0x398, 0x1D72E, 0x3A3, 0x1D72F, 0x3A4,
    0x1D730, 0x3A5, 0x1D731, 0x3A6, 0x1D732, 0x3A7, 0x1D733, 0x3A8, 0x1D734, 0x3A9,
    0x1D735, 0x2207, 0x1D736, 0x3B1, 0x1D737, 0x3B2, 0x1D738, 0x3B3, 0x1D739, 0x3B4,
    0x1D73A, 0x3B5, 0x1D73B, 0x3B6, 0x1D73C, 0x3B7, 0x1D73D, 0x3B8, 0x1D73E, 0x3B9,
    0x1D73F, 0x3BA, 0x1D740, 0x3BB, 0x1D741, 0x3BC, 0x1D742, 0x3BD, 0x1D743, 0x3BE,
    0x1D744, 0x3BF, 0x1D745, 0x3C0, 0x1D746, 0x3C1, 0x1D747, 0x3C2, 0x1D748, 0x3C3,
    0x1D749, 0x3C4, 0x1D74A, 0x3C5, 0x1D74B, 0x3C6, 0x1D74C, 0x3C7, 0x1D74D, 0x3C8,
    0x1D74E, 0x3C9, 0x1D74F, 0x2202, 0x1D750, 0x3B5, 0x1D751, 0x3B8, 0x1D752, 0x3BA,
    0x1D753, 0x3C6, 0x1D754, 0x3C1, 0x1D755, 0x3C0, 0x1D756, 0x391, 0x1D757, 0x392,
    0x1D758, 0x393, 0x1D759, 0x394, 0x1D75A, 0x395, 0x1D75B, 0x396, 0x1D75C, 0x397,
    0x1D75D, 0x398, 0x1D75E, 0x399, 0x1D75F, 0x39A, 0x1D760, 0x39B, 0x1D761, 0x39C,
    0x1D762, 0x39D, 0x1D763, 0x39E, 0x1D764, 0x39F, 0x1D765, 0x3A0, 0x1D766, 0x3A1,
    0x1D767, 0x398, 0x1D768, 0x3A3, 0x1D769, 0x3A4, 0x1D76A, 0x3A5, 0x1D76B, 0x3A6,
    0x1D76C, 0x3A7, 0x1D76D, 0x3A8, 0x1D76E, 0x3A9, 0x1D76F, 0x2207, 0x1D770, 0x3B1,
    0x1D771, 0x3B2, 0x1D772, 0x3B3, 0x1D773, 0x3B4, 0x1D774, 0x3B5, 0x1D775, 0x3B6,
    0x1D776, 0x3B7, 0x1D777, 0x3B8, 0x1D778, 0x3B9, 0x1D779, 0x3BA, 0x1D77A, 0x3BB,
    0x1D77B, 0x3BC, 0x1D77C, 0x3BD, 0x1D77D, 0x3BE, 0x1D77E, 0x3BF, 0x1D77F, 0x3C0,
    0x1D780, 0x3C1, 0x1D781, 0x3C2, 0x1D782, 0x3C3, 0x1D783, 0x3C4, 0x1D784, 0x3C5,
    0x1D785, 0x3C6, 0x1D786, 0x3C7, 0x1D787, 0x3C8, 0x1D788, 0x3C9, 0x1D789, 0x2202,
    0x1D78A, 0x3B5, 0x1D78B, 0x3B8, 0x1D78C, 0x3BA, 0x1D78D, 0x3C6, 0x1D78E, 0x3C1,
    0x1D78F, 0x3C0, 0x1D790, 0x391, 0x1D791, 0x392, 0x1D792, 0x393, 0x1D793, 0x394,
    0x1D794, 0x395, 0x1D795, 0x396, 0x1D796, 0x397, 0x1D797, 0x398, 0x1D798, 0x399,
    0x1D799, 0x39A, 0x1D79A, 0x39B, 0x1D79B, 0x39C, 0x1D79C, 0x39D, 0x1D79D, 0x39E,
    0x1D79E, 0x39F, 0x1D79F, 0x3A0, 0x1D7A0, 0x3A1, 0x1D7A1, 0x398, 0x1D7A2, 0x3A3,
    0x1D7A3, 0x3A4, 0x1D7A4, 0x3A5, 0x1D7A5, 0x3A6, 0x1D7A6, 0x3A7, 0x1D7A7, 0x3A8,
    0x1D7A8, 0x3A9, 0x1D7A9, 0x2207, 0x1D7AA, 0x3B1, 0x1D7AB, 0x3B2, 0x1D7AC, 0x3B3,
    0x1D7AD, 0x3B4, 0x1D7AE, 0x3B5, 0x1D7AF, 0x3B6, 0x1D7B0, 0x3B7, 0x1D7B1, 0x3B8,
    0x1D7B2, 0x3B9, 0x1D7B3, 0x3BA, 0x1D7B4, 0x3BB, 0x1D7B5, 0x3BC, 0x1D7B6, 0x3BD,
    0x1D7B7, 0x3BE, 0x1D7B8, 0x3BF, 0x1D7B9, 0x3C0, 0x1D7BA, 0x3C1, 0x1D7BB, 0x3C2,
    0x1D7BC, 0x3C3, 0x1D7BD, 0x3C4, 0x1D7BE, 0x3C5, 0x1D7BF, 0x3C6, 0x1D7C0, 0x3C7,
    0x1D7C1, 0x3C8, 0x1D7C2, 0x3C9, 0x1D7C3, 0x2202, 0x1D7C4, 0x3B5, 0x1D7C5, 0x3B8,
    0x1D7C6, 0x3BA, 0x1D7C7, 0x3C6, 0x1D7C8, 0x3C1, 0x1D7C9, 0x3C0, 0x1D7CA, 0x3DC,
    0x1D7CB, 0x3DD, 0x1D7CE, 0x30, 0x1D7CF, 0x31, 0x1D7D0, 0x32, 0x1D7D1, 0x33,
    0x1D7D2, 0x34, 0x1D7D3, 0x35, 0x1D7D4, 0x36, 0x1D7D5, 0x37, 0x1D7D6, 0x38,
    0x1D7D7, 0x39, 0x1D7D8, 0x30, 0x1D7D9, 0x31, 0x1D7DA, 0x32, 0x1D7DB, 0x33,
    0x1D7DC, 0x34, 0x1D7DD, 0x35, 0x1D7DE, 0x36, 0x1D7DF, 0x37, 0x1D7E0, 0x38,
    0x1D7E1, 0x39, 0x1D7E2, 0x30, 0x1D7E3, 0x31, 0x1D7E4, 0x32, 0x1D7E5, 0x33,
    0x1D7E6, 0x34, 0x1D7E7, 0x35, 0x1D7E8, 0x36, 0x1D7E9, 0x37, 0x1D7EA, 0x38,
    0x1D7EB, 0x39, 0x1D7EC, 0x30, 0x1D7ED, 0x31, 0x1D7EE, 0x32, 0x1D7EF, 0x33,
    0x1D7F0, 0x34, 0x1D7F1, 0x35, 0x1D7F2, 0x36, 0x1D7F3, 0x37, 0x1D7F4, 0x38,
    0x1D7F5, 0x39, 0x1D7F6, 0x30, 0x1D7F7, 0x31, 0x1D7F8, 0x32, 0x1D7F9, 0x33,
    0x1D7FA, 0x34, 0x1D7FB, 0x35, 0x1D7FC, 0x36, 0x1D7FD, 0x37, 0x1D7FE, 0x38,
    0x1D7FF, 0x39, 0x1DF95, 0xDF, 0x1DFCD, 0x1DF57, 0x1DFCE, 0x1DF58, 0x1DFCF, 0x1DF59,
    0x1DFD0, 0x263, 0x1DFD1, 0x1D18, 0x1DFD2, 0x180, 0x1DFD3, 0x111, 0x1DFD4, 0x1E5,
    0x1DFD5, 0x142, 0x1DFD6, 0x19A, 0x1DFD7, 0x1DF50, 0x1DFD8, 0x1DF3E, 0x1DFD9, 0x249,
    0x1DFDA, 0x1D7F, 0x1DFDB, 0x1DF3F, 0x1DFDC, 0x19E, 0x1DFDD, 0x27C, 0x1DFDE, 0x238,
    0x1DFDF, 0x239, 0x1DFE0, 0x1DF2B, 0x1DFE1, 0x1DF19, 0x1DFE2, 0x286, 0x1DFE3, 0x1D98,
    0x1DFE4, 0x1DF2C, 0x1DFE5, 0x1DF1C, 0x1DFE6, 0x293, 0x1DFE7, 0x1D9A, 0x1DFE8, 0x1D05,
    0x1DFE9, 0x1D00, 0x1DFEA, 0x1D07, 0x1DFEB, 0x27F, 0x1DFEC, 0x285, 0x1DFED, 0x2AE,
    0x1DFEE, 0x2AF, 0x1DFEF, 0x221, 0x1DFF0, 0x234, 0x1DFF1, 0x235, 0x1DFF2, 0x236,
    0x1DFF3, 0x3C8, 0x1DFF4, 0x3C9, 0x1DFF5, 0x1D81, 0x1DFF6, 0xA795, 0x1DFF7, 0x1D87,
    0x1DFF8, 0x1D8A, 0x1DFF9, 0x1D8E, 0x1DFFA, 0x188, 0x1DFFB, 0x199, 0x1DFFC, 0x1A5,
    0x1DFFD, 0x2A0, 0x1DFFE, 0x1AD, 0x1DFFF, 0x1DF09, 0x1E030, 0x430, 0x1E031, 0x431,
    0x1E032, 0x432, 0x1E033, 0x433, 0x1E034, 0x434, 0x1E035, 0x435, 0x1E036, 0x436,
    0x1E037, 0x437, 0x1E038, 0x438, 0x1E039, 0x43A, 0x1E03A, 0x43B, 0x1E03B, 0x43C,
    0x1E03C, 0x43E, 0x1E03D, 0x43F, 0x1E03E, 0x440, 0x1E03F, 0x441, 0x1E040, 0x442,
    0x1E041, 0x443, 0x1E042, 0x444, 0x1E043, 0x445, 0x1E044, 0x446, 0x1E045, 0x447,
    0x1E046, 0x448, 0x1E047, 0x44B, 0x1E048, 0x44D, 0x1E049, 0x44E, 0x1E04A, 0xA689,
    0x1E04B, 0x4D9, 0x1E04C, 0x456, 0x1E04D, 0x458, 0x1E04E, 0x4E9, 0x1E04F, 0x4AF,
    0x1E050, 0x4CF, 0x1E051, 0x430, 0x1E052, 0x431, 0x1E053, 0x432, 0x1E054, 0x433,
    0x1E055, 0x434, 0x1E056, 0x435, 0x1E057, 0x436, 0x1E058, 0x437, 0x1E059, 0x438,
    0x1E05A, 0x43A, 0x1E05B, 0x43B, 0x1E05C, 0x43E, 0x1E05D, 0x43F, 0x1E05E, 0x441,
    0x1E05F, 0x443, 0x1E060, 0x444, 0x1E061, 0x445, 0x1E062, 0x446, 0x1E063, 0x447,
    0x1E064, 0x448, 0x1E065, 0x44A, 0x1E066, 0x44B, 0x1E067, 0x491, 0x1E068, 0x456,
    0x1E069, 0x455, 0x1E06A, 0x45F, 0x1E06B, 0x4AB, 0x1E06C, 0xA651, 0x1E06D, 0x4B1,
    0x1EE00, 0x627, 0x1EE01, 0x628, 0x1EE02, 0x62C, 0x1EE03, 0x62F, 0x1EE05, 0x648,
    0x1EE06, 0x632, 0x1EE07, 0x62D, 0x1EE08, 0x637, 0x1EE09, 0x64A, 0x1EE0A, 0x643,
    0x1EE0B, 0x644, 0x1EE0C, 0x645, 0x1EE0D, 0x646, 0x1EE0E, 0x633, 0x1EE0F, 0x639,
    0x1EE10, 0x641, 0x1EE11, 0x635, 0x1EE12, 0x642, 0x1EE13, 0x631, 0x1EE14, 0x634,
    0x1EE15, 0x62A, 0x1EE16, 0x62B, 0x1EE17, 0x62E, 0x1EE18, 0x630, 0x1EE19, 0x636,
    0x1EE1A, 0x638, 0x1EE1B, 0x63A, 0x1EE1C, 0x66E, 0x1EE1D, 0x6BA, 0x1EE1E, 0x6A1,
    0x1EE1F, 0x66F, 0x1EE21, 0x628, 0x1EE22, 0x62C, 0x1EE24, 0x647, 0x1EE27, 0x62D,
    0x1EE29, 0x64A, 0x1EE2A, 0x643, 0x1EE2B, 0x644, 0x1EE2C, 0x645, 0x1EE2D, 0x646,
    0x1EE2E, 0x633, 0x1EE2F, 0x639, 0x1EE30, 0x641, 0x1EE31, 0x635, 0x1EE32, 0x642,
    0x1EE34, 0x634, 0x1EE35, 0x62A, 0x1EE36, 0x62B, 0x1EE37, 0x62E, 0x1EE39, 0x636,
    0x1EE3B, 0x63A, 0x1EE42, 0x62C, 0x1EE47, 0x62D, 0x1EE49, 0x64A, 0x1EE4B, 0x644,
    0x1EE4D, 0x646, 0x1EE4E, 0x633, 0x1EE4F, 0x639, 0x1EE51, 0x635, 0x1EE52, 0x642,
    0x1EE54, 0x634, 0x1EE57, 0x62E, 0x1EE59, 0x636, 0x1EE5B, 0x63A, 0x1EE5D, 0x6BA,
    0x1EE5F, 0x66F, 0x1EE61, 0x628, 0x1EE62, 0x62C, 0x1EE64, 0x647, 0x1EE67, 0x62D,
    0x1EE68, 0x637, 0x1EE69, 0x64A, 0x1EE6A, 0x643, 0x1EE6C, 0x645, 0x1EE6D, 0x646,
    0x1EE6E, 0x633, 0x1EE6F, 0x639, 0x1EE70, 0x641, 0x1EE71, 0x635, 0x1EE72, 0x642,
    0x1EE74, 0x634, 0x1EE75, 0x62A, 0x1EE76, 0x62B, 0x1EE77, 0x62E, 0x1EE79, 0x636,
    0x1EE7A, 0x638, 0x1EE7B, 0x63A, 0x1EE7C, 0x66E, 0x1EE7E, 0x6A1, 0x1EE80, 0x627,
    0x1EE81, 0x628, 0x1EE82, 0x62C, 0x1EE83, 0x62F, 0x1EE84, 0x647, 0x1EE85, 0x648,
    0x1EE86, 0x632, 0x1EE87, 0x62D, 0x1EE88, 0x637, 0x1EE89, 0x64A, 0x1EE8B, 0x644,
    0x1EE8C, 0x645, 0x1EE8D, 0x646, 0x1EE8E, 0x633, 0x1EE8F, 0x639, 0x1EE90, 0x641,
    0x1EE91, 0x635, 0x1EE92, 0x642, 0x1EE93, 0x631, 0x1EE94, 0x634, 0x1EE95, 0x62A,
    0x1EE96, 0x62B, 0x1EE97, 0x62E, 0x1EE98, 0x630, 0x1EE99, 0x636, 0x1EE9A, 0x638,
    0x1EE9B, 0x63A, 0x1EEA1, 0x628, 0x1EEA2, 0x62C, 0x1EEA3, 0x62F, 0x1EEA5, 0x648,
    0x1EEA6, 0x632, 0x1EEA7, 0x62D, 0x1EEA8, 0x637, 0x1EEA9, 0x64A, 0x1EEAB, 0x644,
    0x1EEAC, 0x645, 0x1EEAD, 0x646, 0x1EEAE, 0x633, 0x1EEAF, 0x639, 0x1EEB0, 0x641,
    0x1EEB1, 0x635, 0x1EEB2, 0x642, 0x1EEB3, 0x631, 0x1EEB4, 0x634, 0x1EEB5, 0x62A,
    0x1EEB6, 0x62B, 0x1EEB7, 0x62E, 0x1EEB8, 0x630, 0x1EEB9, 0x636, 0x1EEBA, 0x638,
    0x1EEBB, 0x63A, 0x1F100, 0x30, 0x2E, 0x1F101, 0x30, 0x2C, 0x1F102, 0x31,
    0x2C, 0x1F103, 0x32, 0x2C, 0x1F104, 0x33, 0x2C, 0x1F105, 0x34, 0x2C,
    0x1F106, 0x35, 0x2C, 0x1F107, 0x36, 0x2C, 0x1F108, 0x37, 0x2C, 0x1F109,
    0x38, 0x2C, 0x1F10A, 0x39, 0x2C, 0x1F110, 0x28, 0x41, 0x29, 0x1F111,
    0x28, 0x42, 0x29, 0x1F112, 0x28, 0x43, 0x29, 0x1F113, 0x28, 0x44,
    0x29, 0x1F114, 0x28, 0x45, 0x29, 0x1F115, 0x28, 0x46, 0x29, 0x1F116,
    0x28, 0x47, 0x29, 0x1F117, 0x28, 0x48, 0x29, 0x1F118, 0x28, 0x49,
    0x29, 0x1F119, 0x28, 0x4A, 0x29, 0x1F11A, 0x28, 0x4B, 0x29, 0x1F11B,
    0x28, 0x4C, 0x29, 0x1F11C, 0x28, 0x4D, 0x29, 0x1F11D, 0x28, 0x4E,
    0x29, 0x1F11E, 0x28, 0x4F, 0x29, 0x1F11F, 0x28, 0x50, 0x29, 0x1F120,
    0x28, 0x51, 0x29, 0x1F121, 0x28, 0x52, 0x29, 0x1F122, 0x28, 0x53,
    0x29, 0x1F123, 0x28, 0x54, 0x29, 0x1F124, 0x28, 0x55, 0x29, 0x1F125,
    0x28, 0x56, 0x29, 0x1F126, 0x28, 0x57, 0x29, 0x1F127, 0x28, 0x58,
    0x29, 0x1F128, 0x28, 0x59, 0x29, 0x1F129, 0x28, 0x5A, 0x29, 0x1F12A,
    0x3014, 0x53, 0x3015, 0x1F12B, 0x43, 0x1F12C, 0x52, 0x1F12D, 0x43, 0x44,
    0x1F12E, 0x57, 0x5A, 0x1F130, 0x41, 0x1F131, 0x42, 0x1F132, 0x43, 0x1F133,
    0x44, 0x1F134, 0x45, 0x1F135, 0x46, 0x1F136, 0x47, 0x1F137, 0x48, 0x1F138,
    0x49, 0x1F139, 0x4A, 0x1F13A, 0x4B, 0x1F13B, 0x4C, 0x1F13C, 0x4D, 0x1F13D,
    0x4E, 0x1F13E, 0x4F, 0x1F13F, 0x50, 0x1F140, 0x51, 0x1F141, 0x52, 0x1F142,
    0x53, 0x1F143, 0x54, 0x1F144, 0x55, 0x1F145, 0x56, 0x1F146, 0x57, 0x1F147,
    0x58, 0x1F148, 0x59, 0x1F149, 0x5A, 0x1F14A, 0x48, 0x56, 0x1F14B, 0x4D,
    0x56, 0x1F14C, 0x53, 0x44, 0x1F14D, 0x53, 0x53, 0x1F14E, 0x50, 0x50,
    0x56, 0x1F14F, 0x57, 0x43, 0x1F16A, 0x4D, 0x43, 0x1F16B, 0x4D, 0x44,
    0x1F16C, 0x4D, 0x52, 0x1F190, 0x44, 0x4A, 0x1F200, 0x307B, 0x304B, 0x1F201,
    0x30B3, 0x30B3, 0x1F202, 0x30B5, 0x1F210, 0x624B, 0x1F211, 0x5B57, 0x1F212, 0x53CC,
    0x1F213, 0x30C6, 0x3099, 0x1F214, 0x4E8C, 0x1F215, 0x591A, 0x1F216, 0x89E3, 0x1F217,
    0x5929, 0x1F218, 0x4EA4, 0x1F219, 0x6620, 0x1F21A, 0x7121, 0x1F21B, 0x6599, 0x1F21C,
    0x524D, 0x1F21D, 0x5F8C, 0x1F21E, 0x518D, 0x1F21F, 0x65B0, 0x1F220, 0x521D, 0x1F221,
    0x7D42, 0x1F222, 0x751F, 0x1F223, 0x8CA9, 0x1F224, 0x58F0, 0x1F225, 0x5439, 0x1F226,
    0x6F14, 0x1F227, 0x6295, 0x1F228, 0x6355, 0x1F229, 0x4E00, 0x1F22A, 0x4E09, 0x1F22B,
    0x904A, 0x1F22C, 0x5DE6, 0x1F22D, 0x4E2D, 0x1F22E, 0x53F3, 0x1F22F, 0x6307, 0x1F230,
    0x8D70, 0x1F231, 0x6253, 0x1F232, 0x7981, 0x1F233, 0x7A7A, 0x1F234, 0x5408, 0x1F235,
    0x6E80, 0x1F236, 0x6709, 0x1F237, 0x6708, 0x1F238, 0x7533, 0x1F239, 0x5272, 0x1F23A,
    0x55B6, 0x1F23B, 0x914D, 0x1F240, 0x3014, 0x672C, 0x3015, 0x1F241, 0x3014, 0x4E09,
    0x3015, 0x1F242, 0x3014, 0x4E8C, 0x3015, 0x1F243, 0x3014, 0x5B89, 0x3015, 0x1F244,
    0x3014, 0x70B9, 0x3015, 0x1F245, 0x3014, 0x6253, 0x3015, 0x1F246, 0x3014, 0x76D7,
    0x3015, 0x1F247, 0x3014, 0x52DD, 0x3015, 0x1F248, 0x3014, 0x6557, 0x3015, 0x1F250,
    0x5F97, 0x1F251, 0x53EF, 0x1FBF0, 0x30, 0x1FBF1, 0x31, 0x1FBF2, 0x32, 0x1FBF3,
    0x33, 0x1FBF4, 0x34, 0x1FBF5, 0x35, 0x1FBF6, 0x36, 0x1FBF7, 0x37, 0x1FBF8,
    0x38, 0x1FBF9, 0x39, 0x4E3D, 0x4E38, 0x4E41, 0x20122, 0x4F60, 0x4FAE, 0x4FBB,
    0x5002, 0x507A, 0x5099, 0x50E7, 0x50CF, 0x349E, 0x2063A, 0x514D, 0x5154, 0x5164,
    0x5177, 0x2051C, 0x34B9, 0x5167, 0x518D, 0x2054B, 0x5197, 0x51A4, 0x4ECC, 0x51AC,
    0x51B5, 0x291DF, 0x51F5, 0x5203, 0x34DF, 0x523B, 0x5246, 0x5272, 0x5277, 0x3515,
    0x52C7, 0x52C9, 0x52E4, 0x52FA, 0x5305, 0x5306, 0x5317, 0x5349, 0x5351, 0x535A,
    0x5373, 0x537D, 0x537F, 0x537F, 0x537F, 0x20A2C, 0x7070, 0x53CA, 0x53DF, 0x20B63,
    0x53EB, 0x53F1, 0x5406, 0x549E, 0x5438, 0x5448, 0x5468, 0x54A2, 0x54F6, 0x5510,
    0x5553, 0x5563, 0x5584, 0x5584, 0x5599, 0x55AB, 0x55B3, 0x55C2, 0x5716, 0x5606,
    0x5717, 0x5651, 0x5674, 0x5207, 0x58EE, 0x57CE, 0x57F4, 0x580D, 0x578B, 0x5832,
    0x5831, 0x58AC, 0x214E4, 0x58F2, 0x58F7, 0x5906, 0x591A, 0x5922, 0x5962, 0x216A8,
    0x216EA, 0x59EC, 0x5A1B, 0x5A27, 0x59D8, 0x5A66, 0x36EE, 0x36FC, 0x5B08, 0x5B3E,
    0x5B3E, 0x219C8, 0x5BC3, 0x5BD8, 0x5BE7, 0x5BF3, 0x21B18, 0x5BFF, 0x5C06, 0x5F53,
    0x5C22, 0x3781, 0x5C60, 0x5C6E, 0x5CC0, 0x5C8D, 0x21DE4, 0x5D43, 0x21DE6, 0x5D6E,
    0x5D6B, 0x5D7C, 0x5DE1, 0x5DE2, 0x382F, 0x5DFD, 0x5E28, 0x5E3D, 0x5E69, 0x3862,
    0x22183, 0x387C, 0x5EB0, 0x5EB3, 0x5EB6, 0x5ECA, 0x2A392, 0x5EFE, 0x22331, 0x22331,
    0x8201, 0x5F22, 0x5F22, 0x38C7, 0x232B8, 0x261DA, 0x5F62, 0x5F6B, 0x38E3, 0x5F9A,
    0x5FCD, 0x5FD7, 0x5FF9, 0x6081, 0x393A, 0x391C, 0x6094, 0x226D4, 0x60C7, 0x6148,
    0x614C, 0x614E, 0x614C, 0x617A, 0x618E, 0x61B2, 0x61A4, 0x61AF, 0x61DE, 0x61F2,
    0x61F6, 0x6210, 0x621B, 0x625D, 0x62B1, 0x62D4, 0x6350, 0x22B0C, 0x633D, 0x62FC,
    0x6368, 0x6383, 0x63E4, 0x22BF1, 0x6422, 0x63C5, 0x63A9, 0x3A2E, 0x6469, 0x647E,
    0x649D, 0x6477, 0x3A6C, 0x654F, 0x656C, 0x2300A, 0x65E3, 0x66F8, 0x6649, 0x3B19,
    0x6691, 0x3B08, 0x3AE4, 0x5192, 0x5195, 0x6700, 0x669C, 0x80AD, 0x43D9, 0x6717,
    0x671B, 0x6721, 0x675E, 0x6753, 0x233C3, 0x3B49, 0x67FA, 0x6785, 0x6852, 0x6885,
    0x2346D, 0x688E, 0x681F, 0x6914, 0x3B9D, 0x6942, 0x69A3, 0x69EA, 0x6AA8, 0x236A3,
    0x6ADB, 0x3C18, 0x6B21, 0x238A7, 0x6B54, 0x3C4E, 0x6B72, 0x6B9F, 0x6BBA, 0x6BBB,
    0x23A8D, 0x21D0B, 0x23AFA, 0x6C4E, 0x23CBC, 0x6CBF, 0x6CCD, 0x6C67, 0x6D16, 0x6D3E,
    0x6D77, 0x6D41, 0x6D69, 0x6D78, 0x6D85, 0x23D1E, 0x6D34, 0x6E2F, 0x6E6E, 0x3D33,
    0x6ECB, 0x6EC7, 0x23ED1, 0x6DF9, 0x6F6E, 0x23F5E, 0x23F8E, 0x6FC6, 0x7039, 0x701E,
    0x701B, 0x3D96, 0x704A, 0x707D, 0x7077, 0x70AD, 0x20525, 0x7145, 0x24263, 0x719C,
    0x243AB, 0x7228, 0x7235, 0x7250, 0x24608, 0x7280, 0x7295, 0x24735, 0x24814, 0x737A,
    0x738B, 0x3EAC, 0x73A5, 0x3EB8, 0x3EB8, 0x7447, 0x745C, 0x7471, 0x7485, 0x74CA,
    0x3F1B, 0x7524, 0x24C36, 0x753E, 0x24C92, 0x7570, 0x2219F, 0x7610, 0x24FA1, 0x24FB8,
    0x25044, 0x3FFC, 0x4008, 0x76F4, 0x250F3, 0x250F2, 0x25119, 0x25133, 0x771E, 0x771F,
    0x771F, 0x774A, 0x4039, 0x778B, 0x4046, 0x4096, 0x2541D, 0x784E, 0x788C, 0x78CC,
    0x40E3, 0x25626, 0x7956, 0x2569A, 0x256C5, 0x798F, 0x79EB, 0x412F, 0x7A40, 0x7A4A,
    0x7A4F, 0x2597C, 0x25AA7, 0x25AA7, 0x7AEE, 0x4202, 0x25BAB, 0x7BC6, 0x7BC9, 0x4227,
    0x25C80, 0x7CD2, 0x42A0, 0x7CE8, 0x7CE3, 0x7D00, 0x25F86, 0x7D63, 0x4301, 0x7DC7,
    0x7E02, 0x7E45, 0x4334, 0x26228, 0x26247, 0x4359, 0x262D9, 0x7F7A, 0x2633E, 0x7F95,
    0x7FFA, 0x8005, 0x264DA, 0x26523, 0x8060, 0x265A8, 0x8070, 0x2335F, 0x43D5, 0x80B2,
    0x8103, 0x440B, 0x813E, 0x5AB5, 0x267A7, 0x267B5, 0x23393, 0x2339C, 0x8201, 0x8204,
    0x8F9E, 0x446B, 0x8291, 0x828B, 0x829D, 0x52B3, 0x82B1, 0x82B3, 0x82BD, 0x82E6,
    0x26B3C, 0x82E5, 0x831D, 0x8363, 0x83AD, 0x8323, 0x83BD, 0x83E7, 0x8457, 0x8353,
    0x83CA, 0x83CC, 0x83DC, 0x26C36, 0x26D6B, 0x26CD5, 0x452B, 0x84F1, 0x84F3, 0x8516,
    0x273CA, 0x8564, 0x26F2C, 0x455D, 0x4561, 0x26FB1, 0x270D2, 0x456B, 0x8650, 0x865C,
    0x8667, 0x8669, 0x86A9, 0x8688, 0x870E, 0x86E2, 0x8779, 0x8728, 0x876B, 0x8786,
    0x45D7, 0x87E1, 0x8801, 0x45F9, 0x8860, 0x8863, 0x27667, 0x88D7, 0x88DE, 0x4635,
    0x88FA, 0x34BB, 0x278AE, 0x27966, 0x46BE, 0x46C7, 0x8AA0, 0x8AED, 0x8B8A, 0x8C55,
    0x27CA8, 0x8CAB, 0x8CC1, 0x8D1B, 0x8D77, 0x27F2F, 0x20804, 0x8DCB, 0x8DBC, 0x8DF0,
    0x208DE, 0x8ED4, 0x8F38, 0x285D2, 0x285ED, 0x9094, 0x90F1, 0x9111, 0x2872E, 0x911B,
    0x9238, 0x92D7, 0x92D8, 0x927C, 0x93F9, 0x9415, 0x28BFA, 0x958B, 0x4995, 0x95B7,
    0x28D77, 0x49E6, 0x96C3, 0x5DB2, 0x9723, 0x29145, 0x2921A, 0x4A6E, 0x4A76, 0x97E0,
    0x2940A, 0x4AB2, 0x29496, 0x980B, 0x980B, 0x9829, 0x295B6, 0x98E2, 0x4B33, 0x9929,
    0x99A7, 0x99C2, 0x99FE, 0x4BCE, 0x29B30, 0x9B12, 0x9C40, 0x9CFD, 0x4CCE, 0x4CED,
    0x9D67, 0x2A0CE, 0x4CF8, 0x2A105, 0x2A20E, 0x2A291, 0x9EBB, 0x4D56, 0x9EF9, 0x9EFE,
    0x9F05, 0x9F0F, 0x9F16, 0x9F3B, 0x2A600,
};

/* code points that decompose, ascending; for each, its canonical and its compatibility decomposition */
static const uint32_t kama__uni_dcp[] = {
    0xA0, 0xA8, 0xAA, 0xAF, 0xB2, 0xB3, 0xB4, 0xB5, 0xB8, 0xB9,
    0xBA, 0xBC, 0xBD, 0xBE, 0xC0, 0xC1, 0xC2, 0xC3, 0xC4, 0xC5,
    0xC7, 0xC8, 0xC9, 0xCA, 0xCB, 0xCC, 0xCD, 0xCE, 0xCF, 0xD1,
    0xD2, 0xD3, 0xD4, 0xD5, 0xD6, 0xD9, 0xDA, 0xDB, 0xDC, 0xDD,
    0xE0, 0xE1, 0xE2, 0xE3, 0xE4, 0xE5, 0xE7, 0xE8, 0xE9, 0xEA,
    0xEB, 0xEC, 0xED, 0xEE, 0xEF, 0xF1, 0xF2, 0xF3, 0xF4, 0xF5,
    0xF6, 0xF9, 0xFA, 0xFB, 0xFC, 0xFD, 0xFF, 0x100, 0x101, 0x102,
    0x103, 0x104, 0x105, 0x106, 0x107, 0x108, 0x109, 0x10A, 0x10B, 0x10C,
    0x10D, 0x10E, 0x10F, 0x112, 0x113, 0x114, 0x115, 0x116, 0x117, 0x118,
    0x119, 0x11A, 0x11B, 0x11C, 0x11D, 0x11E, 0x11F, 0x120, 0x121, 0x122,
    0x123, 0x124, 0x125, 0x128, 0x129, 0x12A, 0x12B, 0x12C, 0x12D, 0x12E,
    0x12F, 0x130, 0x132, 0x133, 0x134, 0x135, 0x136, 0x137, 0x139, 0x13A,
    0x13B, 0x13C, 0x13D, 0x13E, 0x13F, 0x140, 0x143, 0x144, 0x145, 0x146,
    0x147, 0x148, 0x149, 0x14C, 0x14D, 0x14E, 0x14F, 0x150, 0x151, 0x154,
    0x155, 0x156, 0x157, 0x158, 0x159, 0x15A, 0x15B, 0x15C, 0x15D, 0x15E,
    0x15F, 0x160, 0x161, 0x162, 0x163, 0x164, 0x165, 0x168, 0x169, 0x16A,
    0x16B, 0x16C, 0x16D, 0x16E, 0x16F, 0x170, 0x171, 0x172, 0x173, 0x174,
    0x175, 0x176, 0x177, 0x178, 0x179, 0x17A, 0x17B, 0x17C, 0x17D, 0x17E,
    0x17F, 0x1A0, 0x1A1, 0x1AF, 0x1B0, 0x1C4, 0x1C5, 0x1C6, 0x1C7, 0x1C8,
    0x1C9, 0x1CA, 0x1CB, 0x1CC, 0x1CD, 0x1CE, 0x1CF, 0x1D0, 0x1D1, 0x1D2,
    0x1D3, 0x1D4, 0x1D5, 0x1D6, 0x1D7, 0x1D8, 0x1D9, 0x1DA, 0x1DB, 0x1DC,
    0x1DE, 0x1DF, 0x1E0, 0x1E1, 0x1E2, 0x1E3, 0x1E6, 0x1E7, 0x1E8, 0x1E9,
    0x1EA, 0x1EB, 0x1EC, 0x1ED, 0x1EE, 0x1EF, 0x1F0, 0x1F1, 0x1F2, 0x1F3,
    0x1F4, 0x1F5, 0x1F8, 0x1F9, 0x1FA, 0x1FB, 0x1FC, 0x1FD, 0x1FE, 0x1FF,
    0x200, 0x201, 0x202, 0x203, 0x204, 0x205, 0x206, 0x207, 0x208, 0x209,
    0x20A, 0x20B, 0x20C, 0x20D, 0x20E, 0x20F, 0x210, 0x211, 0x212, 0x213,
    0x214, 0x215, 0x216, 0x217, 0x218, 0x219, 0x21A, 0x21B, 0x21E, 0x21F,
    0x226, 0x227, 0x228, 0x229, 0x22A, 0x22B, 0x22C, 0x22D, 0x22E, 0x22F,
    0x230, 0x231, 0x232, 0x233, 0x2B0, 0x2B1, 0x2B2, 0x2B3, 0x2B4, 0x2B5,
    0x2B6, 0x2B7, 0x2B8, 0x2D8, 0x2D9, 0x2DA, 0x2DB, 0x2DC, 0x2DD, 0x2E0,
    0x2E1, 0x2E2, 0x2E3, 0x2E4, 0x340, 0x341, 0x343, 0x344, 0x374, 0x37A,
    0x37E, 0x384, 0x385, 0x386, 0x387, 0x388, 0x389, 0x38A, 0x38C, 0x38E,
    0x38F, 0x390, 0x3AA, 0x3AB, 0x3AC, 0x3AD, 0x3AE, 0x3AF, 0x3B0, 0x3CA,
    0x3CB, 0x3CC, 0x3CD, 0x3CE, 0x3D0, 0x3D1, 0x3D2, 0x3D3, 0x3D4, 0x3D5,
    0x3D6, 0x3F0, 0x3F1, 0x3F2, 0x3F4, 0x3F5, 0x3F9, 0x400, 0x401, 0x403,
    0x407, 0x40C, 0x40D, 0x40E, 0x419, 0x439, 0x450, 0x451, 0x453, 0x457,
    0x45C, 0x45D, 0x45E, 0x476, 0x477, 0x4C1, 0x4C2, 0x4D0, 0x4D1, 0x4D2,
    0x4D3, 0x4D6, 0x4D7, 0x4DA, 0x4DB, 0x4DC, 0x4DD, 0x4DE, 0x4DF, 0x4E2,
    0x4E3, 0x4E4, 0x4E5, 0x4E6, 0x4E7, 0x4EA, 0x4EB, 0x4EC, 0x4ED, 0x4EE,
    0x4EF, 0x4F0, 0x4F1, 0x4F2, 0x4F3, 0x4F4, 0x4F5, 0x4F8, 0x4F9, 0x558,
    0x587, 0x58B, 0x58C, 0x622, 0x623, 0x624, 0x625, 0x626, 0x675, 0x676,
    0x677, 0x678, 0x6C0, 0x6C2, 0x6D3, 0x929, 0x931, 0x934, 0x958, 0x959,
    0x95A, 0x95B, 0x95C, 0x95D, 0x95E, 0x95F, 0x9CB, 0x9CC, 0x9DC, 0x9DD,
    0x9DF, 0xA33, 0xA36, 0xA59, 0xA5A, 0xA5B, 0xA5E, 0xB48, 0xB4B, 0xB4C,
    0xB5C, 0xB5D, 0xB94, 0xBCA, 0xBCB, 0xBCC, 0xC48, 0xCC0, 0xCC7, 0xCC8,
    0xCCA, 0xCCB, 0xD4A, 0xD4B, 0xD4C, 0xDDA, 0xDDC, 0xDDD, 0xDDE, 0xE33,
    0xEB3, 0xEDC, 0xEDD, 0xF0C, 0xF43, 0xF4D, 0xF52, 0xF57, 0xF5C, 0xF69,
    0xF73, 0xF75, 0xF76, 0xF77, 0xF78, 0xF79, 0xF81, 0xF93, 0xF9D, 0xFA2,
    0xFA7, 0xFAC, 0xFB9, 0x1026, 0x10FC, 0x1B06, 0x1B08, 0x1B0A, 0x1B0C, 0x1B0E,
    0x1B12, 0x1B3B, 0x1B3D, 0x1B40, 0x1B41, 0x1B43, 0x1D2C, 0x1D2D, 0x1D2E, 0x1D30,
    0x1D31, 0x1D32, 0x1D33, 0x1D34, 0x1D35, 0x1D36, 0x1D37, 0x1D38, 0x1D39, 0x1D3A,
    0x1D3C, 0x1D3D, 0x1D3E, 0x1D3F, 0x1D40, 0x1D41, 0x1D42, 0x1D43, 0x1D44, 0x1D45,
    0x1D46, 0x1D47, 0x1D48, 0x1D49, 0x1D4A, 0x1D4B, 0x1D4C, 0x1D4D, 0x1D4F, 0x1D50,
    0x1D51, 0x1D52, 0x1D53, 0x1D54, 0x1D55, 0x1D56, 0x1D57, 0x1D58, 0x1D59, 0x1D5A,
    0x1D5B, 0x1D5C, 0x1D5D, 0x1D5E, 0x1D5F, 0x1D60, 0x1D61, 0x1D62, 0x1D63, 0x1D64,
    0x1D65, 0x1D66, 0x1D67, 0x1D68, 0x1D69, 0x1D6A, 0x1D78, 0x1D9B, 0x1D9C, 0x1D9D,
    0x1D9E, 0x1D9F, 0x1DA0, 0x1DA1, 0x1DA2, 0x1DA3, 0x1DA4, 0x1DA5, 0x1DA6, 0x1DA7,
    0x1DA8, 0x1DA9, 0x1DAA, 0x1DAB, 0x1DAC, 0x1DAD, 0x1DAE, 0x1DAF, 0x1DB0, 0x1DB1,
    0x1DB2, 0x1DB3, 0x1DB4, 0x1DB5, 0x1DB6, 0x1DB7, 0x1DB8, 0x1DB9, 0x1DBA, 0x1DBB,
    0x1DBC, 0x1DBD, 0x1DBE, 0x1DBF, 0x1E00, 0x1E01, 0x1E02, 0x1E03, 0x1E04, 0x1E05,
    0x1E06, 0x1E07, 0x1E08, 0x1E09, 0x1E0A, 0x1E0B, 0x1E0C, 0x1E0D, 0x1E0E, 0x1E0F,
    0x1E10, 0x1E11, 0x1E12, 0x1E13, 0x1E14, 0x1E15, 0x1E16, 0x1E17, 0x1E18, 0x1E19,
    0x1E1A, 0x1E1B, 0x1E1C, 0x1E1D, 0x1E1E, 0x1E1F, 0x1E20, 0x1E21, 0x1E22, 0x1E23,
    0x1E24, 0x1E25, 0x1E26, 0x1E27, 0x1E28, 0x1E29, 0x1E2A, 0x1E2B, 0x1E2C, 0x1E2D,
    0x1E2E, 0x1E2F, 0x1E30, 0x1E31, 0x1E32, 0x1E33, 0x1E34, 0x1E35, 0x1E36, 0x1E37,
    0x1E38, 0x1E39, 0x1E3A, 0x1E3B, 0x1E3C, 0x1E3D, 0x1E3E, 0x1E3F, 0x1E40, 0x1E41,
    0x1E42, 0x1E43, 0x1E44, 0x1E45, 0x1E46, 0x1E47, 0x1E48, 0x1E49, 0x1E4A, 0x1E4B,
    0x1E4C, 0x1E4D, 0x1E4E, 0x1E4F, 0x1E50, 0x1E51, 0x1E52, 0x1E53, 0x1E54, 0x1E55,
    0x1E56, 0x1E57, 0x1E58, 0x1E59, 0x1E5A, 0x1E5B, 0x1E5C, 0x1E5D, 0x1E5E, 0x1E5F,
    0x1E60, 0x1E61, 0x1E62, 0x1E63, 0x1E64, 0x1E65, 0x1E66, 0x1E67, 0x1E68, 0x1E69,
    0x1E6A, 0x1E6B, 0x1E6C, 0x1E6D, 0x1E6E, 0x1E6F, 0x1E70, 0x1E71, 0x1E72, 0x1E73,
    0x1E74, 0x1E75, 0x1E76, 0x1E77, 0x1E78, 0x1E79, 0x1E7A, 0x1E7B, 0x1E7C, 0x1E7D,
    0x1E7E, 0x1E7F, 0x1E80, 0x1E81, 0x1E82, 0x1E83, 0x1E84, 0x1E85, 0x1E86, 0x1E87,
    0x1E88, 0x1E89, 0x1E8A, 0x1E8B, 0x1E8C, 0x1E8D, 0x1E8E, 0x1E8F, 0x1E90, 0x1E91,
    0x1E92, 0x1E93, 0x1E94, 0x1E95, 0x1E96, 0x1E97, 0x1E98, 0x1E99, 0x1E9A, 0x1E9B,
    0x1EA0, 0x1EA1, 0x1EA2, 0x1EA3, 0x1EA4, 0x1EA5, 0x1EA6, 0x1EA7, 0x1EA8, 0x1EA9,
    0x1EAA, 0x1EAB, 0x1EAC, 0x1EAD, 0x1EAE, 0x1EAF, 0x1EB0, 0x1EB1, 0x1EB2, 0x1EB3,
    0x1EB4, 0x1EB5, 0x1EB6, 0x1EB7, 0x1EB8, 0x1EB9, 0x1EBA, 0x1EBB, 0x1EBC, 0x1EBD,
    0x1EBE, 0x1EBF, 0x1EC0, 0x1EC1, 0x1EC2, 0x1EC3, 0x1EC4, 0x1EC5, 0x1EC6, 0x1EC7,
    0x1EC8, 0x1EC9, 0x1ECA, 0x1ECB, 0x1ECC, 0x1ECD, 0x1ECE, 0x1ECF, 0x1ED0, 0x1ED1,
    0x1ED2, 0x1ED3, 0x1ED4, 0x1ED5, 0x1ED6, 0x1ED7, 0x1ED8, 0x1ED9, 0x1EDA, 0x1EDB,
    0x1EDC, 0x1EDD, 0x1EDE, 0x1EDF, 0x1EE0, 0x1EE1, 0x1EE2, 0x1EE3, 0x1EE4, 0x1EE5,
    0x1EE6, 0x1EE7, 0x1EE8, 0x1EE9, 0x1EEA, 0x1EEB, 0x1EEC, 0x1EED, 0x1EEE, 0x1EEF,
    0x1EF0, 0x1EF1, 0x1EF2, 0x1EF3, 0x1EF4, 0x1EF5, 0x1EF6, 0x1EF7, 0x1EF8, 0x1EF9,
    0x1F00, 0x1F01, 0x1F02, 0x1F03, 0x1F04, 0x1F05, 0x1F06, 0x1F07, 0x1F08, 0x1F09,
    0x1F0A, 0x1F0B, 0x1F0C, 0x1F0D, 0x1F0E, 0x1F0F, 0x1F10, 0x1F11, 0x1F12, 0x1F13,
    0x1F14, 0x1F15, 0x1F18, 0x1F19, 0x1F1A, 0x1F1B, 0x1F1C, 0x1F1D, 0x1F20, 0x1F21,
    0x1F22, 0x1F23, 0x1F24, 0x1F25, 0x1F26, 0x1F27, 0x1F28, 0x1F29, 0x1F2A, 0x1F2B,
    0x1F2C, 0x1F2D, 0x1F2E, 0x1F2F, 0x1F30, 0x1F31, 0x1F32, 0x1F33, 0x1F34, 0x1F35,
    0x1F36, 0x1F37, 0x1F38, 0x1F39, 0x1F3A, 0x1F3B, 0x1F3C, 0x1F3D, 0x1F3E, 0x1F3F,
    0x1F40, 0x1F41, 0x1F42, 0x1F43, 0x1F44, 0x1F45, 0x1F48, 0x1F49, 0x1F4A, 0x1F4B,
    0x1F4C, 0x1F4D, 0x1F50, 0x1F51, 0x1F52, 0x1F53, 0x1F54, 0x1F55, 0x1F56, 0x1F57,
    0x1F59, 0x1F5B, 0x1F5D, 0x1F5F, 0x1F60, 0x1F61, 0x1F62, 0x1F63, 0x1F64, 0x1F65,
    0x1F66, 0x1F67, 0x1F68, 0x1F69, 0x1F6A, 0x1F6B, 0x1F6C, 0x1F6D, 0x1F6E, 0x1F6F,
    0x1F70, 0x1F71, 0x1F72, 0x1F73, 0x1F74, 0x1F75, 0x1F76, 0x1F77, 0x1F78, 0x1F79,
    0x1F7A, 0x1F7B, 0x1F7C, 0x1F7D, 0x1F80, 0x1F81, 0x1F82, 0x1F83, 0x1F84, 0x1F85,
    0x1F86, 0x1F87, 0x1F88, 0x1F89, 0x1F8A, 0x1F8B, 0x1F8C, 0x1F8D, 0x1F8E, 0x1F8F,
    0x1F90, 0x1F91, 0x1F92, 0x1F93, 0x1F94, 0x1F95, 0x1F96, 0x1F97, 0x1F98, 0x1F99,
    0x1F9A, 0x1F9B, 0x1F9C, 0x1F9D, 0x1F9E, 0x1F9F, 0x1FA0, 0x1FA1, 0x1FA2, 0x1FA3,
    0x1FA4, 0x1FA5, 0x1FA6, 0x1FA7, 0x1FA8, 0x1FA9, 0x1FAA, 0x1FAB, 0x1FAC, 0x1FAD,
    0x1FAE, 0x1FAF, 0x1FB0, 0x1FB1, 0x1FB2, 0x1FB3, 0x1FB4, 0x1FB6, 0x1FB7, 0x1FB8,
    0x1FB9, 0x1FBA, 0x1FBB, 0x1FBC, 0x1FBD, 0x1FBE, 0x1FBF, 0x1FC0, 0x1FC1, 0x1FC2,
    0x1FC3, 0x1FC4, 0x1FC6, 0x1FC7, 0x1FC8, 0x1FC9, 0x1FCA, 0x1FCB, 0x1FCC, 0x1FCD,
    0x1FCE, 0x1FCF, 0x1FD0, 0x1FD1, 0x1FD2, 0x1FD3, 0x1FD6, 0x1FD7, 0x1FD8, 0x1FD9,
    0x1FDA, 0x1FDB, 0x1FDD, 0x1FDE, 0x1FDF, 0x1FE0, 0x1FE1, 0x1FE2, 0x1FE3, 0x1FE4,
    0x1FE5, 0x1FE6, 0x1FE7, 0x1FE8, 0x1FE9, 0x1FEA, 0x1FEB, 0x1FEC, 0x1FED, 0x1FEE,
    0x1FEF, 0x1FF2, 0x1FF3, 0x1FF4, 0x1FF6, 0x1FF7, 0x1FF8, 0x1FF9, 0x1FFA, 0x1FFB,
    0x1FFC, 0x1FFD, 0x1FFE, 0x2000, 0x2001, 0x2002, 0x2003, 0x2004, 0x2005, 0x2006,
    0x2007, 0x2008, 0x2009, 0x200A, 0x2011, 0x2017, 0x2024, 0x2025, 0x2026, 0x202F,
    0x2033, 0x2034, 0x2036, 0x2037, 0x203C, 0x203E, 0x2047, 0x2048, 0x2049, 0x2057,
    0x205F, 0x2070, 0x2071, 0x2074, 0x2075, 0x2076, 0x2077, 0x2078, 0x2079, 0x207A,
    0x207B, 0x207C, 0x207D, 0x207E, 0x207F, 0x2080, 0x2081, 0x2082, 0x2083, 0x2084,
    0x2085, 0x2086, 0x2087, 0x2088, 0x2089, 0x208A, 0x208B, 0x208C, 0x208D, 0x208E,
    0x2090, 0x2091, 0x2092, 0x2093, 0x2094, 0x2095, 0x2096, 0x2097, 0x2098, 0x2099,
    0x209A, 0x209B, 0x209C, 0x209D, 0x209E, 0x209F, 0x20A8, 0x2100, 0x2101, 0x2102,
    0x2103, 0x2105, 0x2106, 0x2107, 0x2109, 0x210A, 0x210B, 0x210C, 0x210D, 0x210E,
    0x210F, 0x2110, 0x2111, 0x2112, 0x2113, 0x2115, 0x2116, 0x2119, 0x211A, 0x211B,
    0x211C, 0x211D, 0x2120, 0x2121, 0x2122, 0x2124, 0x2126, 0x2128, 0x212A, 0x212B,
    0x212C, 0x212D, 0x212F, 0x2130, 0x2131, 0x2133, 0x2134, 0x2135, 0x2136, 0x2137,
    0x2138, 0x2139, 0x213B, 0x213C, 0x213D, 0x213E, 0x213F, 0x2140, 0x2145, 0x2146,
    0x2147, 0x2148, 0x2149, 0x2150, 0x2151, 0x2152, 0x2153, 0x2154, 0x2155, 0x2156,
    0x2157, 0x2158, 0x2159, 0x215A, 0x215B, 0x215C, 0x215D, 0x215E, 0x215F, 0x2160,
    0x2161, 0x2162, 0x2163, 0x2164, 0x2165, 0x2166, 0x2167, 0x2168, 0x2169, 0x216A,
    0x216B, 0x216C, 0x216D, 0x216E, 0x216F, 0x2170, 0x2171, 0x2172, 0x2173, 0x2174,
    0x2175, 0x2176, 0x2177, 0x2178, 0x2179, 0x217A, 0x217B, 0x217C, 0x217D, 0x217E,
    0x217F, 0x2189, 0x219A, 0x219B, 0x21AE, 0x21CD, 0x21CE, 0x21CF, 0x2204, 0x2209,
    0x220C, 0x2224, 0x2226, 0x222C, 0x222D, 0x222F, 0x2230, 0x2241, 0x2244, 0x2247,
    0x2249, 0x2260, 0x2262, 0x226D, 0x226E, 0x226F, 0x2270, 0x2271, 0x2274, 0x2275,
    0x2278, 0x2279, 0x2280, 0x2281, 0x2284, 0x2285, 0x2288, 0x2289, 0x22AC, 0x22AD,
    0x22AE, 0x22AF, 0x22E0, 0x22E1, 0x22E2, 0x22E3, 0x22EA, 0x22EB, 0x22EC, 0x22ED,
    0x2329, 0x232A, 0x2460, 0x2461, 0x2462, 0x2463, 0x2464, 0x2465, 0x2466, 0x2467,
    0x2468, 0x2469, 0x246A, 0x246B, 0x246C, 0x246D, 0x246E, 0x246F, 0x2470, 0x2471,
    0x2472, 0x2473, 0x2474, 0x2475, 0x2476, 0x2477, 0x2478, 0x2479, 0x247A, 0x247B,
    0x247C, 0x247D, 0x247E, 0x247F, 0x2480, 0x2481, 0x2482, 0x2483, 0x2484, 0x2485,
    0x2486, 0x2487, 0x2488, 0x2489, 0x248A, 0x248B, 0x248C, 0x248D, 0x248E, 0x248F,
    0x2490, 0x2491, 0x2492, 0x2493, 0x2494, 0x2495, 0x2496, 0x2497, 0x2498, 0x2499,
    0x249A, 0x249B, 0x249C, 0x249D, 0x249E, 0x249F, 0x24A0, 0x24A1, 0x24A2, 0x24A3,
    0x24A4, 0x24A5, 0x24A6, 0x24A7, 0x24A8, 0x24A9, 0x24AA, 0x24AB, 0x24AC, 0x24AD,
    0x24AE, 0x24AF, 0x24B0, 0x24B1, 0x24B2, 0x24B3, 0x24B4, 0x24B5, 0x24B6, 0x24B7,
    0x24B8, 0x24B9, 0x24BA, 0x24BB, 0x24BC, 0x24BD, 0x24BE, 0x24BF, 0x24C0, 0x24C1,
    0x24C2, 0x24C3, 0x24C4, 0x24C5, 0x24C6, 0x24C7, 0x24C8, 0x24C9, 0x24CA, 0x24CB,
    0x24CC, 0x24CD, 0x24CE, 0x24CF, 0x24D0, 0x24D1, 0x24D2, 0x24D3, 0x24D4, 0x24D5,
    0x24D6, 0x24D7, 0x24D8, 0x24D9, 0x24DA, 0x24DB, 0x24DC, 0x24DD, 0x24DE, 0x24DF,
    0x24E0, 0x24E1, 0x24E2, 0x24E3, 0x24E4, 0x24E5, 0x24E6, 0x24E7, 0x24E8, 0x24E9,
    0x24EA, 0x2A0C, 0x2A74, 0x2A75, 0x2A76, 0x2ADC, 0x2C7C, 0x2C7D, 0x2D6F, 0x2E9F,
    0x2EF3, 0x2F00, 0x2F01, 0x2F02, 0x2F03, 0x2F04, 0x2F05, 0x2F06, 0x2F07, 0x2F08,
    0x2F09, 0x2F0A, 0x2F0B, 0x2F0C, 0x2F0D, 0x2F0E, 0x2F0F, 0x2F10, 0x2F11, 0x2F12,
    0x2F13, 0x2F14, 0x2F15, 0x2F16, 0x2F17, 0x2F18, 0x2F19, 0x2F1A, 0x2F1B, 0x2F1C,
    0x2F1D, 0x2F1E, 0x2F1F, 0x2F20, 0x2F21, 0x2F22, 0x2F23, 0x2F24, 0x2F25, 0x2F26,
    0x2F27, 0x2F28, 0x2F29, 0x2F2A, 0x2F2B, 0x2F2C, 0x2F2D, 0x2F2E, 0x2F2F, 0x2F30,
    0x2F31, 0x2F32, 0x2F33, 0x2F34, 0x2F35, 0x2F36, 0x2F37, 0x2F38, 0x2F39, 0x2F3A,
    0x2F3B, 0x2F3C, 0x2F3D, 0x2F3E, 0x2F3F, 0x2F40, 0x2F41, 0x2F42, 0x2F43, 0x2F44,
    0x2F45, 0x2F46, 0x2F47, 0x2F48, 0x2F49, 0x2F4A, 0x2F4B, 0x2F4C, 0x2F4D, 0x2F4E,
    0x2F4F, 0x2F50, 0x2F51, 0x2F52, 0x2F53, 0x2F54, 0x2F55, 0x2F56, 0x2F57, 0x2F58,
    0x2F59, 0x2F5A, 0x2F5B, 0x2F5C, 0x2F5D, 0x2F5E, 0x2F5F, 0x2F60, 0x2F61, 0x2F62,
    0x2F63, 0x2F64, 0x2F65, 0x2F66, 0x2F67, 0x2F68, 0x2F69, 0x2F6A, 0x2F6B, 0x2F6C,
    0x2F6D, 0x2F6E, 0x2F6F, 0x2F70, 0x2F71, 0x2F72, 0x2F73, 0x2F74, 0x2F75, 0x2F76,
    0x2F77, 0x2F78, 0x2F79, 0x2F7A, 0x2F7B, 0x2F7C, 0x2F7D, 0x2F7E, 0x2F7F, 0x2F80,
    0x2F81, 0x2F82, 0x2F83, 0x2F84, 0x2F85, 0x2F86, 0x2F87, 0x2F88, 0x2F89, 0x2F8A,
    0x2F8B, 0x2F8C, 0x2F8D, 0x2F8E, 0x2F8F, 0x2F90, 0x2F91, 0x2F92, 0x2F93, 0x2F94,
    0x2F95, 0x2F96, 0x2F97, 0x2F98, 0x2F99, 0x2F9A, 0x2F9B, 0x2F9C, 0x2F9D, 0x2F9E,
    0x2F9F, 0x2FA0, 0x2FA1, 0x2FA2, 0x2FA3, 0x2FA4, 0x2FA5, 0x2FA6, 0x2FA7, 0x2FA8,
    0x2FA9, 0x2FAA, 0x2FAB, 0x2FAC, 0x2FAD, 0x2FAE, 0x2FAF, 0x2FB0, 0x2FB1, 0x2FB2,
    0x2FB3, 0x2FB4, 0x2FB5, 0x2FB6, 0x2FB7, 0x2FB8, 0x2FB9, 0x2FBA, 0x2FBB, 0x2FBC,
    0x2FBD, 0x2FBE, 0x2FBF, 0x2FC0, 0x2FC1, 0x2FC2, 0x2FC3, 0x2FC4, 0x2FC5, 0x2FC6,
    0x2FC7, 0x2FC8, 0x2FC9, 0x2FCA, 0x2FCB, 0x2FCC, 0x2FCD, 0x2FCE, 0x2FCF, 0x2FD0,
    0x2FD1, 0x2FD2, 0x2FD3, 0x2FD4, 0x2FD5, 0x3000, 0x3036, 0x3038, 0x3039, 0x303A,
    0x304C, 0x304E, 0x3050, 0x3052, 0x3054, 0x3056, 0x3058, 0x305A, 0x305C, 0x305E,
    0x3060, 0x3062, 0x3065, 0x3067, 0x3069, 0x3070, 0x3071, 0x3073, 0x3074, 0x3076,
    0x3077, 0x3079, 0x307A, 0x307C, 0x307D, 0x3094, 0x309B, 0x309C, 0x309E, 0x309F,
    0x30AC, 0x30AE, 0x30B0, 0x30B2, 0x30B4, 0x30B6, 0x30B8, 0x30BA, 0x30BC, 0x30BE,
    0x30C0, 0x30C2, 0x30C5, 0x30C7, 0x30C9, 0x30D0, 0x30D1, 0x30D3, 0x30D4, 0x30D6,
    0x30D7, 0x30D9, 0x30DA, 0x30DC, 0x30DD, 0x30F4, 0x30F7, 0x30F8, 0x30F9, 0x30FA,
    0x30FE, 0x30FF, 0x3131, 0x3132, 0x3133, 0x3134, 0x3135, 0x3136, 0x3137, 0x3138,
    0x3139, 0x313A, 0x313B, 0x313C, 0x313D, 0x313E, 0x313F, 0x3140, 0x3141, 0x3142,
    0x3143, 0x3144, 0x3145, 0x3146, 0x3147, 0x3148, 0x3149, 0x314A, 0x314B, 0x314C,
    0x314D, 0x314E, 0x314F, 0x3150, 0x3151, 0x3152, 0x3153, 0x3154, 0x3155, 0x3156,
    0x3157, 0x3158, 0x3159, 0x315A, 0x315B, 0x315C, 0x315D, 0x315E, 0x315F, 0x3160,
    0x3161, 0x3162, 0x3163, 0x3164, 0x3165, 0x3166, 0x3167, 0x3168, 0x3169, 0x316A,
    0x316B, 0x316C, 0x316D, 0x316E, 0x316F, 0x3170, 0x3171, 0x3172, 0x3173, 0x3174,
    0x3175, 0x3176, 0x3177, 0x3178, 0x3179, 0x317A, 0x317B, 0x317C, 0x317D, 0x317E,
    0x317F, 0x3180, 0x3181, 0x3182, 0x3183, 0x3184, 0x3185, 0x3186, 0x3187, 0x3188,
    0x3189, 0x318A, 0x318B, 0x318C, 0x318D, 0x318E, 0x3192, 0x3193, 0x3194, 0x3195,
    0x3196, 0x3197, 0x3198, 0x3199, 0x319A, 0x319B, 0x319C, 0x319D, 0x319E, 0x319F,
    0x3200, 0x3201, 0x3202, 0x3203, 0x3204, 0x3205, 0x3206, 0x3207, 0x3208, 0x3209,
    0x320A, 0x320B, 0x320C, 0x320D, 0x320E, 0x320F, 0x3210, 0x3211, 0x3212, 0x3213,
    0x3214, 0x3215, 0x3216, 0x3217, 0x3218, 0x3219, 0x321A, 0x321B, 0x321C, 0x321D,
    0x321E, 0x3220, 0x3221, 0x3222, 0x3223, 0x3224, 0x3225, 0x3226, 0x3227, 0x3228,
    0x3229, 0x322A, 0x322B, 0x322C, 0x322D, 0x322E, 0x322F, 0x3230, 0x3231, 0x3232,
    0x3233, 0x3234, 0x3235, 0x3236, 0x3237, 0x3238, 0x3239, 0x323A, 0x323B, 0x323C,
    0x323D, 0x323E, 0x323F, 0x3240, 0x3241, 0x3242, 0x3243, 0x3244, 0x3245, 0x3246,
    0x3247, 0x3250, 0x3251, 0x3252, 0x3253, 0x3254, 0x3255, 0x3256, 0x3257, 0x3258,
    0x3259, 0x325A, 0x325B, 0x325C, 0x325D, 0x325E, 0x325F, 0x3260, 0x3261, 0x3262,
    0x3263, 0x3264, 0x3265, 0x3266, 0x3267, 0x3268, 0x3269, 0x326A, 0x326B, 0x326C,
    0x326D, 0x326E, 0x326F, 0x3270, 0x3271, 0x3272, 0x3273, 0x3274, 0x3275, 0x3276,
    0x3277, 0x3278, 0x3279, 0x327A, 0x327B, 0x327C, 0x327D, 0x327E, 0x3280, 0x3281,
    0x3282, 0x3283, 0x3284, 0x3285, 0x3286, 0x3287, 0x3288, 0x3289, 0x328A, 0x328B,
    0x328C, 0x328D, 0x328E, 0x328F, 0x3290, 0x3291, 0x3292, 0x3293, 0x3294, 0x3295,
    0x3296, 0x3297, 0x3298, 0x3299, 0x329A, 0x329B, 0x329C, 0x329D, 0x329E, 0x329F,
    0x32A0, 0x32A1, 0x32A2, 0x32A3, 0x32A4, 0x32A5, 0x32A6, 0x32A7, 0x32A8, 0x32A9,
    0x32AA, 0x32AB, 0x32AC, 0x32AD, 0x32AE, 0x32AF, 0x32B0, 0x32B1, 0x32B2, 0x32B3,
    0x32B4, 0x32B5, 0x32B6, 0x32B7, 0x32B8, 0x32B9, 0x32BA, 0x32BB, 0x32BC, 0x32BD,
    0x32BE, 0x32BF, 0x32C0, 0x32C1, 0x32C2, 0x32C3, 0x32C4, 0x32C5, 0x32C6, 0x32C7,
    0x32C8, 0x32C9, 0x32CA, 0x32CB, 0x32CC, 0x32CD, 0x32CE, 0x32CF, 0x32D0, 0x32D1,
    0x32D2, 0x32D3, 0x32D4, 0x32D5, 0x32D6, 0x32D7, 0x32D8, 0x32D9, 0x32DA, 0x32DB,
    0x32DC, 0x32DD, 0x32DE, 0x32DF, 0x32E0, 0x32E1, 0x32E2, 0x32E3, 0x32E4, 0x32E5,
    0x32E6, 0x32E7, 0x32E8, 0x32E9, 0x32EA, 0x32EB, 0x32EC, 0x32ED, 0x32EE, 0x32EF,
    0x32F0, 0x32F1, 0x32F2, 0x32F3, 0x32F4, 0x32F5, 0x32F6, 0x32F7, 0x32F8, 0x32F9,
    0x32FA, 0x32FB, 0x32FC, 0x32FD, 0x32FE, 0x32FF, 0x3300, 0x3301, 0x3302, 0x3303,
    0x3304, 0x3305, 0x3306, 0x3307, 0x3308, 0x3309, 0x330A, 0x330B, 0x330C, 0x330D,
    0x330E, 0x330F, 0x3310, 0x3311, 0x3312, 0x3313, 0x3314, 0x3315, 0x3316, 0x3317,
    0x3318, 0x3319, 0x331A, 0x331B, 0x331C, 0x331D, 0x331E, 0x331F, 0x3320, 0x3321,
    0x3322, 0x3323, 0x3324, 0x3325, 0x3326, 0x3327, 0x3328, 0x3329, 0x332A, 0x332B,
    0x332C, 0x332D, 0x332E, 0x332F, 0x3330, 0x3331, 0x3332, 0x3333, 0x3334, 0x3335,
    0x3336, 0x3337, 0x3338, 0x3339, 0x333A, 0x333B, 0x333C, 0x333D, 0x333E, 0x333F,
    0x3340, 0x3341, 0x3342, 0x3343, 0x3344, 0x3345, 0x3346, 0x3347, 0x3348, 0x3349,
    0x334A, 0x334B, 0x334C, 0x334D, 0x334E, 0x334F, 0x3350, 0x3351, 0x3352, 0x3353,
    0x3354, 0x3355, 0x3356, 0x3357, 0x3358, 0x3359, 0x335A, 0x335B, 0x335C, 0x335D,
    0x335E, 0x335F, 0x3360, 0x3361, 0x3362, 0x3363, 0x3364, 0x3365, 0x3366, 0x3367,
    0x3368, 0x3369, 0x336A, 0x336B, 0x336C, 0x336D, 0x336E, 0x336F, 0x3370, 0x3371,
    0x3372, 0x3373, 0x3374, 0x3375, 0x3376, 0x3377, 0x3378, 0x3379, 0x337A, 0x337B,
    0x337C, 0x337D, 0x337E, 0x337F, 0x3380, 0x3381, 0x3382, 0x3383, 0x3384, 0x3385,
    0x3386, 0x3387, 0x3388, 0x3389, 0x338A, 0x338B, 0x338C, 0x338D, 0x338E, 0x338F,
    0x3390, 0x3391, 0x3392, 0x3393, 0x3394, 0x3395, 0x3396, 0x3397, 0x3398, 0x3399,
    0x339A, 0x339B, 0x339C, 0x339D, 0x339E, 0x339F, 0x33A0, 0x33A1, 0x33A2, 0x33A3,
    0x33A4, 0x33A5, 0x33A6, 0x33A7, 0x33A8, 0x33A9, 0x33AA, 0x33AB, 0x33AC, 0x33AD,
    0x33AE, 0x33AF, 0x33B0, 0x33B1, 0x33B2, 0x33B3, 0x33B4, 0x33B5, 0x33B6, 0x33B7,
    0x33B8, 0x33B9, 0x33BA, 0x33BB, 0x33BC, 0x33BD, 0x33BE, 0x33BF, 0x33C0, 0x33C1,
    0x33C2, 0x33C3, 0x33C4, 0x33C5, 0x33C6, 0x33C7, 0x33C8, 0x33C9, 0x33CA, 0x33CB,
    0x33CC, 0x33CD, 0x33CE, 0x33CF, 0x33D0, 0x33D1, 0x33D2, 0x33D3, 0x33D4, 0x33D5,
    0x33D6, 0x33D7, 0x33D8, 0x33D9, 0x33DA, 0x33DB, 0x33DC, 0x33DD, 0x33DE, 0x33DF,
    0x33E0, 0x33E1, 0x33E2, 0x33E3, 0x33E4, 0x33E5, 0x33E6, 0x33E7, 0x33E8, 0x33E9,
    0x33EA, 0x33EB, 0x33EC, 0x33ED, 0x33EE, 0x33EF, 0x33F0, 0x33F1, 0x33F2, 0x33F3,
    0x33F4, 0x33F5, 0x33F6, 0x33F7, 0x33F8, 0x33F9, 0x33FA, 0x33FB, 0x33FC, 0x33FD,
    0x33FE, 0x33FF, 0xA69C, 0xA69D, 0xA770, 0xA7F1, 0xA7F2, 0xA7F3, 0xA7F4, 0xA7F8,
    0xA7F9, 0xAB5C, 0xAB5D, 0xAB5E, 0xAB5F, 0xAB69, 0xF900, 0xF901, 0xF902, 0xF903,
    0xF904, 0xF905, 0xF906, 0xF907, 0xF908, 0xF909, 0xF90A, 0xF90B, 0xF90C, 0xF90D,
    0xF90E, 0xF90F, 0xF910, 0xF911, 0xF912, 0xF913, 0xF914, 0xF915, 0xF916, 0xF917,
    0xF918, 0xF919, 0xF91A, 0xF91B, 0xF91C, 0xF91D, 0xF91E, 0xF91F, 0xF920, 0xF921,
    0xF922, 0xF923, 0xF924, 0xF925, 0xF926, 0xF927, 0xF928, 0xF929, 0xF92A, 0xF92B,
    0xF92C, 0xF92D, 0xF92E, 0xF92F, 0xF930, 0xF931, 0xF932, 0xF933, 0xF934, 0xF935,
    0xF936, 0xF937, 0xF938, 0xF939, 0xF93A, 0xF93B, 0xF93C, 0xF93D, 0xF93E, 0xF93F,
    0xF940, 0xF941, 0xF942, 0xF943, 0xF944, 0xF945, 0xF946, 0xF947, 0xF948, 0xF949,
    0xF94A, 0xF94B, 0xF94C, 0xF94D, 0xF94E, 0xF94F, 0xF950, 0xF951, 0xF952, 0xF953,
    0xF954, 0xF955, 0xF956, 0xF957, 0xF958, 0xF959, 0xF95A, 0xF95B, 0xF95C, 0xF95D,
    0xF95E, 0xF95F, 0xF960, 0xF961, 0xF962, 0xF963, 0xF964, 0xF965, 0xF966, 0xF967,
    0xF968, 0xF969, 0xF96A, 0xF96B, 0xF96C, 0xF96D, 0xF96E, 0xF96F, 0xF970, 0xF971,
    0xF972, 0xF973, 0xF974, 0xF975, 0xF976, 0xF977, 0xF978, 0xF979, 0xF97A, 0xF97B,
    0xF97C, 0xF97D, 0xF97E, 0xF97F, 0xF980, 0xF981, 0xF982, 0xF983, 0xF984, 0xF985,
    0xF986, 0xF987, 0xF988, 0xF989, 0xF98A, 0xF98B, 0xF98C, 0xF98D, 0xF98E, 0xF98F,
    0xF990, 0xF991, 0xF992, 0xF993, 0xF994, 0xF995, 0xF996, 0xF997, 0xF998, 0xF999,
    0xF99A, 0xF99B, 0xF99C, 0xF99D, 0xF99E, 0xF99F, 0xF9A0, 0xF9A1, 0xF9A2, 0xF9A3,
    0xF9A4, 0xF9A5, 0xF9A6, 0xF9A7, 0xF9A8, 0xF9A9, 0xF9AA, 0xF9AB, 0xF9AC, 0xF9AD,
    0xF9AE, 0xF9AF, 0xF9B0, 0xF9B1, 0xF9B2, 0xF9B3, 0xF9B4, 0xF9B5, 0xF9B6, 0xF9B7,
    0xF9B8, 0xF9B9, 0xF9BA, 0xF9BB, 0xF9BC, 0xF9BD, 0xF9BE, 0xF9BF, 0xF9C0, 0xF9C1,
    0xF9C2, 0xF9C3, 0xF9C4, 0xF9C5, 0xF9C6, 0xF9C7, 0xF9C8, 0xF9C9, 0xF9CA, 0xF9CB,
    0xF9CC, 0xF9CD, 0xF9CE, 0xF9CF, 0xF9D0, 0xF9D1, 0xF9D2, 0xF9D3, 0xF9D4, 0xF9D5,
    0xF9D6, 0xF9D7, 0xF9D8, 0xF9D9, 0xF9DA, 0xF9DB, 0xF9DC, 0xF9DD, 0xF9DE, 0xF9DF,
    0xF9E0, 0xF9E1, 0xF9E2, 0xF9E3, 0xF9E4, 0xF9E5, 0xF9E6, 0xF9E7, 0xF9E8, 0xF9E9,
    0xF9EA, 0xF9EB, 0xF9EC, 0xF9ED, 0xF9EE, 0xF9EF, 0xF9F0, 0xF9F1, 0xF9F2, 0xF9F3,
    0xF9F4, 0xF9F5, 0xF9F6, 0xF9F7, 0xF9F8, 0xF9F9, 0xF9FA, 0xF9FB, 0xF9FC, 0xF9FD,
    0xF9FE, 0xF9FF, 0xFA00, 0xFA01, 0xFA02, 0xFA03, 0xFA04, 0xFA05, 0xFA06, 0xFA07,
    0xFA08, 0xFA09, 0xFA0A, 0xFA0B, 0xFA0C, 0xFA0D, 0xFA10, 0xFA12, 0xFA15, 0xFA16,
    0xFA17, 0xFA18, 0xFA19, 0xFA1A, 0xFA1B, 0xFA1C, 0xFA1D, 0xFA1E, 0xFA20, 0xFA22,
    0xFA25, 0xFA26, 0xFA2A, 0xFA2B, 0xFA2C, 0xFA2D, 0xFA2E, 0xFA2F, 0xFA30, 0xFA31,
    0xFA32, 0xFA33, 0xFA34, 0xFA35, 0xFA36, 0xFA37, 0xFA38, 0xFA39, 0xFA3A, 0xFA3B,
    0xFA3C, 0xFA3D, 0xFA3E, 0xFA3F, 0xFA40, 0xFA41, 0xFA42, 0xFA43, 0xFA44, 0xFA45,
    0xFA46, 0xFA47, 0xFA48, 0xFA49, 0xFA4A, 0xFA4B, 0xFA4C, 0xFA4D, 0xFA4E, 0xFA4F,
    0xFA50, 0xFA51, 0xFA52, 0xFA53, 0xFA54, 0xFA55, 0xFA56, 0xFA57, 0xFA58, 0xFA59,
    0xFA5A, 0xFA5B, 0xFA5C, 0xFA5D, 0xFA5E, 0xFA5F, 0xFA60, 0xFA61, 0xFA62, 0xFA63,
    0xFA64, 0xFA65, 0xFA66, 0xFA67, 0xFA68, 0xFA69, 0xFA6A, 0xFA6B, 0xFA6C, 0xFA6D,
    0xFA70, 0xFA71, 0xFA72, 0xFA73, 0xFA74, 0xFA75, 0xFA76, 0xFA77, 0xFA78, 0xFA79,
    0xFA7A, 0xFA7B, 0xFA7C, 0xFA7D, 0xFA7E, 0xFA7F, 0xFA80, 0xFA81, 0xFA82, 0xFA83,
    0xFA84, 0xFA85, 0xFA86, 0xFA87, 0xFA88, 0xFA89, 0xFA8A, 0xFA8B, 0xFA8C, 0xFA8D,
    0xFA8E, 0xFA8F, 0xFA90, 0xFA91, 0xFA92, 0xFA93, 0xFA94, 0xFA95, 0xFA96, 0xFA97,
    0xFA98, 0xFA99, 0xFA9A, 0xFA9B, 0xFA9C, 0xFA9D, 0xFA9E, 0xFA9F, 0xFAA0, 0xFAA1,
    0xFAA2, 0xFAA3, 0xFAA4, 0xFAA5, 0xFAA6, 0xFAA7, 0xFAA8, 0xFAA9, 0xFAAA, 0xFAAB,
    0xFAAC, 0xFAAD, 0xFAAE, 0xFAAF, 0xFAB0, 0xFAB1, 0xFAB2, 0xFAB3, 0xFAB4, 0xFAB5,
    0xFAB6, 0xFAB7, 0xFAB8, 0xFAB9, 0xFABA, 0xFABB, 0xFABC, 0xFABD, 0xFABE, 0xFABF,
    0xFAC0, 0xFAC1, 0xFAC2, 0xFAC3, 0xFAC4, 0xFAC5, 0xFAC6, 0xFAC7, 0xFAC8, 0xFAC9,
    0xFACA, 0xFACB, 0xFACC, 0xFACD, 0xFACE, 0xFACF, 0xFAD0, 0xFAD1, 0xFAD2, 0xFAD3,
    0xFAD4, 0xFAD5, 0xFAD6, 0xFAD7, 0xFAD8, 0xFAD9, 0xFB00, 0xFB01, 0xFB02, 0xFB03,
    0xFB04, 0xFB05, 0xFB06, 0xFB13, 0xFB14, 0xFB15, 0xFB16, 0xFB17, 0xFB1D, 0xFB1F,
    0xFB20, 0xFB21, 0xFB22, 0xFB23, 0xFB24, 0xFB25, 0xFB26, 0xFB27, 0xFB28, 0xFB29,
    0xFB2A, 0xFB2B, 0xFB2C, 0xFB2D, 0xFB2E, 0xFB2F, 0xFB30, 0xFB31, 0xFB32, 0xFB33,
    0xFB34, 0xFB35, 0xFB36, 0xFB38, 0xFB39, 0xFB3A, 0xFB3B, 0xFB3C, 0xFB3E, 0xFB40,
    0xFB41, 0xFB43, 0xFB44, 0xFB46, 0xFB47, 0xFB48, 0xFB49, 0xFB4A, 0xFB4B, 0xFB4C,
    0xFB4D, 0xFB4E, 0xFB4F, 0xFB50, 0xFB51, 0xFB52, 0xFB53, 0xFB54, 0xFB55, 0xFB56,
    0xFB57, 0xFB58, 0xFB59, 0xFB5A, 0xFB5B, 0xFB5C, 0xFB5D, 0xFB5E, 0xFB5F, 0xFB60,
    0xFB61, 0xFB62, 0xFB63, 0xFB64, 0xFB65, 0xFB66, 0xFB67, 0xFB68, 0xFB69, 0xFB6A,
    0xFB6B, 0xFB6C, 0xFB6D, 0xFB6E, 0xFB6F, 0xFB70, 0xFB71, 0xFB72, 0xFB73, 0xFB74,
    0xFB75, 0xFB76, 0xFB77, 0xFB78, 0xFB79, 0xFB7A, 0xFB7B, 0xFB7C, 0xFB7D, 0xFB7E,
    0xFB7F, 0xFB80, 0xFB81, 0xFB82, 0xFB83, 0xFB84, 0xFB85, 0xFB86, 0xFB87, 0xFB88,
    0xFB89, 0xFB8A, 0xFB8B, 0xFB8C, 0xFB8D, 0xFB8E, 0xFB8F, 0xFB90, 0xFB91, 0xFB92,
    0xFB93, 0xFB94, 0xFB95, 0xFB96, 0xFB97, 0xFB98, 0xFB99, 0xFB9A, 0xFB9B, 0xFB9C,
    0xFB9D, 0xFB9E, 0xFB9F, 0xFBA0, 0xFBA1, 0xFBA2, 0xFBA3, 0xFBA4, 0xFBA5, 0xFBA6,
    0xFBA7, 0xFBA8, 0xFBA9, 0xFBAA, 0xFBAB, 0xFBAC, 0xFBAD, 0xFBAE, 0xFBAF, 0xFBB0,
    0xFBB1, 0xFBD3, 0xFBD4, 0xFBD5, 0xFBD6, 0xFBD7, 0xFBD8, 0xFBD9, 0xFBDA, 0xFBDB,
    0xFBDC, 0xFBDD, 0xFBDE, 0xFBDF, 0xFBE0, 0xFBE1, 0xFBE2, 0xFBE3, 0xFBE4, 0xFBE5,
    0xFBE6, 0xFBE7, 0xFBE8, 0xFBE9, 0xFBEA, 0xFBEB, 0xFBEC, 0xFBED, 0xFBEE, 0xFBEF,
    0xFBF0, 0xFBF1, 0xFBF2, 0xFBF3, 0xFBF4, 0xFBF5, 0xFBF6, 0xFBF7, 0xFBF8, 0xFBF9,
    0xFBFA, 0xFBFB, 0xFBFC, 0xFBFD, 0xFBFE, 0xFBFF, 0xFC00, 0xFC01, 0xFC02, 0xFC03,
    0xFC04, 0xFC05, 0xFC06, 0xFC07, 0xFC08, 0xFC09, 0xFC0A, 0xFC0B, 0xFC0C, 0xFC0D,
    0xFC0E, 0xFC0F, 0xFC10, 0xFC11, 0xFC12, 0xFC13, 0xFC14, 0xFC15, 0xFC16, 0xFC17,
    0xFC18, 0xFC19, 0xFC1A, 0xFC1B, 0xFC1C, 0xFC1D, 0xFC1E, 0xFC1F, 0xFC20, 0xFC21,
    0xFC22, 0xFC23, 0xFC24, 0xFC25, 0xFC26, 0xFC27, 0xFC28, 0xFC29, 0xFC2A, 0xFC2B,
    0xFC2C, 0xFC2D, 0xFC2E, 0xFC2F, 0xFC30, 0xFC31, 0xFC32, 0xFC33, 0xFC34, 0xFC35,
    0xFC36, 0xFC37, 0xFC38, 0xFC39, 0xFC3A, 0xFC3B, 0xFC3C, 0xFC3D, 0xFC3E, 0xFC3F,
    0xFC40, 0xFC41, 0xFC42, 0xFC43, 0xFC44, 0xFC45, 0xFC46, 0xFC47, 0xFC48, 0xFC49,
    0xFC4A, 0xFC4B, 0xFC4C, 0xFC4D, 0xFC4E, 0xFC4F, 0xFC50, 0xFC51, 0xFC52, 0xFC53,
    0xFC54, 0xFC55, 0xFC56, 0xFC57, 0xFC58, 0xFC59, 0xFC5A, 0xFC5B, 0xFC5C, 0xFC5D,
    0xFC5E, 0xFC5F, 0xFC60, 0xFC61, 0xFC62, 0xFC63, 0xFC64, 0xFC65, 0xFC66, 0xFC67,
    0xFC68, 0xFC69, 0xFC6A, 0xFC6B, 0xFC6C, 0xFC6D, 0xFC6E, 0xFC6F, 0xFC70, 0xFC71,
    0xFC72, 0xFC73, 0xFC74, 0xFC75, 0xFC76, 0xFC77, 0xFC78, 0xFC79, 0xFC7A, 0xFC7B,
    0xFC7C, 0xFC7D, 0xFC7E, 0xFC7F, 0xFC80, 0xFC81, 0xFC82, 0xFC83, 0xFC84, 0xFC85,
    0xFC86, 0xFC87, 0xFC88, 0xFC89, 0xFC8A, 0xFC8B, 0xFC8C, 0xFC8D, 0xFC8E, 0xFC8F,
    0xFC90, 0xFC91, 0xFC92, 0xFC93, 0xFC94, 0xFC95, 0xFC96, 0xFC97, 0xFC98, 0xFC99,
    0xFC9A, 0xFC9B, 0xFC9C, 0xFC9D, 0xFC9E, 0xFC9F, 0xFCA0, 0xFCA1, 0xFCA2, 0xFCA3,
    0xFCA4, 0xFCA5, 0xFCA6, 0xFCA7, 0xFCA8, 0xFCA9, 0xFCAA, 0xFCAB, 0xFCAC, 0xFCAD,
    0xFCAE, 0xFCAF, 0xFCB0, 0xFCB1, 0xFCB2, 0xFCB3, 0xFCB4, 0xFCB5, 0xFCB6, 0xFCB7,
    0xFCB8, 0xFCB9, 0xFCBA, 0xFCBB, 0xFCBC, 0xFCBD, 0xFCBE, 0xFCBF, 0xFCC0, 0xFCC1,
    0xFCC2, 0xFCC3, 0xFCC4, 0xFCC5, 0xFCC6, 0xFCC7, 0xFCC8, 0xFCC9, 0xFCCA, 0xFCCB,
    0xFCCC, 0xFCCD, 0xFCCE, 0xFCCF, 0xFCD0, 0xFCD1, 0xFCD2, 0xFCD3, 0xFCD4, 0xFCD5,
    0xFCD6, 0xFCD7, 0xFCD8, 0xFCD9, 0xFCDA, 0xFCDB, 0xFCDC, 0xFCDD, 0xFCDE, 0xFCDF,
    0xFCE0, 0xFCE1, 0xFCE2, 0xFCE3, 0xFCE4, 0xFCE5, 0xFCE6, 0xFCE7, 0xFCE8, 0xFCE9,
    0xFCEA, 0xFCEB, 0xFCEC, 0xFCED, 0xFCEE, 0xFCEF, 0xFCF0, 0xFCF1, 0xFCF2, 0xFCF3,
    0xFCF4, 0xFCF5, 0xFCF6, 0xFCF7, 0xFCF8, 0xFCF9, 0xFCFA, 0xFCFB, 0xFCFC, 0xFCFD,
    0xFCFE, 0xFCFF, 0xFD00, 0xFD01, 0xFD02, 0xFD03, 0xFD04, 0xFD05, 0xFD06, 0xFD07,
    0xFD08, 0xFD09, 0xFD0A, 0xFD0B, 0xFD0C, 0xFD0D, 0xFD0E, 0xFD0F, 0xFD10, 0xFD11,
    0xFD12, 0xFD13, 0xFD14, 0xFD15, 0xFD16, 0xFD17, 0xFD18, 0xFD19, 0xFD1A, 0xFD1B,
    0xFD1C, 0xFD1D, 0xFD1E, 0xFD1F, 0xFD20, 0xFD21, 0xFD22, 0xFD23, 0xFD24, 0xFD25,
    0xFD26, 0xFD27, 0xFD28, 0xFD29, 0xFD2A, 0xFD2B, 0xFD2C, 0xFD2D, 0xFD2E, 0xFD2F,
    0xFD30, 0xFD31, 0xFD32, 0xFD33, 0xFD34, 0xFD35, 0xFD36, 0xFD37, 0xFD38, 0xFD39,
    0xFD3A, 0xFD3B, 0xFD3C, 0xFD3D, 0xFD50, 0xFD51, 0xFD52, 0xFD53, 0xFD54, 0xFD55,
    0xFD56, 0xFD57, 0xFD58, 0xFD59, 0xFD5A, 0xFD5B, 0xFD5C, 0xFD5D, 0xFD5E, 0xFD5F,
    0xFD60, 0xFD61, 0xFD62, 0xFD63, 0xFD64, 0xFD65, 0xFD66, 0xFD67, 0xFD68, 0xFD69,
    0xFD6A, 0xFD6B, 0xFD6C, 0xFD6D, 0xFD6E, 0xFD6F, 0xFD70, 0xFD71, 0xFD72, 0xFD73,
    0xFD74, 0xFD75, 0xFD76, 0xFD77, 0xFD78, 0xFD79, 0xFD7A, 0xFD7B, 0xFD7C, 0xFD7D,
    0xFD7E, 0xFD7F, 0xFD80, 0xFD81, 0xFD82, 0xFD83, 0xFD84, 0xFD85, 0xFD86, 0xFD87,
    0xFD88, 0xFD89, 0xFD8A, 0xFD8B, 0xFD8C, 0xFD8D, 0xFD8E, 0xFD8F, 0xFD92, 0xFD93,
    0xFD94, 0xFD95, 0xFD96, 0xFD97, 0xFD98, 0xFD99, 0xFD9A, 0xFD9B, 0xFD9C, 0xFD9D,
    0xFD9E, 0xFD9F, 0xFDA0, 0xFDA1, 0xFDA2, 0xFDA3, 0xFDA4, 0xFDA5, 0xFDA6, 0xFDA7,
    0xFDA8, 0xFDA9, 0xFDAA, 0xFDAB, 0xFDAC, 0xFDAD, 0xFDAE, 0xFDAF, 0xFDB0, 0xFDB1,
    0xFDB2, 0xFDB3, 0xFDB4, 0xFDB5, 0xFDB6, 0xFDB7, 0xFDB8, 0xFDB9, 0xFDBA, 0xFDBB,
    0xFDBC, 0xFDBD, 0xFDBE, 0xFDBF, 0xFDC0, 0xFDC1, 0xFDC2, 0xFDC3, 0xFDC4, 0xFDC5,
    0xFDC6, 0xFDC7, 0xFDF0, 0xFDF1, 0xFDF2, 0xFDF3, 0xFDF4, 0xFDF5, 0xFDF6, 0xFDF7,
    0xFDF8, 0xFDF9, 0xFDFA, 0xFDFB, 0xFDFC, 0xFE10, 0xFE11, 0xFE12, 0xFE13, 0xFE14,
    0xFE15, 0xFE16, 0xFE17, 0xFE18, 0xFE19, 0xFE30, 0xFE31, 0xFE32, 0xFE33, 0xFE34,
    0xFE35, 0xFE36, 0xFE37, 0xFE38, 0xFE39, 0xFE3A, 0xFE3B, 0xFE3C, 0xFE3D, 0xFE3E,
    0xFE3F, 0xFE40, 0xFE41, 0xFE42, 0xFE43, 0xFE44, 0xFE47, 0xFE48, 0xFE49, 0xFE4A,
    0xFE4B, 0xFE4C, 0xFE4D, 0xFE4E, 0xFE4F, 0xFE50, 0xFE51, 0xFE52, 0xFE54, 0xFE55,
    0xFE56, 0xFE57, 0xFE58, 0xFE59, 0xFE5A, 0xFE5B, 0xFE5C, 0xFE5D, 0xFE5E, 0xFE5F,
    0xFE60, 0xFE61, 0xFE62, 0xFE63, 0xFE64, 0xFE65, 0xFE66, 0xFE68, 0xFE69, 0xFE6A,
    0xFE6B, 0xFE70, 0xFE71, 0xFE72, 0xFE74, 0xFE76, 0xFE77, 0xFE78, 0xFE79, 0xFE7A,
    0xFE7B, 0xFE7C, 0xFE7D, 0xFE7E, 0xFE7F, 0xFE80, 0xFE81, 0xFE82, 0xFE83, 0xFE84,
    0xFE85, 0xFE86, 0xFE87, 0xFE88, 0xFE89, 0xFE8A, 0xFE8B, 0xFE8C, 0xFE8D, 0xFE8E,
    0xFE8F, 0xFE90, 0xFE91, 0xFE92, 0xFE93, 0xFE94, 0xFE95, 0xFE96, 0xFE97, 0xFE98,
    0xFE99, 0xFE9A, 0xFE9B, 0xFE9C, 0xFE9D, 0xFE9E, 0xFE9F, 0xFEA0, 0xFEA1, 0xFEA2,
    0xFEA3, 0xFEA4, 0xFEA5, 0xFEA6, 0xFEA7, 0xFEA8, 0xFEA9, 0xFEAA, 0xFEAB, 0xFEAC,
    0xFEAD, 0xFEAE, 0xFEAF, 0xFEB0, 0xFEB1, 0xFEB2, 0xFEB3, 0xFEB4, 0xFEB5, 0xFEB6,
    0xFEB7, 0xFEB8, 0xFEB9, 0xFEBA, 0xFEBB, 0xFEBC, 0xFEBD, 0xFEBE, 0xFEBF, 0xFEC0,
    0xFEC1, 0xFEC2, 0xFEC3, 0xFEC4, 0xFEC5, 0xFEC6, 0xFEC7, 0xFEC8, 0xFEC9, 0xFECA,
    0xFECB, 0xFECC, 0xFECD, 0xFECE, 0xFECF, 0xFED0, 0xFED1, 0xFED2, 0xFED3, 0xFED4,
    0xFED5, 0xFED6, 0xFED7, 0xFED8, 0xFED9, 0xFEDA, 0xFEDB, 0xFEDC, 0xFEDD, 0xFEDE,
    0xFEDF, 0xFEE0, 0xFEE1, 0xFEE2, 0xFEE3, 0xFEE4, 0xFEE5, 0xFEE6, 0xFEE7, 0xFEE8,
    0xFEE9, 0xFEEA, 0xFEEB, 0xFEEC, 0xFEED, 0xFEEE, 0xFEEF, 0xFEF0, 0xFEF1, 0xFEF2,
    0xFEF3, 0xFEF4, 0xFEF5, 0xFEF6, 0xFEF7, 0xFEF8, 0xFEF9, 0xFEFA, 0xFEFB, 0xFEFC,
    0xFF01, 0xFF02, 0xFF03, 0xFF04, 0xFF05, 0xFF06, 0xFF07, 0xFF08, 0xFF09, 0xFF0A,
    0xFF0B, 0xFF0C, 0xFF0D, 0xFF0E, 0xFF0F, 0xFF10, 0xFF11, 0xFF12, 0xFF13, 0xFF14,
    0xFF15, 0xFF16, 0xFF17, 0xFF18, 0xFF19, 0xFF1A, 0xFF1B, 0xFF1C, 0xFF1D, 0xFF1E,
    0xFF1F, 0xFF20, 0xFF21, 0xFF22, 0xFF23, 0xFF24, 0xFF25, 0xFF26, 0xFF27, 0xFF28,
    0xFF29, 0xFF2A, 0xFF2B, 0xFF2C, 0xFF2D, 0xFF2E, 0xFF2F, 0xFF30, 0xFF31, 0xFF32,
    0xFF33, 0xFF34, 0xFF35, 0xFF36, 0xFF37, 0xFF38, 0xFF39, 0xFF3A, 0xFF3B, 0xFF3C,
    0xFF3D, 0xFF3E, 0xFF3F, 0xFF40, 0xFF41, 0xFF42, 0xFF43, 0xFF44, 0xFF45, 0xFF46,
    0xFF47, 0xFF48, 0xFF49, 0xFF4A, 0xFF4B, 0xFF4C, 0xFF4D, 0xFF4E, 0xFF4F, 0xFF50,
    0xFF51, 0xFF52, 0xFF53, 0xFF54, 0xFF55, 0xFF56, 0xFF57, 0xFF58, 0xFF59, 0xFF5A,
    0xFF5B, 0xFF5C, 0xFF5D, 0xFF5E, 0xFF5F, 0xFF60, 0xFF61, 0xFF62, 0xFF63, 0xFF64,
    0xFF65, 0xFF66, 0xFF67, 0xFF68, 0xFF69, 0xFF6A, 0xFF6B, 0xFF6C, 0xFF6D, 0xFF6E,
    0xFF6F, 0xFF70, 0xFF71, 0xFF72, 0xFF73, 0xFF74, 0xFF75, 0xFF76, 0xFF77, 0xFF78,
    0xFF79, 0xFF7A, 0xFF7B, 0xFF7C, 0xFF7D, 0xFF7E, 0xFF7F, 0xFF80, 0xFF81, 0xFF82,
    0xFF83, 0xFF84, 0xFF85, 0xFF86, 0xFF87, 0xFF88, 0xFF89, 0xFF8A, 0xFF8B, 0xFF8C,
    0xFF8D, 0xFF8E, 0xFF8F, 0xFF90, 0xFF91, 0xFF92, 0xFF93, 0xFF94, 0xFF95, 0xFF96,
    0xFF97, 0xFF98, 0xFF99, 0xFF9A, 0xFF9B, 0xFF9C, 0xFF9D, 0xFF9E, 0xFF9F, 0xFFA0,
    0xFFA1, 0xFFA2, 0xFFA3, 0xFFA4, 0xFFA5, 0xFFA6, 0xFFA7, 0xFFA8, 0xFFA9, 0xFFAA,
    0xFFAB, 0xFFAC, 0xFFAD, 0xFFAE, 0xFFAF, 0xFFB0, 0xFFB1, 0xFFB2, 0xFFB3, 0xFFB4,
    0xFFB5, 0xFFB6, 0xFFB7, 0xFFB8, 0xFFB9, 0xFFBA, 0xFFBB, 0xFFBC, 0xFFBD, 0xFFBE,
    0xFFC2, 0xFFC3, 0xFFC4, 0xFFC5, 0xFFC6, 0xFFC7, 0xFFCA, 0xFFCB, 0xFFCC, 0xFFCD,
    0xFFCE, 0xFFCF, 0xFFD2, 0xFFD3, 0xFFD4, 0xFFD5, 0xFFD6, 0xFFD7, 0xFFDA, 0xFFDB,
    0xFFDC, 0xFFE0, 0xFFE1, 0xFFE2, 0xFFE3, 0xFFE4, 0xFFE5, 0xFFE6, 0xFFE8, 0xFFE9,
    0xFFEA, 0xFFEB, 0xFFEC, 0xFFED, 0xFFEE, 0x105C9, 0x105E4, 0x10781, 0x10782, 0x10783,
    0x10784, 0x10785, 0x10787, 0x10788, 0x10789, 0x1078A, 0x1078B, 0x1078C, 0x1078D, 0x1078E,
    0x1078F, 0x10790, 0x10791, 0x10792, 0x10793, 0x10794, 0x10795, 0x10796, 0x10797, 0x10798,
    0x10799, 0x1079A, 0x1079B, 0x1079C, 0x1079D, 0x1079E, 0x1079F, 0x107A0, 0x107A1, 0x107A2,
    0x107A3, 0x107A4, 0x107A5, 0x107A6, 0x107A7, 0x107A8, 0x107A9, 0x107AA, 0x107AB, 0x107AC,
    0x107AD, 0x107AE, 0x107AF, 0x107B0, 0x107B2, 0x107B3, 0x107B4, 0x107B5, 0x107B6, 0x107B7,
    0x107B8, 0x107B9, 0x107BA, 0x107BB, 0x107BC, 0x107BD, 0x107BE, 0x107BF, 0x1109A, 0x1109C,
    0x110AB, 0x1112E, 0x1112F, 0x1134B, 0x1134C, 0x11383, 0x11385, 0x1138E, 0x11391, 0x113C5,
    0x113C7, 0x113C8, 0x114BB, 0x114BC, 0x114BE, 0x115BA, 0x115BB, 0x11938, 0x16121, 0x16122,
    0x16123, 0x16124, 0x16125, 0x16126, 0x16127, 0x16128, 0x16D68, 0x16D69, 0x16D6A, 0x1B123,
    0x1B124, 0x1B125, 0x1B126, 0x1CCD6, 0x1CCD7, 0x1CCD8, 0x1CCD9, 0x1CCDA, 0x1CCDB, 0x1CCDC,
    0x1CCDD, 0x1CCDE, 0x1CCDF, 0x1CCE0, 0x1CCE1, 0x1CCE2, 0x1CCE3, 0x1CCE4, 0x1CCE5, 0x1CCE6,
    0x1CCE7, 0x1CCE8, 0x1CCE9, 0x1CCEA, 0x1CCEB, 0x1CCEC, 0x1CCED, 0x1CCEE, 0x1CCEF, 0x1CCF0,
    0x1CCF1, 0x1CCF2, 0x1CCF3, 0x1CCF4, 0x1CCF5, 0x1CCF6, 0x1CCF7, 0x1CCF8, 0x1CCF9, 0x1D15E,
    0x1D15F, 0x1D160, 0x1D161, 0x1D162, 0x1D163, 0x1D164, 0x1D1BB, 0x1D1BC, 0x1D1BD, 0x1D1BE,
    0x1D1BF, 0x1D1C0, 0x1D400, 0x1D401, 0x1D402, 0x1D403, 0x1D404, 0x1D405, 0x1D406, 0x1D407,
    0x1D408, 0x1D409, 0x1D40A, 0x1D40B, 0x1D40C, 0x1D40D, 0x1D40E, 0x1D40F, 0x1D410, 0x1D411,
    0x1D412, 0x1D413, 0x1D414, 0x1D415, 0x1D416, 0x1D417, 0x1D418, 0x1D419, 0x1D41A, 0x1D41B,
    0x1D41C, 0x1D41D, 0x1D41E, 0x1D41F, 0x1D420, 0x1D421, 0x1D422, 0x1D423, 0x1D424, 0x1D425,
    0x1D426, 0x1D427, 0x1D428, 0x1D429, 0x1D42A, 0x1D42B, 0x1D42C, 0x1D42D, 0x1D42E, 0x1D42F,
    0x1D430, 0x1D431, 0x1D432, 0x1D433, 0x1D434, 0x1D435, 0x1D436, 0x1D437, 0x1D438, 0x1D439,
    0x1D43A, 0x1D43B, 0x1D43C, 0x1D43D, 0x1D43E, 0x1D43F, 0x1D440, 0x1D441, 0x1D442, 0x1D443,
    0x1D444, 0x1D445, 0x1D446, 0x1D447, 0x1D448, 0x1D449, 0x1D44A, 0x1D44B, 0x1D44C, 0x1D44D,
    0x1D44E, 0x1D44F, 0x1D450, 0x1D451, 0x1D452, 0x1D453, 0x1D454, 0x1D456, 0x1D457, 0x1D458,
    0x1D459, 0x1D45A, 0x1D45B, 0x1D45C, 0x1D45D, 0x1D45E, 0x1D45F, 0x1D460, 0x1D461, 0x1D462,
    0x1D463, 0x1D464, 0x1D465, 0x1D466, 0x1D467, 0x1D468, 0x1D469, 0x1D46A, 0x1D46B, 0x1D46C,
    0x1D46D, 0x1D46E, 0x1D46F, 0x1D470, 0x1D471, 0x1D472, 0x1D473, 0x1D474, 0x1D475, 0x1D476,
    0x1D477, 0x1D478, 0x1D479, 0x1D47A, 0x1D47B, 0x1D47C, 0x1D47D, 0x1D47E, 0x1D47F, 0x1D480,
    0x1D481, 0x1D482, 0x1D483, 0x1D484, 0x1D485, 0x1D486, 0x1D487, 0x1D488, 0x1D489, 0x1D48A,
    0x1D48B, 0x1D48C, 0x1D48D, 0x1D48E, 0x1D48F, 0x1D490, 0x1D491, 0x1D492, 0x1D493, 0x1D494,
    0x1D495, 0x1D496, 0x1D497, 0x1D498, 0x1D499, 0x1D49A, 0x1D49B, 0x1D49C, 0x1D49E, 0x1D49F,
    0x1D4A2, 0x1D4A5, 0x1D4A6, 0x1D4A9, 0x1D4AA, 0x1D4AB, 0x1D4AC, 0x1D4AE, 0x1D4AF, 0x1D4B0,
    0x1D4B1, 0x1D4B2, 0x1D4B3, 0x1D4B4, 0x1D4B5, 0x1D4B6, 0x1D4B7, 0x1D4B8, 0x1D4B9, 0x1D4BB,
    0x1D4BD, 0x1D4BE, 0x1D4BF, 0x1D4C0, 0x1D4C1, 0x1D4C2, 0x1D4C3, 0x1D4C5, 0x1D4C6, 0x1D4C7,
    0x1D4C8, 0x1D4C9, 0x1D4CA, 0x1D4CB, 0x1D4CC, 0x1D4CD, 0x1D4CE, 0x1D4CF, 0x1D4D0, 0x1D4D1,
    0x1D4D2, 0x1D4D3, 0x1D4D4, 0x1D4D5, 0x1D4D6, 0x1D4D7, 0x1D4D8, 0x1D4D9, 0x1D4DA, 0x1D4DB,
    0x1D4DC, 0x1D4DD, 0x1D4DE, 0x1D4DF, 0x1D4E0, 0x1D4E1, 0x1D4E2, 0x1D4E3, 0x1D4E4, 0x1D4E5,
    0x1D4E6, 0x1D4E7, 0x1D4E8, 0x1D4E9, 0x1D4EA, 0x1D4EB, 0x1D4EC, 0x1D4ED, 0x1D4EE, 0x1D4EF,
    0x1D4F0, 0x1D4F1, 0x1D4F2, 0x1D4F3, 0x1D4F4, 0x1D4F5, 0x1D4F6, 0x1D4F7, 0x1D4F8, 0x1D4F9,
    0x1D4FA, 0x1D4FB, 0x1D4FC, 0x1D4FD, 0x1D4FE, 0x1D4FF, 0x1D500, 0x1D501, 0x1D502, 0x1D503,
    0x1D504, 0x1D505, 0x1D507, 0x1D508, 0x1D509, 0x1D50A, 0x1D50D, 0x1D50E, 0x1D50F, 0x1D510,
    0x1D511, 0x1D512, 0x1D513, 0x1D514, 0x1D516, 0x1D517, 0x1D518, 0x1D519, 0x1D51A, 0x1D51B,
    0x1D51C, 0x1D51E, 0x1D51F, 0x1D520, 0x1D521, 0x1D522, 0x1D523, 0x1D524, 0x1D525, 0x1D526,
    0x1D527, 0x1D528, 0x1D529, 0x1D52A, 0x1D52B, 0x1D52C, 0x1D52D, 0x1D52E, 0x1D52F, 0x1D530,
    0x1D531, 0x1D532, 0x1D533, 0x1D534, 0x1D535, 0x1D536, 0x1D537, 0x1D538, 0x1D539, 0x1D53B,
    0x1D53C, 0x1D53D, 0x1D53E, 0x1D540, 0x1D541, 0x1D542, 0x1D543, 0x1D544, 0x1D546, 0x1D54A,
    0x1D54B, 0x1D54C, 0x1D54D, 0x1D54E, 0x1D54F, 0x1D550, 0x1D552, 0x1D553, 0x1D554, 0x1D555,
    0x1D556, 0x1D557, 0x1D558, 0x1D559, 0x1D55A, 0x1D55B, 0x1D55C, 0x1D55D, 0x1D55E, 0x1D55F,
    0x1D560, 0x1D561, 0x1D562, 0x1D563, 0x1D564, 0x1D565, 0x1D566, 0x1D567, 0x1D568, 0x1D569,
    0x1D56A, 0x1D56B, 0x1D56C, 0x1D56D, 0x1D56E, 0x1D56F, 0x1D570, 0x1D571, 0x1D572, 0x1D573,
    0x1D574, 0x1D575, 0x1D576, 0x1D577, 0x1D578, 0x1D579, 0x1D57A, 0x1D57B, 0x1D57C, 0x1D57D,
    0x1D57E, 0x1D57F, 0x1D580, 0x1D581, 0x1D582, 0x1D583, 0x1D584, 0x1D585, 0x1D586, 0x1D587,
    0x1D588, 0x1D589, 0x1D58A, 0x1D58B, 0x1D58C, 0x1D58D, 0x1D58E, 0x1D58F, 0x1D590, 0x1D591,
    0x1D592, 0x1D593, 0x1D594, 0x1D595, 0x1D596, 0x1D597, 0x1D598, 0x1D599, 0x1D59A, 0x1D59B,
    0x1D59C, 0x1D59D, 0x1D59E, 0x1D59F, 0x1D5A0, 0x1D5A1, 0x1D5A2, 0x1D5A3, 0x1D5A4, 0x1D5A5,
    0x1D5A6, 0x1D5A7, 0x1D5A8, 0x1D5A9, 0x1D5AA, 0x1D5AB, 0x1D5AC, 0x1D5AD, 0x1D5AE, 0x1D5AF,
    0x1D5B0, 0x1D5B1, 0x1D5B2, 0x1D5B3, 0x1D5B4, 0x1D5B5, 0x1D5B6, 0x1D5B7, 0x1D5B8, 0x1D5B9,
    0x1D5BA, 0x1D5BB, 0x1D5BC, 0x1D5BD, 0x1D5BE, 0x1D5BF, 0x1D5C0, 0x1D5C1, 0x1D5C2, 0x1D5C3,
    0x1D5C4, 0x1D5C5, 0x1D5C6, 0x1D5C7, 0x1D5C8, 0x1D5C9, 0x1D5CA, 0x1D5CB, 0x1D5CC, 0x1D5CD,
    0x1D5CE, 0x1D5CF, 0x1D5D0, 0x1D5D1, 0x1D5D2, 0x1D5D3, 0x1D5D4, 0x1D5D5, 0x1D5D6, 0x1D5D7,
    0x1D5D8, 0x1D5D9, 0x1D5DA, 0x1D5DB, 0x1D5DC, 0x1D5DD, 0x1D5DE, 0x1D5DF, 0x1D5E0, 0x1D5E1,
    0x1D5E2, 0x1D5E3, 0x1D5E4, 0x1D5E5, 0x1D5E6, 0x1D5E7, 0x1D5E8, 0x1D5E9, 0x1D5EA, 0x1D5EB,
    0x1D5EC, 0x1D5ED, 0x1D5EE, 0x1D5EF, 0x1D5F0, 0x1D5F1, 0x1D5F2, 0x1D5F3, 0x1D5F4, 0x1D5F5,
    0x1D5F6, 0x1D5F7, 0x1D5F8, 0x1D5F9, 0x1D5FA, 0x1D5FB, 0x1D5FC, 0x1D5FD, 0x1D5FE, 0x1D5FF,
    0x1D600, 0x1D601, 0x1D602, 0x1D603, 0x1D604, 0x1D605, 0x1D606, 0x1D607, 0x1D608, 0x1D609,
    0x1D60A, 0x1D60B, 0x1D60C, 0x1D60D, 0x1D60E, 0x1D60F, 0x1D610, 0x1D611, 0x1D612, 0x1D613,
    0x1D614, 0x1D615, 0x1D616, 0x1D617, 0x1D618, 0x1D619, 0x1D61A, 0x1D61B, 0x1D61C, 0x1D61D,
    0x1D61E, 0x1D61F, 0x1D620, 0x1D621, 0x1D622, 0x1D623, 0x1D624, 0x1D625, 0x1D626, 0x1D627,
    0x1D628, 0x1D629, 0x1D62A, 0x1D62B, 0x1D62C, 0x1D62D, 0x1D62E, 0x1D62F, 0x1D630, 0x1D631,
    0x1D632, 0x1D633, 0x1D634, 0x1D635, 0x1D636, 0x1D637, 0x1D638, 0x1D639, 0x1D63A, 0x1D63B,
    0x1D63C, 0x1D63D, 0x1D63E, 0x1D63F, 0x1D640, 0x1D641, 0x1D642, 0x1D643, 0x1D644, 0x1D645,
    0x1D646, 0x1D647, 0x1D648, 0x1D649, 0x1D64A, 0x1D64B, 0x1D64C, 0x1D64D, 0x1D64E, 0x1D64F,
    0x1D650, 0x1D651, 0x1D652, 0x1D653, 0x1D654, 0x1D655, 0x1D656, 0x1D657, 0x1D658, 0x1D659,
    0x1D65A, 0x1D65B, 0x1D65C, 0x1D65D, 0x1D65E, 0x1D65F, 0x1D660, 0x1D661, 0x1D662, 0x1D663,
    0x1D664, 0x1D665, 0x1D666, 0x1D667, 0x1D668, 0x1D669, 0x1D66A, 0x1D66B, 0x1D66C, 0x1D66D,
    0x1D66E, 0x1D66F, 0x1D670, 0x1D671, 0x1D672, 0x1D673, 0x1D674, 0x1D675, 0x1D676, 0x1D677,
    0x1D678, 0x1D679, 0x1D67A, 0x1D67B, 0x1D67C, 0x1D67D, 0x1D67E, 0x1D67F, 0x1D680, 0x1D681,
    0x1D682, 0x1D683, 0x1D684, 0x1D685, 0x1D686, 0x1D687, 0x1D688, 0x1D689, 0x1D68A, 0x1D68B,
    0x1D68C, 0x1D68D, 0x1D68E, 0x1D68F, 0x1D690, 0x1D691, 0x1D692, 0x1D693, 0x1D694, 0x1D695,
    0x1D696, 0x1D697, 0x1D698, 0x1D699, 0x1D69A, 0x1D69B, 0x1D69C, 0x1D69D, 0x1D69E, 0x1D69F,
    0x1D6A0, 0x1D6A1, 0x1D6A2, 0x1D6A3, 0x1D6A4, 0x1D6A5, 0x1D6A6, 0x1D6A8, 0x1D6A9, 0x1D6AA,
    0x1D6AB, 0x1D6AC, 0x1D6AD, 0x1D6AE, 0x1D6AF, 0x1D6B0, 0x1D6B1, 0x1D6B2, 0x1D6B3, 0x1D6B4,
    0x1D6B5, 0x1D6B6, 0x1D6B7, 0x1D6B8, 0x1D6B9, 0x1D6BA, 0x1D6BB, 0x1D6BC, 0x1D6BD, 0x1D6BE,
    0x1D6BF, 0x1D6C0, 0x1D6C1, 0x1D6C2, 0x1D6C3, 0x1D6C4, 0x1D6C5, 0x1D6C6, 0x1D6C7, 0x1D6C8,
    0x1D6C9, 0x1D6CA, 0x1D6CB, 0x1D6CC, 0x1D6CD, 0x1D6CE, 0x1D6CF, 0x1D6D0, 0x1D6D1, 0x1D6D2,
    0x1D6D3, 0x1D6D4, 0x1D6D5, 0x1D6D6, 0x1D6D7, 0x1D6D8, 0x1D6D9, 0x1D6DA, 0x1D6DB, 0x1D6DC,
    0x1D6DD, 0x1D6DE, 0x1D6DF, 0x1D6E0, 0x1D6E1, 0x1D6E2, 0x1D6E3, 0x1D6E4, 0x1D6E5, 0x1D6E6,
    0x1D6E7, 0x1D6E8, 0x1D6E9, 0x1D6EA, 0x1D6EB, 0x1D6EC, 0x1D6ED, 0x1D6EE, 0x1D6EF, 0x1D6F0,
    0x1D6F1, 0x1D6F2, 0x1D6F3, 0x1D6F4, 0x1D6F5, 0x1D6F6, 0x1D6F7, 0x1D6F8, 0x1D6F9, 0x1D6FA,
    0x1D6FB, 0x1D6FC, 0x1D6FD, 0x1D6FE, 0x1D6FF, 0x1D700, 0x1D701, 0x1D702, 0x1D703, 0x1D704,
    0x1D705, 0x1D706, 0x1D707, 0x1D708, 0x1D709, 0x1D70A, 0x1D70B, 0x1D70C, 0x1D70D, 0x1D70E,
    0x1D70F, 0x1D710, 0x1D711, 0x1D712, 0x1D713, 0x1D714, 0x1D715, 0x1D716, 0x1D717, 0x1D718,
    0x1D719, 0x1D71A, 0x1D71B, 0x1D71C, 0x1D71D, 0x1D71E, 0x1D71F, 0x1D720, 0x1D721, 0x1D722,
    0x1D723, 0x1D724, 0x1D725, 0x1D726, 0x1D727, 0x1D728, 0x1D729, 0x1D72A, 0x1D72B, 0x1D72C,
    0x1D72D, 0x1D72E, 0x1D72F, 0x1D730, 0x1D731, 0x1D732, 0x1D733, 0x1D734, 0x1D735, 0x1D736,
    0x1D737, 0x1D738, 0x1D739, 0x1D73A, 0x1D73B, 0x1D73C, 0x1D73D, 0x1D73E, 0x1D73F, 0x1D740,
    0x1D741, 0x1D742, 0x1D743, 0x1D744, 0x1D745, 0x1D746, 0x1D747, 0x1D748, 0x1D749, 0x1D74A,
    0x1D74B, 0x1D74C, 0x1D74D, 0x1D74E, 0x1D74F, 0x1D750, 0x1D751, 0x1D752, 0x1D753, 0x1D754,
    0x1D755, 0x1D756, 0x1D757, 0x1D758, 0x1D759, 0x1D75A, 0x1D75B, 0x1D75C, 0x1D75D, 0x1D75E,
    0x1D75F, 0x1D760, 0x1D761, 0x1D762, 0x1D763, 0x1D764, 0x1D765, 0x1D766, 0x1D767, 0x1D768,
    0x1D769, 0x1D76A, 0x1D76B, 0x1D76C, 0x1D76D, 0x1D76E, 0x1D76F, 0x1D770, 0x1D771, 0x1D772,
    0x1D773, 0x1D774, 0x1D775, 0x1D776, 0x1D777, 0x1D778, 0x1D779, 0x1D77A, 0x1D77B, 0x1D77C,
    0x1D77D, 0x1D77E, 0x1D77F, 0x1D780, 0x1D781, 0x1D782, 0x1D783, 0x1D784, 0x1D785, 0x1D786,
    0x1D787, 0x1D788, 0x1D789, 0x1D78A, 0x1D78B, 0x1D78C, 0x1D78D, 0x1D78E, 0x1D78F, 0x1D790,
    0x1D791, 0x1D792, 0x1D793, 0x1D794, 0x1D795, 0x1D796, 0x1D797, 0x1D798, 0x1D799, 0x1D79A,
    0x1D79B, 0x1D79C, 0x1D79D, 0x1D79E, 0x1D79F, 0x1D7A0, 0x1D7A1, 0x1D7A2, 0x1D7A3, 0x1D7A4,
    0x1D7A5, 0x1D7A6, 0x1D7A7, 0x1D7A8, 0x1D7A9, 0x1D7AA, 0x1D7AB, 0x1D7AC, 0x1D7AD, 0x1D7AE,
    0x1D7AF, 0x1D7B0, 0x1D7B1, 0x1D7B2, 0x1D7B3, 0x1D7B4, 0x1D7B5, 0x1D7B6, 0x1D7B7, 0x1D7B8,
    0x1D7B9, 0x1D7BA, 0x1D7BB, 0x1D7BC, 0x1D7BD, 0x1D7BE, 0x1D7BF, 0x1D7C0, 0x1D7C1, 0x1D7C2,
    0x1D7C3, 0x1D7C4, 0x1D7C5, 0x1D7C6, 0x1D7C7, 0x1D7C8, 0x1D7C9, 0x1D7CA, 0x1D7CB, 0x1D7CE,
    0x1D7CF, 0x1D7D0, 0x1D7D1, 0x1D7D2, 0x1D7D3, 0x1D7D4, 0x1D7D5, 0x1D7D6, 0x1D7D7, 0x1D7D8,
    0x1D7D9, 0x1D7DA, 0x1D7DB, 0x1D7DC, 0x1D7DD, 0x1D7DE, 0x1D7DF, 0x1D7E0, 0x1D7E1, 0x1D7E2,
    0x1D7E3, 0x1D7E4, 0x1D7E5, 0x1D7E6, 0x1D7E7, 0x1D7E8, 0x1D7E9, 0x1D7EA, 0x1D7EB, 0x1D7EC,
    0x1D7ED, 0x1D7EE, 0x1D7EF, 0x1D7F0, 0x1D7F1, 0x1D7F2, 0x1D7F3, 0x1D7F4, 0x1D7F5, 0x1D7F6,
    0x1D7F7, 0x1D7F8, 0x1D7F9, 0x1D7FA, 0x1D7FB, 0x1D7FC, 0x1D7FD, 0x1D7FE, 0x1D7FF, 0x1DF95,
    0x1DFCD, 0x1DFCE, 0x1DFCF, 0x1DFD0, 0x1DFD1, 0x1DFD2, 0x1DFD3, 0x1DFD4, 0x1DFD5, 0x1DFD6,
    0x1DFD7, 0x1DFD8, 0x1DFD9, 0x1DFDA, 0x1DFDB, 0x1DFDC, 0x1DFDD, 0x1DFDE, 0x1DFDF, 0x1DFE0,
    0x1DFE1, 0x1DFE2, 0x1DFE3, 0x1DFE4, 0x1DFE5, 0x1DFE6, 0x1DFE7, 0x1DFE8, 0x1DFE9, 0x1DFEA,
    0x1DFEB, 0x1DFEC, 0x1DFED, 0x1DFEE, 0x1DFEF, 0x1DFF0, 0x1DFF1, 0x1DFF2, 0x1DFF3, 0x1DFF4,
    0x1DFF5, 0x1DFF6, 0x1DFF7, 0x1DFF8, 0x1DFF9, 0x1DFFA, 0x1DFFB, 0x1DFFC, 0x1DFFD, 0x1DFFE,
    0x1DFFF, 0x1E030, 0x1E031, 0x1E032, 0x1E033, 0x1E034, 0x1E035, 0x1E036, 0x1E037, 0x1E038,
    0x1E039, 0x1E03A, 0x1E03B, 0x1E03C, 0x1E03D, 0x1E03E, 0x1E03F, 0x1E040, 0x1E041, 0x1E042,
    0x1E043, 0x1E044, 0x1E045, 0x1E046, 0x1E047, 0x1E048, 0x1E049, 0x1E04A, 0x1E04B, 0x1E04C,
    0x1E04D, 0x1E04E, 0x1E04F, 0x1E050, 0x1E051, 0x1E052, 0x1E053, 0x1E054, 0x1E055, 0x1E056,
    0x1E057, 0x1E058, 0x1E059, 0x1E05A, 0x1E05B, 0x1E05C, 0x1E05D, 0x1E05E, 0x1E05F, 0x1E060,
    0x1E061, 0x1E062, 0x1E063, 0x1E064, 0x1E065, 0x1E066, 0x1E067, 0x1E068, 0x1E069, 0x1E06A,
    0x1E06B, 0x1E06C, 0x1E06D, 0x1EE00, 0x1EE01, 0x1EE02, 0x1EE03, 0x1EE05, 0x1EE06, 0x1EE07,
    0x1EE08, 0x1EE09, 0x1EE0A, 0x1EE0B, 0x1EE0C, 0x1EE0D, 0x1EE0E, 0x1EE0F, 0x1EE10, 0x1EE11,
    0x1EE12, 0x1EE13, 0x1EE14, 0x1EE15, 0x1EE16, 0x1EE17, 0x1EE18, 0x1EE19, 0x1EE1A, 0x1EE1B,
    0x1EE1C, 0x1EE1D, 0x1EE1E, 0x1EE1F, 0x1EE21, 0x1EE22, 0x1EE24, 0x1EE27, 0x1EE29, 0x1EE2A,
    0x1EE2B, 0x1EE2C, 0x1EE2D, 0x1EE2E, 0x1EE2F, 0x1EE30, 0x1EE31, 0x1EE32, 0x1EE34, 0x1EE35,
    0x1EE36, 0x1EE37, 0x1EE39, 0x1EE3B, 0x1EE42, 0x1EE47, 0x1EE49, 0x1EE4B, 0x1EE4D, 0x1EE4E,
    0x1EE4F, 0x1EE51, 0x1EE52, 0x1EE54, 0x1EE57, 0x1EE59, 0x1EE5B, 0x1EE5D, 0x1EE5F, 0x1EE61,
    0x1EE62, 0x1EE64, 0x1EE67, 0x1EE68, 0x1EE69, 0x1EE6A, 0x1EE6C, 0x1EE6D, 0x1EE6E, 0x1EE6F,
    0x1EE70, 0x1EE71, 0x1EE72, 0x1EE74, 0x1EE75, 0x1EE76, 0x1EE77, 0x1EE79, 0x1EE7A, 0x1EE7B,
    0x1EE7C, 0x1EE7E, 0x1EE80, 0x1EE81, 0x1EE82, 0x1EE83, 0x1EE84, 0x1EE85, 0x1EE86, 0x1EE87,
    0x1EE88, 0x1EE89, 0x1EE8B, 0x1EE8C, 0x1EE8D, 0x1EE8E, 0x1EE8F, 0x1EE90, 0x1EE91, 0x1EE92,
    0x1EE93, 0x1EE94, 0x1EE95, 0x1EE96, 0x1EE97, 0x1EE98, 0x1EE99, 0x1EE9A, 0x1EE9B, 0x1EEA1,
    0x1EEA2, 0x1EEA3, 0x1EEA5, 0x1EEA6, 0x1EEA7, 0x1EEA8, 0x1EEA9, 0x1EEAB, 0x1EEAC, 0x1EEAD,
    0x1EEAE, 0x1EEAF, 0x1EEB0, 0x1EEB1, 0x1EEB2, 0x1EEB3, 0x1EEB4, 0x1EEB5, 0x1EEB6, 0x1EEB7,
    0x1EEB8, 0x1EEB9, 0x1EEBA, 0x1EEBB, 0x1F100, 0x1F101, 0x1F102, 0x1F103, 0x1F104, 0x1F105,
    0x1F106, 0x1F107, 0x1F108, 0x1F109, 0x1F10A, 0x1F110, 0x1F111, 0x1F112, 0x1F113, 0x1F114,
    0x1F115, 0x1F116, 0x1F117, 0x1F118, 0x1F119, 0x1F11A, 0x1F11B, 0x1F11C, 0x1F11D, 0x1F11E,
    0x1F11F, 0x1F120, 0x1F121, 0x1F122, 0x1F123, 0x1F124, 0x1F125, 0x1F126, 0x1F127, 0x1F128,
    0x1F129, 0x1F12A, 0x1F12B, 0x1F12C, 0x1F12D, 0x1F12E, 0x1F130, 0x1F131, 0x1F132, 0x1F133,
    0x1F134, 0x1F135, 0x1F136, 0x1F137, 0x1F138, 0x1F139, 0x1F13A, 0x1F13B, 0x1F13C, 0x1F13D,
    0x1F13E, 0x1F13F, 0x1F140, 0x1F141, 0x1F142, 0x1F143, 0x1F144, 0x1F145, 0x1F146, 0x1F147,
    0x1F148, 0x1F149, 0x1F14A, 0x1F14B, 0x1F14C, 0x1F14D, 0x1F14E, 0x1F14F, 0x1F16A, 0x1F16B,
    0x1F16C, 0x1F190, 0x1F200, 0x1F201, 0x1F202, 0x1F210, 0x1F211, 0x1F212, 0x1F213, 0x1F214,
    0x1F215, 0x1F216, 0x1F217, 0x1F218, 0x1F219, 0x1F21A, 0x1F21B, 0x1F21C, 0x1F21D, 0x1F21E,
    0x1F21F, 0x1F220, 0x1F221, 0x1F222, 0x1F223, 0x1F224, 0x1F225, 0x1F226, 0x1F227, 0x1F228,
    0x1F229, 0x1F22A, 0x1F22B, 0x1F22C, 0x1F22D, 0x1F22E, 0x1F22F, 0x1F230, 0x1F231, 0x1F232,
    0x1F233, 0x1F234, 0x1F235, 0x1F236, 0x1F237, 0x1F238, 0x1F239, 0x1F23A, 0x1F23B, 0x1F240,
    0x1F241, 0x1F242, 0x1F243, 0x1F244, 0x1F245, 0x1F246, 0x1F247, 0x1F248, 0x1F250, 0x1F251,
    0x1FBF0, 0x1FBF1, 0x1FBF2, 0x1FBF3, 0x1FBF4, 0x1FBF5, 0x1FBF6, 0x1FBF7, 0x1FBF8, 0x1FBF9,
    0x2F800, 0x2F801, 0x2F802, 0x2F803, 0x2F804, 0x2F805, 0x2F806, 0x2F807, 0x2F808, 0x2F809,
    0x2F80A, 0x2F80B, 0x2F80C, 0x2F80D, 0x2F80E, 0x2F80F, 0x2F810, 0x2F811, 0x2F812, 0x2F813,
    0x2F814, 0x2F815, 0x2F816, 0x2F817, 0x2F818, 0x2F819, 0x2F81A, 0x2F81B, 0x2F81C, 0x2F81D,
    0x2F81E, 0x2F81F, 0x2F820, 0x2F821, 0x2F822, 0x2F823, 0x2F824, 0x2F825, 0x2F826, 0x2F827,
    0x2F828, 0x2F829, 0x2F82A, 0x2F82B, 0x2F82C, 0x2F82D, 0x2F82E, 0x2F82F, 0x2F830, 0x2F831,
    0x2F832, 0x2F833, 0x2F834, 0x2F835, 0x2F836, 0x2F837, 0x2F838, 0x2F839, 0x2F83A, 0x2F83B,
    0x2F83C, 0x2F83D, 0x2F83E, 0x2F83F, 0x2F840, 0x2F841, 0x2F842, 0x2F843, 0x2F844, 0x2F845,
    0x2F846, 0x2F847, 0x2F848, 0x2F849, 0x2F84A, 0x2F84B, 0x2F84C, 0x2F84D, 0x2F84E, 0x2F84F,
    0x2F850, 0x2F851, 0x2F852, 0x2F853, 0x2F854, 0x2F855, 0x2F856, 0x2F857, 0x2F858, 0x2F859,
    0x2F85A, 0x2F85B, 0x2F85C, 0x2F85D, 0x2F85E, 0x2F85F, 0x2F860, 0x2F861, 0x2F862, 0x2F863,
    0x2F864, 0x2F865, 0x2F866, 0x2F867, 0x2F868, 0x2F869, 0x2F86A, 0x2F86B, 0x2F86C, 0x2F86D,
    0x2F86E, 0x2F86F, 0x2F870, 0x2F871, 0x2F872, 0x2F873, 0x2F874, 0x2F875, 0x2F876, 0x2F877,
    0x2F878, 0x2F879, 0x2F87A, 0x2F87B, 0x2F87C, 0x2F87D, 0x2F87E, 0x2F87F, 0x2F880, 0x2F881,
    0x2F882, 0x2F883, 0x2F884, 0x2F885, 0x2F886, 0x2F887, 0x2F888, 0x2F889, 0x2F88A, 0x2F88B,
    0x2F88C, 0x2F88D, 0x2F88E, 0x2F88F, 0x2F890, 0x2F891, 0x2F892, 0x2F893, 0x2F894, 0x2F895,
    0x2F896, 0x2F897, 0x2F898, 0x2F899, 0x2F89A, 0x2F89B, 0x2F89C, 0x2F89D, 0x2F89E, 0x2F89F,
    0x2F8A0, 0x2F8A1, 0x2F8A2, 0x2F8A3, 0x2F8A4, 0x2F8A5, 0x2F8A6, 0x2F8A7, 0x2F8A8, 0x2F8A9,
    0x2F8AA, 0x2F8AB, 0x2F8AC, 0x2F8AD, 0x2F8AE, 0x2F8AF, 0x2F8B0, 0x2F8B1, 0x2F8B2, 0x2F8B3,
    0x2F8B4, 0x2F8B5, 0x2F8B6, 0x2F8B7, 0x2F8B8, 0x2F8B9, 0x2F8BA, 0x2F8BB, 0x2F8BC, 0x2F8BD,
    0x2F8BE, 0x2F8BF, 0x2F8C0, 0x2F8C1, 0x2F8C2, 0x2F8C3, 0x2F8C4, 0x2F8C5, 0x2F8C6, 0x2F8C7,
    0x2F8C8, 0x2F8C9, 0x2F8CA, 0x2F8CB, 0x2F8CC, 0x2F8CD, 0x2F8CE, 0x2F8CF, 0x2F8D0, 0x2F8D1,
    0x2F8D2, 0x2F8D3, 0x2F8D4, 0x2F8D5, 0x2F8D6, 0x2F8D7, 0x2F8D8, 0x2F8D9, 0x2F8DA, 0x2F8DB,
    0x2F8DC, 0x2F8DD, 0x2F8DE, 0x2F8DF, 0x2F8E0, 0x2F8E1, 0x2F8E2, 0x2F8E3, 0x2F8E4, 0x2F8E5,
    0x2F8E6, 0x2F8E7, 0x2F8E8, 0x2F8E9, 0x2F8EA, 0x2F8EB, 0x2F8EC, 0x2F8ED, 0x2F8EE, 0x2F8EF,
    0x2F8F0, 0x2F8F1, 0x2F8F2, 0x2F8F3, 0x2F8F4, 0x2F8F5, 0x2F8F6, 0x2F8F7, 0x2F8F8, 0x2F8F9,
    0x2F8FA, 0x2F8FB, 0x2F8FC, 0x2F8FD, 0x2F8FE, 0x2F8FF, 0x2F900, 0x2F901, 0x2F902, 0x2F903,
    0x2F904, 0x2F905, 0x2F906, 0x2F907, 0x2F908, 0x2F909, 0x2F90A, 0x2F90B, 0x2F90C, 0x2F90D,
    0x2F90E, 0x2F90F, 0x2F910, 0x2F911, 0x2F912, 0x2F913, 0x2F914, 0x2F915, 0x2F916, 0x2F917,
    0x2F918, 0x2F919, 0x2F91A, 0x2F91B, 0x2F91C, 0x2F91D, 0x2F91E, 0x2F91F, 0x2F920, 0x2F921,
    0x2F922, 0x2F923, 0x2F924, 0x2F925, 0x2F926, 0x2F927, 0x2F928, 0x2F929, 0x2F92A, 0x2F92B,
    0x2F92C, 0x2F92D, 0x2F92E, 0x2F92F, 0x2F930, 0x2F931, 0x2F932, 0x2F933, 0x2F934, 0x2F935,
    0x2F936, 0x2F937, 0x2F938, 0x2F939, 0x2F93A, 0x2F93B, 0x2F93C, 0x2F93D, 0x2F93E, 0x2F93F,
    0x2F940, 0x2F941, 0x2F942, 0x2F943, 0x2F944, 0x2F945, 0x2F946, 0x2F947, 0x2F948, 0x2F949,
    0x2F94A, 0x2F94B, 0x2F94C, 0x2F94D, 0x2F94E, 0x2F94F, 0x2F950, 0x2F951, 0x2F952, 0x2F953,
    0x2F954, 0x2F955, 0x2F956, 0x2F957, 0x2F958, 0x2F959, 0x2F95A, 0x2F95B, 0x2F95C, 0x2F95D,
    0x2F95E, 0x2F95F, 0x2F960, 0x2F961, 0x2F962, 0x2F963, 0x2F964, 0x2F965, 0x2F966, 0x2F967,
    0x2F968, 0x2F969, 0x2F96A, 0x2F96B, 0x2F96C, 0x2F96D, 0x2F96E, 0x2F96F, 0x2F970, 0x2F971,
    0x2F972, 0x2F973, 0x2F974, 0x2F975, 0x2F976, 0x2F977, 0x2F978, 0x2F979, 0x2F97A, 0x2F97B,
    0x2F97C, 0x2F97D, 0x2F97E, 0x2F97F, 0x2F980, 0x2F981, 0x2F982, 0x2F983, 0x2F984, 0x2F985,
    0x2F986, 0x2F987, 0x2F988, 0x2F989, 0x2F98A, 0x2F98B, 0x2F98C, 0x2F98D, 0x2F98E, 0x2F98F,
    0x2F990, 0x2F991, 0x2F992, 0x2F993, 0x2F994, 0x2F995, 0x2F996, 0x2F997, 0x2F998, 0x2F999,
    0x2F99A, 0x2F99B, 0x2F99C, 0x2F99D, 0x2F99E, 0x2F99F, 0x2F9A0, 0x2F9A1, 0x2F9A2, 0x2F9A3,
    0x2F9A4, 0x2F9A5, 0x2F9A6, 0x2F9A7, 0x2F9A8, 0x2F9A9, 0x2F9AA, 0x2F9AB, 0x2F9AC, 0x2F9AD,
    0x2F9AE, 0x2F9AF, 0x2F9B0, 0x2F9B1, 0x2F9B2, 0x2F9B3, 0x2F9B4, 0x2F9B5, 0x2F9B6, 0x2F9B7,
    0x2F9B8, 0x2F9B9, 0x2F9BA, 0x2F9BB, 0x2F9BC, 0x2F9BD, 0x2F9BE, 0x2F9BF, 0x2F9C0, 0x2F9C1,
    0x2F9C2, 0x2F9C3, 0x2F9C4, 0x2F9C5, 0x2F9C6, 0x2F9C7, 0x2F9C8, 0x2F9C9, 0x2F9CA, 0x2F9CB,
    0x2F9CC, 0x2F9CD, 0x2F9CE, 0x2F9CF, 0x2F9D0, 0x2F9D1, 0x2F9D2, 0x2F9D3, 0x2F9D4, 0x2F9D5,
    0x2F9D6, 0x2F9D7, 0x2F9D8, 0x2F9D9, 0x2F9DA, 0x2F9DB, 0x2F9DC, 0x2F9DD, 0x2F9DE, 0x2F9DF,
    0x2F9E0, 0x2F9E1, 0x2F9E2, 0x2F9E3, 0x2F9E4, 0x2F9E5, 0x2F9E6, 0x2F9E7, 0x2F9E8, 0x2F9E9,
    0x2F9EA, 0x2F9EB, 0x2F9EC, 0x2F9ED, 0x2F9EE, 0x2F9EF, 0x2F9F0, 0x2F9F1, 0x2F9F2, 0x2F9F3,
    0x2F9F4, 0x2F9F5, 0x2F9F6, 0x2F9F7, 0x2F9F8, 0x2F9F9, 0x2F9FA, 0x2F9FB, 0x2F9FC, 0x2F9FD,
    0x2F9FE, 0x2F9FF, 0x2FA00, 0x2FA01, 0x2FA02, 0x2FA03, 0x2FA04, 0x2FA05, 0x2FA06, 0x2FA07,
    0x2FA08, 0x2FA09, 0x2FA0A, 0x2FA0B, 0x2FA0C, 0x2FA0D, 0x2FA0E, 0x2FA0F, 0x2FA10, 0x2FA11,
    0x2FA12, 0x2FA13, 0x2FA14, 0x2FA15, 0x2FA16, 0x2FA17, 0x2FA18, 0x2FA19, 0x2FA1A, 0x2FA1B,
    0x2FA1C, 0x2FA1D,
};
static const uint16_t kama__uni_dco[] = {
    0, 2, 5, 7, 10, 12, 14, 17, 19, 22, 24, 26, 30, 34, 38, 40,
    42, 44, 46, 48, 50, 52, 54, 56, 58, 60, 62, 64, 66, 68, 70, 72,
    74, 76, 78, 80, 82, 84, 86, 88, 90, 92, 94, 96, 98, 100, 102, 104,
    106, 108, 110, 112, 114, 116, 118, 120, 122, 124, 126, 128, 130, 132, 134, 136,
    138, 140, 142, 144, 146, 148, 150, 152, 154, 156, 158, 160, 162, 164, 166, 168,
    170, 172, 174, 176, 178, 180, 182, 184, 186, 188, 190, 192, 194, 196, 198, 200,
    202, 204, 206, 208, 210, 212, 214, 216, 218, 220, 222, 224, 226, 228, 230, 232,
    234, 237, 240, 242, 244, 246, 248, 250, 252, 254, 256, 258, 260, 263, 266, 268,
    270, 272, 274, 276, 278, 281, 283, 285, 287, 289, 291, 293, 295, 297, 299, 301,
    303, 305, 307, 309, 311, 313, 315, 317, 319, 321, 323, 325, 327, 329, 331, 333,
    335, 337, 339, 341, 343, 345, 347, 349, 351, 353, 355, 357, 359, 361, 363, 365,
    367, 369, 371, 373, 375, 377, 379, 381, 383, 385, 389, 393, 397, 400, 403, 406,
    409, 412, 415, 417, 419, 421, 423, 425, 427, 429, 431, 434, 437, 440, 443, 446,
    449, 452, 455, 458, 461, 464, 467, 469, 471, 473, 475, 477, 479, 481, 483, 486,
    489, 491, 493, 495, 498, 501, 504, 506, 508, 510, 512, 515, 518, 520, 522, 524,
    526, 528, 530, 532, 534, 536, 538, 540, 542, 544, 546, 548, 550, 552, 554, 556,
    558, 560, 562, 564, 566, 568, 570, 572, 574, 576, 578, 580, 582, 584, 586, 588,
    590, 592, 594, 597, 600, 603, 606, 608, 610, 613, 616, 618, 620, 622, 624, 626,
    628, 630, 632, 634, 636, 638, 641, 644, 647, 650, 653, 656, 658, 660, 662, 664,
    666, 667, 668, 669, 671, 672, 675, 676, 679, 684, 686, 687, 689, 691, 693, 695,
    697, 699, 702, 704, 706, 708, 710, 712, 714, 717, 719, 721, 723, 725, 727, 729,
    731, 733, 737, 741, 743, 745, 747, 749, 751, 753, 755, 757, 759, 761, 763, 765,
    767, 769, 771, 773, 775, 777, 779, 781, 783, 785, 787, 789, 791, 793, 795, 797,
    799, 801, 803, 805, 807, 809, 811, 813, 815, 817, 819, 821, 823, 825, 827, 829,
    831, 833, 835, 837, 839, 841, 843, 845, 847, 849, 851, 853, 855, 857, 859, 861,
    863, 866, 868, 870, 872, 874, 876, 878, 880, 883, 886, 889, 892, 894, 896, 898,
    900, 902, 904, 906, 908, 910, 912, 914, 916, 918, 920, 922, 924, 926, 928, 930,
    932, 934, 936, 938, 940, 942, 944, 946, 948, 950, 952, 954, 956, 958, 960, 962,
    964, 966, 968, 970, 973, 975, 977, 979, 981, 983, 986, 988, 991, 994, 997, 1000,
    1002, 1004, 1006, 1008, 1010, 1012, 1014, 1016, 1018, 1020, 1024, 1026, 1030, 1032, 1034, 1036,
    1038, 1040, 1042, 1044, 1046, 1048, 1050, 1052, 1054, 1056, 1058, 1060, 1062, 1064, 1066, 1068,
    1070, 1072, 1074, 1076, 1078, 1080, 1082, 1084, 1086, 1088, 1090, 1092, 1094, 1096, 1098, 1100,
    1102, 1104, 1106, 1108, 1110, 1112, 1114, 1116, 1118, 1120, 1122, 1124, 1126, 1128, 1130, 1132,
    1134, 1136, 1138, 1140, 1142, 1144, 1146, 1148, 1150, 1152, 1154, 1156, 1158, 1160, 1162, 1164,
    1166, 1168, 1170, 1172, 1174, 1176, 1178, 1180, 1182, 1184, 1186, 1188, 1190, 1192, 1194, 1196,
    1198, 1200, 1202, 1204, 1206, 1208, 1210, 1212, 1214, 1216, 1218, 1220, 1222, 1224, 1226, 1228,
    1230, 1232, 1234, 1236, 1238, 1240, 1242, 1244, 1246, 1248, 1250, 1252, 1254, 1256, 1258, 1260,
    1262, 1264, 1266, 1268, 1270, 1272, 1274, 1276, 1278, 1280, 1282, 1285, 1288, 1290, 1292, 1294,
    1296, 1298, 1300, 1302, 1304, 1306, 1308, 1311, 1314, 1317, 1320, 1322, 1324, 1326, 1328, 1331,
    1334, 1336, 1338, 1340, 1342, 1344, 1346, 1348, 1350, 1352, 1354, 1356, 1358, 1360, 1362, 1364,
    1366, 1369, 1372, 1374, 1376, 1378, 1380, 1382, 1384, 1386, 1388, 1391, 1394, 1396, 1398, 1400,
    1402, 1404, 1406, 1408, 1410, 1412, 1414, 1416, 1418, 1420, 1422, 1424, 1426, 1428, 1430, 1433,
    1436, 1439, 1442, 1445, 1448, 1451, 1454, 1456, 1458, 1460, 1462, 1464, 1466, 1468, 1470, 1473,
    1476, 1478, 1480, 1482, 1484, 1486, 1488, 1491, 1494, 1497, 1500, 1503, 1506, 1508, 1510, 1512,
    1514, 1516, 1518, 1520, 1522, 1524, 1526, 1528, 1530, 1532, 1534, 1537, 1540, 1543, 1546, 1548,
    1550, 1552, 1554, 1556, 1558, 1560, 1562, 1564, 1566, 1568, 1570, 1572, 1574, 1576, 1578, 1580,
    1582, 1584, 1586, 1588, 1590, 1592, 1594, 1596, 1598, 1600, 1602, 1604, 1606, 1609, 1613, 1615,
    1617, 1619, 1621, 1624, 1627, 1630, 1633, 1636, 1639, 1642, 1645, 1648, 1651, 1654, 1657, 1660,
    1663, 1666, 1669, 1672, 1675, 1678, 1681, 1683, 1685, 1687, 1689, 1691, 1693, 1696, 1699, 1702,
    1705, 1708, 1711, 1714, 1717, 1720, 1723, 1725, 1727, 1729, 1731, 1733, 1735, 1737, 1739, 1742,
    1745, 1748, 1751, 1754, 1757, 1760, 1763, 1766, 1769, 1772, 1775, 1778, 1781, 1784, 1787, 1790,
    1793, 1796, 1799, 1801, 1803, 1805, 1807, 1810, 1813, 1816, 1819, 1822, 1825, 1828, 1831, 1834,
    1837, 1839, 1841, 1843, 1845, 1847, 1849, 1851, 1853, 1855, 1857, 1860, 1863, 1866, 1869, 1872,
    1875, 1877, 1879, 1882, 1885, 1888, 1891, 1894, 1897, 1899, 1901, 1904, 1907, 1910, 1913, 1915,
    1917, 1920, 1923, 1926, 1929, 1931, 1933, 1936, 1939, 1942, 1945, 1948, 1951, 1953, 1955, 1958,
    1961, 1964, 1967, 1970, 1973, 1975, 1977, 1980, 1983, 1986, 1989, 1992, 1995, 1997, 1999, 2002,
    2005, 2008, 2011, 2014, 2017, 2019, 2021, 2024, 2027, 2030, 2033, 2035, 2037, 2040, 2043, 2046,
    2049, 2051, 2053, 2056, 2059, 2062, 2065, 2068, 2071, 2073, 2076, 2079, 2082, 2084, 2086, 2089,
    2092, 2095, 2098, 2101, 2104, 2106, 2108, 2111, 2114, 2117, 2120, 2123, 2126, 2128, 2130, 2132,
    2134, 2136, 2138, 2140, 2142, 2144, 2146, 2148, 2150, 2152, 2154, 2157, 2160, 2164, 2168, 2172,
    2176, 2180, 2184, 2187, 2190, 2194, 2198, 2202, 2206, 2210, 2214, 2217, 2220, 2224, 2228, 2232,
    2236, 2240, 2244, 2247, 2250, 2254, 2258, 2262, 2266, 2270, 2274, 2277, 2280, 2284, 2288, 2292,
    2296, 2300, 2304, 2307, 2310, 2314, 2318, 2322, 2326, 2330, 2334, 2336, 2338, 2341, 2343, 2346,
    2348, 2351, 2353, 2355, 2357, 2359, 2361, 2364, 2365, 2368, 2371, 2376, 2379, 2381, 2384, 2386,
    2389, 2391, 2393, 2395, 2397, 2399, 2404, 2409, 2414, 2416, 2418, 2421, 2424, 2426, 2429, 2431,
    2433, 2435, 2437, 2442, 2447, 2452, 2454, 2456, 2459, 2462, 2464, 2466, 2468, 2471, 2473, 2475,
    2477, 2479, 2481, 2486, 2491, 2492, 2495, 2497, 2500, 2502, 2505, 2507, 2509, 2511, 2513, 2515,
    2518, 2521, 2523, 2525, 2527, 2529, 2531, 2533, 2535, 2537, 2539, 2541, 2543, 2545, 2548, 2550,
    2553, 2557, 2559, 2562, 2566, 2569, 2573, 2576, 2579, 2582, 2585, 2588, 2593, 2595, 2597, 2599,
    2601, 2603, 2605, 2607, 2609, 2611, 2613, 2615, 2617, 2619, 2621, 2623, 2625, 2627, 2629, 2631,
    2633, 2635, 2637, 2639, 2641, 2643, 2645, 2647, 2649, 2651, 2653, 2655, 2657, 2659, 2661, 2663,
    2665, 2667, 2669, 2671, 2673, 2675, 2677, 2679, 2681, 2683, 2685, 2688, 2692, 2696, 2698, 2701,
    2705, 2709, 2711, 2714, 2716, 2718, 2720, 2722, 2724, 2726, 2728, 2730, 2732, 2734, 2736, 2739,
    2741, 2743, 2745, 2747, 2749, 2752, 2756, 2759, 2761, 2762, 2764, 2765, 2767, 2769, 2771, 2773,
    2775, 2777, 2779, 2781, 2783, 2785, 2787, 2789, 2791, 2795, 2797, 2799, 2801, 2803, 2805, 2807,
    2809, 2811, 2813, 2815, 2819, 2823, 2828, 2832, 2836, 2840, 2844, 2848, 2852, 2856, 2860, 2864,
    2868, 2872, 2876, 2879, 2881, 2884, 2888, 2891, 2893, 2896, 2900, 2905, 2908, 2910, 2913, 2917,
    2919, 2921, 2923, 2925, 2927, 2930, 2934, 2937, 2939, 2942, 2946, 2951, 2954, 2956, 2959, 2963,
    2965, 2967, 2969, 2971, 2975, 2977, 2979, 2981, 2983, 2985, 2987, 2989, 2991, 2993, 2995, 2997,
    3000, 3004, 3007, 3011, 3013, 3015, 3017, 3019, 3021, 3023, 3025, 3027, 3029, 3031, 3033, 3035,
    3037, 3039, 3041, 3043, 3045, 3047, 3049, 3051, 3053, 3055, 3057, 3059, 3061, 3063, 3065, 3067,
    3069, 3071, 3073, 3075, 3077, 3078, 3079, 3081, 3083, 3085, 3087, 3089, 3091, 3093, 3095, 3097,
    3100, 3103, 3106, 3109, 3112, 3115, 3118, 3121, 3124, 3127, 3130, 3134, 3138, 3142, 3146, 3150,
    3154, 3158, 3162, 3166, 3171, 3176, 3181, 3186, 3191, 3196, 3201, 3206, 3211, 3216, 3221, 3224,
    3227, 3230, 3233, 3236, 3239, 3242, 3245, 3248, 3252, 3256, 3260, 3264, 3268, 3272, 3276, 3280,
    3284, 3288, 3292, 3296, 3300, 3304, 3308, 3312, 3316, 3320, 3324, 3328, 3332, 3336, 3340, 3344,
    3348, 3352, 3356, 3360, 3364, 3368, 3372, 3376, 3380, 3384, 3388, 3392, 3396, 3398, 3400, 3402,
    3404, 3406, 3408, 3410, 3412, 3414, 3416, 3418, 3420, 3422, 3424, 3426, 3428, 3430, 3432, 3434,
    3436, 3438, 3440, 3442, 3444, 3446, 3448, 3450, 3452, 3454, 3456, 3458, 3460, 3462, 3464, 3466,
    3468, 3470, 3472, 3474, 3476, 3478, 3480, 3482, 3484, 3486, 3488, 3490, 3492, 3494, 3496, 3498,
    3500, 3502, 3507, 3511, 3514, 3518, 3520, 3522, 3524, 3526, 3528, 3530, 3532, 3534, 3536, 3538,
    3540, 3542, 3544, 3546, 3548, 3550, 3552, 3554, 3556, 3558, 3560, 3562, 3564, 3566, 3568, 3570,
    3572, 3574, 3576, 3578, 3580, 3582, 3584, 3586, 3588, 3590, 3592, 3594, 3596, 3598, 3600, 3602,
    3604, 3606, 3608, 3610, 3612, 3614, 3616, 3618, 3620, 3622, 3624, 3626, 3628, 3630, 3632, 3634,
    3636, 3638, 3640, 3642, 3644, 3646, 3648, 3650, 3652, 3654, 3656, 3658, 3660, 3662, 3664, 3666,
    3668, 3670, 3672, 3674, 3676, 3678, 3680, 3682, 3684, 3686, 3688, 3690, 3692, 3694, 3696, 3698,
    3700, 3702, 3704, 3706, 3708, 3710, 3712, 3714, 3716, 3718, 3720, 3722, 3724, 3726, 3728, 3730,
    3732, 3734, 3736, 3738, 3740, 3742, 3744, 3746, 3748, 3750, 3752, 3754, 3756, 3758, 3760, 3762,
    3764, 3766, 3768, 3770, 3772, 3774, 3776, 3778, 3780, 3782, 3784, 3786, 3788, 3790, 3792, 3794,
    3796, 3798, 3800, 3802, 3804, 3806, 3808, 3810, 3812, 3814, 3816, 3818, 3820, 3822, 3824, 3826,
    3828, 3830, 3832, 3834, 3836, 3838, 3840, 3842, 3844, 3846, 3848, 3850, 3852, 3854, 3856, 3858,
    3860, 3862, 3864, 3866, 3868, 3870, 3872, 3874, 3876, 3878, 3880, 3882, 3884, 3886, 3888, 3890,
    3892, 3894, 3896, 3898, 3900, 3902, 3904, 3906, 3908, 3910, 3912, 3914, 3916, 3918, 3920, 3922,
    3924, 3926, 3928, 3930, 3932, 3934, 3936, 3938, 3940, 3942, 3944, 3946, 3948, 3950, 3952, 3954,
    3956, 3958, 3960, 3962, 3964, 3966, 3968, 3970, 3972, 3974, 3976, 3978, 3980, 3982, 3984, 3986,
    3988, 3990, 3992, 3994, 3996, 3998, 4000, 4002, 4004, 4006, 4008, 4010, 4012, 4014, 4016, 4018,
    4020, 4023, 4026, 4028, 4031, 4033, 4035, 4037, 4039, 4041, 4043, 4045, 4047, 4049, 4051, 4053,
    4055, 4057, 4059, 4061, 4063, 4065, 4067, 4069, 4071, 4073, 4075, 4077, 4079, 4081, 4083, 4085,
    4087, 4089, 4091, 4093, 4096, 4098, 4100, 4102, 4104, 4106, 4108, 4110, 4112, 4114, 4116, 4118,
    4120, 4122, 4124, 4126, 4128, 4130, 4132, 4134, 4136, 4138, 4140, 4142, 4144, 4146, 4148, 4150,
    4152, 4154, 4156, 4158, 4160, 4162, 4164, 4166, 4168, 4170, 4172, 4174, 4176, 4178, 4180, 4182,
    4184, 4186, 4188, 4190, 4192, 4194, 4196, 4198, 4200, 4202, 4204, 4206, 4208, 4210, 4212, 4214,
    4216, 4218, 4220, 4222, 4224, 4226, 4228, 4230, 4232, 4234, 4236, 4238, 4240, 4242, 4244, 4246,
    4248, 4250, 4252, 4254, 4256, 4258, 4260, 4262, 4264, 4266, 4268, 4270, 4272, 4274, 4276, 4278,
    4280, 4282, 4284, 4286, 4288, 4290, 4292, 4294, 4296, 4298, 4300, 4302, 4304, 4306, 4308, 4310,
    4312, 4316, 4320, 4324, 4328, 4332, 4336, 4340, 4344, 4348, 4352, 4356, 4360, 4364, 4368, 4373,
    4378, 4383, 4388, 4393, 4398, 4403, 4408, 4413, 4418, 4423, 4428, 4433, 4438, 4443, 4451, 4458,
    4462, 4466, 4470, 4474, 4478, 4482, 4486, 4490, 4494, 4498, 4502, 4506, 4510, 4514, 4518, 4522,
    4526, 4530, 4534, 4538, 4542, 4546, 4550, 4554, 4558, 4562, 4566, 4570, 4574, 4578, 4582, 4586,
    4590, 4594, 4598, 4602, 4604, 4606, 4608, 4610, 4614, 4617, 4620, 4623, 4626, 4629, 4632, 4635,
    4638, 4641, 4644, 4647, 4650, 4653, 4656, 4659, 4661, 4663, 4665, 4667, 4669, 4671, 4673, 4675,
    4677, 4679, 4681, 4683, 4685, 4687, 4690, 4693, 4696, 4699, 4702, 4705, 4708, 4711, 4714, 4717,
    4720, 4723, 4726, 4729, 4735, 4740, 4743, 4745, 4747, 4749, 4751, 4753, 4755, 4757, 4759, 4761,
    4763, 4765, 4767, 4769, 4771, 4773, 4775, 4777, 4779, 4781, 4783, 4785, 4787, 4789, 4791, 4793,
    4795, 4797, 4799, 4801, 4803, 4805, 4807, 4809, 4811, 4813, 4815, 4817, 4819, 4821, 4823, 4825,
    4827, 4829, 4831, 4833, 4835, 4837, 4839, 4841, 4844, 4847, 4850, 4853, 4856, 4859, 4862, 4865,
    4868, 4871, 4874, 4877, 4880, 4883, 4886, 4889, 4892, 4895, 4898, 4901, 4904, 4907, 4910, 4913,
    4917, 4921, 4925, 4928, 4932, 4935, 4939, 4941, 4943, 4945, 4947, 4949, 4951, 4953, 4955, 4957,
    4959, 4961, 4963, 4965, 4967, 4969, 4971, 4973, 4975, 4977, 4979, 4981, 4983, 4985, 4987, 4989,
    4991, 4993, 4995, 4997, 4999, 5001, 5003, 5005, 5007, 5009, 5011, 5013, 5015, 5017, 5019, 5021,
    5023, 5025, 5027, 5029, 5031, 5033, 5036, 5042, 5047, 5053, 5057, 5063, 5067, 5071, 5078, 5083,
    5087, 5091, 5095, 5100, 5105, 5110, 5115, 5120, 5125, 5130, 5137, 5140, 5147, 5154, 5160, 5165,
    5172, 5179, 5184, 5188, 5192, 5197, 5202, 5208, 5214, 5218, 5222, 5227, 5231, 5235, 5238, 5241,
    5245, 5249, 5256, 5261, 5267, 5274, 5279, 5283, 5287, 5294, 5299, 5306, 5310, 5316, 5320, 5325,
    5329, 5334, 5340, 5345, 5351, 5356, 5359, 5365, 5369, 5373, 5378, 5382, 5386, 5390, 5396, 5401,
    5404, 5411, 5415, 5421, 5426, 5431, 5435, 5439, 5444, 5447, 5452, 5458, 5461, 5468, 5472, 5475,
    5478, 5481, 5484, 5487, 5490, 5493, 5496, 5499, 5502, 5506, 5510, 5514, 5518, 5522, 5526, 5530,
    5534, 5538, 5542, 5546, 5550, 5554, 5558, 5562, 5566, 5569, 5572, 5576, 5579, 5582, 5585, 5589,
    5593, 5596, 5599, 5602, 5605, 5608, 5613, 5616, 5619, 5622, 5625, 5628, 5631, 5634, 5637, 5641,
    5646, 5649, 5652, 5655, 5658, 5661, 5664, 5667, 5671, 5675, 5679, 5683, 5686, 5689, 5692, 5695,
    5698, 5701, 5704, 5707, 5710, 5713, 5717, 5721, 5724, 5728, 5732, 5736, 5739, 5743, 5747, 5752,
    5755, 5759, 5763, 5767, 5771, 5777, 5784, 5787, 5790, 5793, 5796, 5799, 5802, 5805, 5808, 5811,
    5814, 5817, 5820, 5823, 5826, 5829, 5832, 5835, 5838, 5843, 5846, 5849, 5852, 5857, 5861, 5864,
    5867, 5870, 5873, 5876, 5879, 5882, 5885, 5888, 5891, 5895, 5898, 5901, 5905, 5909, 5912, 5917,
    5921, 5924, 5927, 5930, 5933, 5937, 5941, 5944, 5947, 5950, 5953, 5956, 5959, 5962, 5965, 5968,
    5972, 5976, 5980, 5984, 5988, 5992, 5996, 6000, 6004, 6008, 6012, 6016, 6020, 6024, 6028, 6032,
    6036, 6040, 6044, 6048, 6052, 6056, 6060, 6062, 6064, 6066, 6068, 6070, 6072, 6074, 6076, 6078,
    6080, 6082, 6084, 6086, 6088, 6089, 6090, 6091, 6092, 6093, 6094, 6095, 6096, 6097, 6098, 6099,
    6100, 6101, 6102, 6103, 6104, 6105, 6106, 6107, 6108, 6109, 6110, 6111, 6112, 6113, 6114, 6115,
    6116, 6117, 6118, 6119, 6120, 6121, 6122, 6123, 6124, 6125, 6126, 6127, 6128, 6129, 6130, 6131,
    6132, 6133, 6134, 6135, 6136, 6137, 6138, 6139, 6140, 6141, 6142, 6143, 6144, 6145, 6146, 6147,
    6148, 6149, 6150, 6151, 6152, 6153, 6154, 6155, 6156, 6157, 6158, 6159, 6160, 6161, 6162, 6163,
    6164, 6165, 6166, 6167, 6168, 6169, 6170, 6171, 6172, 6173, 6174, 6175, 6176, 6177, 6178, 6179,
    6180, 6181, 6182, 6183, 6184, 6185, 6186, 6187, 6188, 6189, 6190, 6191, 6192, 6193, 6194, 6195,
    6196, 6197, 6198, 6199, 6200, 6201, 6202, 6203, 6204, 6205, 6206, 6207, 6208, 6209, 6210, 6211,
    6212, 6213, 6214, 6215, 6216, 6217, 6218, 6219, 6220, 6221, 6222, 6223, 6224, 6225, 6226, 6227,
    6228, 6229, 6230, 6231, 6232, 6233, 6234, 6235, 6236, 6237, 6238, 6239, 6240, 6241, 6242, 6243,
    6244, 6245, 6246, 6247, 6248, 6249, 6250, 6251, 6252, 6253, 6254, 6255, 6256, 6257, 6258, 6259,
    6260, 6261, 6262, 6263, 6264, 6265, 6266, 6267, 6268, 6269, 6270, 6271, 6272, 6273, 6274, 6275,
    6276, 6277, 6278, 6279, 6280, 6281, 6282, 6283, 6284, 6285, 6286, 6287, 6288, 6289, 6290, 6291,
    6292, 6293, 6294, 6295, 6296, 6297, 6298, 6299, 6300, 6301, 6302, 6303, 6304, 6305, 6306, 6307,
    6308, 6309, 6310, 6311, 6312, 6313, 6314, 6315, 6316, 6317, 6318, 6319, 6320, 6321, 6322, 6323,
    6324, 6325, 6326, 6327, 6328, 6329, 6330, 6331, 6332, 6333, 6334, 6335, 6336, 6337, 6338, 6339,
    6340, 6341, 6342, 6343, 6344, 6345, 6346, 6347, 6348, 6349, 6350, 6351, 6352, 6353, 6354, 6355,
    6356, 6357, 6358, 6359, 6360, 6361, 6362, 6363, 6364, 6365, 6366, 6367, 6368, 6369, 6370, 6371,
    6372, 6373, 6374, 6375, 6376, 6377, 6378, 6379, 6380, 6381, 6382, 6383, 6384, 6385, 6386, 6387,
    6388, 6389, 6390, 6391, 6392, 6393, 6394, 6395, 6396, 6397, 6398, 6399, 6400, 6401, 6402, 6403,
    6404, 6405, 6406, 6407, 6408, 6409, 6410, 6411, 6412, 6413, 6414, 6415, 6416, 6417, 6418, 6419,
    6420, 6421, 6422, 6423, 6424, 6425, 6426, 6427, 6428, 6429, 6430, 6431, 6432, 6433, 6434, 6435,
    6436, 6437, 6438, 6439, 6440, 6441, 6442, 6443, 6444, 6445, 6446, 6447, 6448, 6449, 6450, 6451,
    6452, 6453, 6454, 6455, 6456, 6457, 6458, 6459, 6460, 6461, 6462, 6463, 6464, 6465, 6466, 6467,
    6468, 6469, 6470, 6471, 6472, 6473, 6474, 6475, 6476, 6477, 6478, 6479, 6480, 6481, 6482, 6483,
    6484, 6485, 6486, 6487, 6488, 6489, 6490, 6491, 6492, 6493, 6494, 6495, 6496, 6497, 6498, 6499,
    6500, 6501, 6502, 6503, 6504, 6505, 6506, 6507, 6508, 6509, 6510, 6511, 6512, 6513, 6514, 6515,
    6516, 6517, 6518, 6519, 6520, 6521, 6522, 6523, 6524, 6525, 6526, 6527, 6528, 6529, 6530, 6531,
    6532, 6533, 6534, 6535, 6536, 6537, 6538, 6539, 6540, 6541, 6542, 6543, 6544, 6545, 6546, 6547,
    6548, 6551, 6554, 6557, 6561, 6565, 6568, 6571, 6574, 6577, 6580, 6583, 6586, 6588, 6590, 6592,
    6594, 6596, 6598, 6600, 6602, 6604, 6606, 6608, 6610, 6612, 6614, 6617, 6620, 6622, 6624, 6626,
    6628, 6630, 6632, 6634, 6636, 6638, 6640, 6642, 6644, 6646, 6648, 6650, 6652, 6654, 6656, 6658,
    6660, 6662, 6664, 6666, 6668, 6670, 6672, 6674, 6676, 6679, 6681, 6683, 6685, 6687, 6689, 6691,
    6693, 6695, 6697, 6699, 6701, 6703, 6705, 6707, 6709, 6711, 6713, 6715, 6717, 6719, 6721, 6723,
    6725, 6727, 6729, 6731, 6733, 6735, 6737, 6739, 6741, 6743, 6745, 6747, 6749, 6751, 6753, 6755,
    6757, 6759, 6761, 6763, 6765, 6767, 6769, 6771, 6773, 6775, 6777, 6779, 6781, 6783, 6785, 6787,
    6789, 6791, 6793, 6795, 6797, 6799, 6801, 6803, 6805, 6807, 6809, 6811, 6813, 6815, 6817, 6819,
    6821, 6823, 6825, 6827, 6829, 6831, 6833, 6835, 6837, 6839, 6841, 6843, 6845, 6847, 6850, 6853,
    6855, 6857, 6859, 6861, 6863, 6865, 6867, 6869, 6871, 6873, 6876, 6879, 6881, 6883, 6885, 6887,
    6889, 6891, 6893, 6895, 6897, 6899, 6902, 6904, 6906, 6908, 6910, 6912, 6914, 6916, 6918, 6920,
    6922, 6924, 6926, 6930, 6934, 6938, 6942, 6946, 6950, 6954, 6958, 6962, 6966, 6970, 6974, 6978,
    6982, 6986, 6990, 6994, 6998, 7000, 7002, 7004, 7006, 7010, 7014, 7018, 7022, 7026, 7029, 7032,
    7035, 7038, 7041, 7044, 7047, 7050, 7053, 7056, 7059, 7062, 7065, 7068, 7071, 7074, 7077, 7080,
    7083, 7086, 7089, 7092, 7095, 7098, 7101, 7104, 7107, 7110, 7113, 7116, 7119, 7122, 7125, 7128,
    7131, 7134, 7137, 7140, 7143, 7146, 7149, 7152, 7155, 7158, 7161, 7164, 7167, 7170, 7173, 7176,
    7179, 7182, 7185, 7188, 7191, 7194, 7197, 7200, 7203, 7206, 7209, 7212, 7215, 7218, 7221, 7224,
    7227, 7230, 7233, 7236, 7239, 7242, 7245, 7248, 7251, 7254, 7257, 7260, 7263, 7266, 7269, 7272,
    7275, 7278, 7281, 7284, 7287, 7290, 7293, 7297, 7301, 7305, 7309, 7313, 7317, 7321, 7325, 7329,
    7333, 7337, 7341, 7344, 7347, 7350, 7353, 7356, 7359, 7362, 7365, 7368, 7371, 7374, 7377, 7380,
    7383, 7386, 7389, 7392, 7395, 7398, 7401, 7404, 7407, 7410, 7413, 7416, 7419, 7422, 7425, 7428,
    7431, 7434, 7437, 7440, 7443, 7446, 7449, 7452, 7455, 7458, 7461, 7464, 7467, 7470, 7473, 7476,
    7480, 7484, 7488, 7492, 7496, 7499, 7502, 7505, 7508, 7511, 7514, 7517, 7520, 7523, 7526, 7529,
    7532, 7535, 7538, 7541, 7544, 7547, 7550, 7553, 7556, 7559, 7562, 7565, 7568, 7571, 7574, 7577,
    7580, 7583, 7586, 7589, 7592, 7595, 7598, 7601, 7604, 7607, 7610, 7613, 7616, 7619, 7622, 7625,
    7628, 7631, 7634, 7637, 7640, 7643, 7646, 7649, 7652, 7655, 7658, 7661, 7664, 7667, 7670, 7673,
    7676, 7679, 7682, 7685, 7688, 7691, 7694, 7697, 7701, 7705, 7708, 7711, 7714, 7717, 7720, 7723,
    7726, 7729, 7732, 7735, 7738, 7741, 7744, 7747, 7750, 7753, 7756, 7760, 7764, 7768, 7771, 7774,
    7777, 7780, 7783, 7786, 7789, 7792, 7795, 7798, 7801, 7804, 7807, 7810, 7813, 7816, 7819, 7822,
    7825, 7828, 7831, 7834, 7837, 7840, 7843, 7846, 7849, 7852, 7855, 7858, 7861, 7864, 7867, 7870,
    7873, 7876, 7879, 7882, 7885, 7888, 7891, 7894, 7897, 7900, 7903, 7906, 7909, 7912, 7915, 7918,
    7921, 7924, 7927, 7930, 7933, 7936, 7939, 7942, 7945, 7948, 7951, 7954, 7957, 7960, 7963, 7966,
    7969, 7972, 7975, 7978, 7981, 7984, 7987, 7991, 7995, 7999, 8003, 8007, 8011, 8015, 8019, 8023,
    8027, 8031, 8035, 8039, 8043, 8047, 8051, 8055, 8059, 8063, 8067, 8071, 8075, 8079, 8083, 8087,
    8091, 8095, 8099, 8103, 8107, 8111, 8115, 8119, 8123, 8127, 8131, 8135, 8139, 8143, 8147, 8151,
    8155, 8159, 8163, 8167, 8171, 8175, 8179, 8183, 8187, 8191, 8195, 8199, 8203, 8207, 8211, 8215,
    8219, 8223, 8227, 8231, 8235, 8239, 8243, 8247, 8251, 8255, 8259, 8263, 8267, 8271, 8275, 8279,
    8283, 8287, 8291, 8295, 8299, 8303, 8307, 8311, 8315, 8319, 8323, 8327, 8331, 8335, 8339, 8343,
    8347, 8351, 8355, 8359, 8363, 8367, 8371, 8375, 8379, 8383, 8387, 8391, 8395, 8399, 8403, 8407,
    8411, 8415, 8419, 8423, 8427, 8431, 8435, 8439, 8443, 8447, 8451, 8455, 8459, 8463, 8467, 8472,
    8477, 8482, 8487, 8492, 8497, 8502, 8506, 8525, 8534, 8539, 8541, 8543, 8545, 8547, 8549, 8551,
    8553, 8555, 8557, 8561, 8564, 8566, 8568, 8570, 8572, 8574, 8576, 8578, 8580, 8582, 8584, 8586,
    8588, 8590, 8592, 8594, 8596, 8598, 8600, 8602, 8604, 8606, 8608, 8611, 8614, 8617, 8620, 8622,
    8624, 8626, 8628, 8630, 8632, 8634, 8636, 8638, 8640, 8642, 8644, 8646, 8648, 8650, 8652, 8654,
    8656, 8658, 8660, 8662, 8664, 8666, 8668, 8670, 8672, 8674, 8676, 8678, 8681, 8684, 8687, 8690,
    8693, 8696, 8699, 8702, 8705, 8708, 8711, 8714, 8717, 8720, 8722, 8725, 8728, 8731, 8734, 8737,
    8740, 8743, 8746, 8749, 8752, 8755, 8758, 8760, 8762, 8764, 8766, 8768, 8770, 8772, 8774, 8776,
    8778, 8780, 8782, 8784, 8786, 8788, 8790, 8792, 8794, 8796, 8798, 8800, 8802, 8804, 8806, 8808,
    8810, 8812, 8814, 8816, 8818, 8820, 8822, 8824, 8826, 8828, 8830, 8832, 8834, 8836, 8838, 8840,
    8842, 8844, 8846, 8848, 8850, 8852, 8854, 8856, 8858, 8860, 8862, 8864, 8866, 8868, 8870, 8872,
    8874, 8876, 8878, 8880, 8882, 8884, 8886, 8888, 8890, 8892, 8894, 8896, 8898, 8900, 8902, 8904,
    8906, 8908, 8910, 8912, 8914, 8916, 8918, 8920, 8922, 8924, 8926, 8928, 8930, 8932, 8934, 8936,
    8938, 8940, 8942, 8944, 8946, 8948, 8950, 8952, 8954, 8956, 8958, 8960, 8962, 8964, 8966, 8970,
    8974, 8978, 8982, 8986, 8990, 8993, 8996, 8998, 9000, 9002, 9004, 9006, 9008, 9010, 9012, 9014,
    9016, 9018, 9020, 9022, 9024, 9026, 9028, 9030, 9032, 9034, 9036, 9038, 9040, 9042, 9044, 9046,
    9048, 9050, 9052, 9054, 9056, 9058, 9060, 9062, 9064, 9066, 9068, 9070, 9072, 9074, 9076, 9078,
    9080, 9082, 9084, 9086, 9088, 9090, 9092, 9094, 9096, 9098, 9100, 9102, 9104, 9106, 9108, 9110,
    9112, 9114, 9116, 9118, 9120, 9122, 9124, 9126, 9128, 9130, 9132, 9134, 9136, 9138, 9140, 9142,
    9144, 9146, 9148, 9150, 9152, 9154, 9156, 9158, 9160, 9162, 9164, 9166, 9168, 9170, 9172, 9174,
    9176, 9178, 9180, 9182, 9184, 9186, 9188, 9190, 9192, 9194, 9196, 9198, 9200, 9202, 9204, 9206,
    9208, 9210, 9212, 9214, 9216, 9218, 9220, 9222, 9224, 9226, 9228, 9230, 9232, 9234, 9236, 9238,
    9240, 9242, 9244, 9246, 9248, 9250, 9252, 9254, 9256, 9258, 9260, 9262, 9264, 9266, 9268, 9270,
    9272, 9274, 9276, 9278, 9280, 9282, 9284, 9286, 9288, 9290, 9292, 9294, 9296, 9298, 9300, 9302,
    9304, 9306, 9308, 9310, 9312, 9314, 9316, 9318, 9320, 9322, 9324, 9326, 9328, 9330, 9332, 9334,
    9336, 9338, 9340, 9342, 9344, 9346, 9348, 9350, 9352, 9354, 9356, 9358, 9360, 9362, 9364, 9366,
    9368, 9370, 9372, 9374, 9376, 9378, 9380, 9382, 9384, 9386, 9388, 9390, 9392, 9394, 9396, 9398,
    9400, 9402, 9404, 9406, 9408, 9410, 9412, 9414, 9416, 9418, 9420, 9422, 9424, 9427, 9429, 9431,
    9433, 9435, 9437, 9439, 9441, 9443, 9445, 9447, 9449, 9451, 9453, 9455, 9457, 9459, 9461, 9463,
    9465, 9467, 9469, 9471, 9473, 9475, 9477, 9479, 9481, 9483, 9485, 9487, 9489, 9491, 9493, 9495,
    9497, 9499, 9501, 9503, 9505, 9507, 9509, 9511, 9513, 9515, 9517, 9519, 9521, 9523, 9525, 9527,
    9529, 9531, 9533, 9535, 9537, 9539, 9541, 9543, 9545, 9547, 9549, 9551, 9553, 9555, 9557, 9559,
    9561, 9563, 9565, 9567, 9569, 9571, 9573, 9575, 9577, 9579, 9581, 9583, 9585, 9587, 9589, 9591,
    9593, 9595, 9597, 9599, 9601, 9603, 9605, 9607, 9609, 9611, 9613, 9615, 9617, 9619, 9621, 9623,
    9626, 9629, 9632, 9634, 9636, 9639, 9642, 9645, 9648, 9651, 9653, 9655, 9657, 9659, 9661, 9663,
    9665, 9667, 9669, 9671, 9673, 9675, 9677, 9679, 9681, 9683, 9685, 9687, 9689, 9691, 9693, 9695,
    9697, 9699, 9701, 9703, 9705, 9707, 9709, 9711, 9713, 9715, 9717, 9719, 9721, 9723, 9725, 9727,
    9730, 9733, 9736, 9739, 9742, 9744, 9746, 9749, 9752, 9755, 9758, 9760, 9762, 9764, 9766, 9768,
    9770, 9772, 9774, 9776, 9778, 9780, 9782, 9784, 9786, 9788, 9790, 9792, 9794, 9796, 9798, 9800,
    9802, 9804, 9806, 9808, 9810, 9812, 9814, 9816, 9818, 9820, 9822, 9824, 9826, 9828, 9830, 9832,
    9834, 9836, 9838, 9840, 9842, 9844, 9846, 9848, 9850, 9852, 9854, 9856, 9858, 9860, 9862, 9864,
    9866, 9868, 9870, 9872, 9874, 9876, 9878, 9880, 9882, 9884, 9886, 9888, 9890, 9892, 9894, 9896,
    9898, 9900, 9902, 9904, 9906, 9908, 9910, 9912, 9914, 9916, 9918, 9920, 9922, 9924, 9926, 9928,
    9930, 9932, 9934, 9936, 9938, 9940, 9942, 9944, 9946, 9948, 9950, 9952, 9954, 9956, 9958, 9960,
    9962, 9964, 9966, 9968, 9970, 9972, 9974, 9976, 9978, 9980, 9982, 9984, 9986, 9988, 9990, 9992,
    9994, 9996, 9998, 10000, 10002, 10004, 10006, 10008, 10010, 10012, 10014, 10016, 10018, 10020, 10022, 10024,
    10026, 10028, 10030, 10032, 10034, 10036, 10038, 10040, 10042, 10044, 10046, 10048, 10050, 10052, 10054, 10056,
    10058, 10060, 10062, 10064, 10066, 10068, 10070, 10072, 10074, 10076, 10078, 10080, 10082, 10084, 10086, 10088,
    10090, 10092, 10094, 10096, 10098, 10100, 10102, 10104, 10106, 10108, 10110, 10112, 10114, 10116, 10118, 10120,
    10122, 10124, 10126, 10128, 10130, 10132, 10134, 10136, 10138, 10140, 10142, 10144, 10146, 10148, 10150, 10152,
    10154, 10156, 10158, 10160, 10162, 10164, 10166, 10168, 10170, 10172, 10174, 10176, 10178, 10180, 10182, 10184,
    10186, 10188, 10190, 10192, 10194, 10196, 10198, 10200, 10202, 10204, 10206, 10208, 10210, 10212, 10214, 10216,
    10218, 10220, 10222, 10224, 10226, 10228, 10230, 10232, 10234, 10236, 10238, 10240, 10242, 10244, 10246, 10248,
    10250, 10252, 10254, 10256, 10258, 10260, 10262, 10264, 10266, 10268, 10270, 10272, 10274, 10276, 10278, 10280,
    10282, 10284, 10286, 10288, 10290, 10292, 10294, 10296, 10298, 10300, 10302, 10304, 10306, 10308, 10310, 10312,
    10314, 10316, 10318, 10320, 10322, 10324, 10326, 10328, 10330, 10332, 10334, 10336, 10338, 10340, 10342, 10344,
    10346, 10348, 10350, 10352, 10354, 10356, 10358, 10360, 10362, 10364, 10366, 10368, 10370, 10372, 10374, 10376,
    10378, 10380, 10382, 10384, 10386, 10388, 10390, 10392, 10394, 10396, 10398, 10400, 10402, 10404, 10406, 10408,
    10410, 10412, 10414, 10416, 10418, 10420, 10422, 10424, 10426, 10428, 10430, 10432, 10434, 10436, 10438, 10440,
    10442, 10444, 10446, 10448, 10450, 10452, 10454, 10456, 10458, 10460, 10462, 10464, 10466, 10468, 10470, 10472,
    10474, 10476, 10478, 10480, 10482, 10484, 10486, 10488, 10490, 10492, 10494, 10496, 10498, 10500, 10502, 10504,
    10506, 10508, 10510, 10512, 10514, 10516, 10518, 10520, 10522, 10524, 10526, 10528, 10530, 10532, 10534, 10536,
    10538, 10540, 10542, 10544, 10546, 10548, 10550, 10552, 10554, 10556, 10558, 10560, 10562, 10564, 10566, 10568,
    10570, 10572, 10574, 10576, 10578, 10580, 10582, 10584, 10586, 10588, 10590, 10592, 10594, 10596, 10598, 10600,
    10602, 10604, 10606, 10608, 10610, 10612, 10614, 10616, 10618, 10620, 10622, 10624, 10626, 10628, 10630, 10632,
    10634, 10636, 10638, 10640, 10642, 10644, 10646, 10648, 10650, 10652, 10654, 10656, 10658, 10660, 10662, 10664,
    10666, 10668, 10670, 10672, 10674, 10676, 10678, 10680, 10682, 10684, 10686, 10688, 10690, 10692, 10694, 10696,
    10698, 10700, 10702, 10704, 10706, 10708, 10710, 10712, 10714, 10716, 10718, 10720, 10722, 10724, 10726, 10728,
    10730, 10732, 10734, 10736, 10738, 10740, 10742, 10744, 10746, 10748, 10750, 10752, 10754, 10756, 10758, 10760,
    10762, 10764, 10766, 10768, 10770, 10772, 10774, 10776, 10778, 10780, 10782, 10784, 10786, 10788, 10790, 10792,
    10794, 10796, 10798, 10800, 10802, 10804, 10806, 10808, 10810, 10812, 10814, 10816, 10818, 10820, 10822, 10824,
    10826, 10828, 10830, 10832, 10834, 10836, 10838, 10840, 10842, 10844, 10846, 10848, 10850, 10852, 10854, 10856,
    10858, 10860, 10862, 10864, 10866, 10868, 10870, 10872, 10874, 10876, 10878, 10880, 10882, 10884, 10886, 10888,
    10890, 10892, 10894, 10896, 10898, 10900, 10902, 10904, 10906, 10908, 10910, 10912, 10914, 10916, 10918, 10920,
    10922, 10924, 10926, 10928, 10930, 10932, 10934, 10936, 10938, 10940, 10942, 10944, 10946, 10948, 10950, 10952,
    10954, 10956, 10958, 10960, 10962, 10964, 10966, 10968, 10970, 10972, 10974, 10976, 10978, 10980, 10982, 10984,
    10986, 10988, 10990, 10992, 10994, 10996, 10998, 11000, 11002, 11004, 11006, 11008, 11010, 11012, 11014, 11016,
    11018, 11020, 11022, 11024, 11026, 11028, 11030, 11032, 11034, 11036, 11038, 11040, 11042, 11044, 11046, 11048,
    11050, 11052, 11054, 11056, 11058, 11060, 11062, 11064, 11066, 11068, 11070, 11072, 11074, 11076, 11078, 11080,
    11082, 11084, 11086, 11088, 11090, 11092, 11094, 11096, 11098, 11100, 11102, 11104, 11106, 11108, 11110, 11112,
    11114, 11116, 11118, 11120, 11122, 11124, 11126, 11128, 11130, 11132, 11134, 11136, 11138, 11140, 11142, 11144,
    11146, 11148, 11150, 11152, 11154, 11156, 11158, 11160, 11162, 11164, 11166, 11168, 11170, 11172, 11174, 11176,
    11178, 11180, 11182, 11184, 11186, 11188, 11190, 11192, 11194, 11196, 11198, 11200, 11202, 11204, 11206, 11208,
    11210, 11212, 11214, 11216, 11218, 11220, 11222, 11224, 11226, 11228, 11230, 11232, 11234, 11236, 11238, 11240,
    11242, 11244, 11246, 11248, 11250, 11252, 11254, 11256, 11258, 11260, 11262, 11264, 11266, 11268, 11270, 11272,
    11274, 11276, 11278, 11280, 11282, 11284, 11286, 11288, 11290, 11292, 11294, 11296, 11298, 11300, 11302, 11304,
    11306, 11308, 11310, 11312, 11314, 11316, 11318, 11320, 11322, 11324, 11326, 11328, 11330, 11332, 11334, 11336,
    11338, 11340, 11342, 11344, 11346, 11348, 11350, 11352, 11354, 11356, 11358, 11360, 11362, 11364, 11366, 11368,
    11370, 11372, 11374, 11376, 11378, 11380, 11382, 11384, 11386, 11388, 11390, 11392, 11394, 11396, 11398, 11400,
    11402, 11404, 11406, 11408, 11410, 11412, 11414, 11416, 11418, 11420, 11422, 11424, 11426, 11428, 11430, 11432,
    11434, 11436, 11438, 11440, 11442, 11444, 11446, 11448, 11450, 11452, 11454, 11456, 11458, 11460, 11462, 11464,
    11466, 11468, 11470, 11472, 11474, 11476, 11478, 11480, 11482, 11484, 11486, 11488, 11490, 11492, 11494, 11496,
    11498, 11500, 11502, 11504, 11506, 11508, 11510, 11512, 11514, 11516, 11518, 11520, 11522, 11524, 11526, 11528,
    11530, 11532, 11534, 11536, 11538, 11540, 11542, 11544, 11546, 11548, 11550, 11552, 11554, 11556, 11558, 11560,
    11562, 11564, 11566, 11568, 11570, 11572, 11574, 11576, 11578, 11580, 11582, 11584, 11586, 11588, 11590, 11592,
    11594, 11596, 11598, 11600, 11602, 11604, 11606, 11608, 11610, 11612, 11614, 11616, 11618, 11620, 11622, 11624,
    11626, 11628, 11630, 11632, 11634, 11636, 11638, 11640, 11642, 11644, 11646, 11648, 11650, 11652, 11654, 11656,
    11658, 11660, 11662, 11664, 11666, 11668, 11670, 11672, 11674, 11676, 11678, 11680, 11682, 11684, 11686, 11688,
    11690, 11692, 11694, 11696, 11698, 11700, 11702, 11704, 11706, 11708, 11710, 11712, 11714, 11716, 11718, 11720,
    11722, 11724, 11726, 11728, 11730, 11732, 11734, 11736, 11738, 11740, 11742, 11744, 11746, 11748, 11750, 11752,
    11754, 11756, 11758, 11760, 11762, 11764, 11766, 11768, 11770, 11772, 11774, 11776, 11778, 11780, 11782, 11784,
    11786, 11788, 11790, 11792, 11794, 11796, 11798, 11800, 11802, 11804, 11806, 11808, 11810, 11812, 11814, 11816,
    11818, 11820, 11822, 11824, 11826, 11828, 11830, 11832, 11834, 11836, 11838, 11840, 11842, 11844, 11846, 11848,
    11850, 11852, 11854, 11856, 11858, 11860, 11862, 11864, 11866, 11868, 11870, 11872, 11874, 11876, 11878, 11880,
    11882, 11884, 11886, 11888, 11890, 11892, 11894, 11896, 11898, 11900, 11902, 11904, 11906, 11908, 11910, 11912,
    11914, 11916, 11918, 11920, 11922, 11924, 11926, 11928, 11930, 11932, 11934, 11936, 11938, 11940, 11942, 11944,
    11946, 11948, 11950, 11952, 11954, 11956, 11958, 11960, 11962, 11964, 11966, 11968, 11970, 11972, 11974, 11976,
    11978, 11980, 11982, 11984, 11986, 11988, 11990, 11992, 11994, 11996, 11998, 12000, 12002, 12004, 12006, 12008,
    12010, 12012, 12014, 12016, 12018, 12020, 12022, 12024, 12026, 12028, 12030, 12032, 12034, 12036, 12038, 12040,
    12042, 12044, 12046, 12048, 12050, 12052, 12054, 12056, 12058, 12060, 12062, 12064, 12066, 12068, 12070, 12072,
    12074, 12076, 12078, 12080, 12082, 12084, 12086, 12088, 12090, 12092, 12094, 12096, 12098, 12100, 12102, 12104,
    12106, 12108, 12110, 12112, 12114, 12116, 12118, 12120, 12122, 12124, 12126, 12128, 12130, 12132, 12134, 12136,
    12138, 12140, 12142, 12144, 12146, 12148, 12150, 12152, 12154, 12156, 12158, 12160, 12162, 12164, 12166, 12168,
    12170, 12172, 12174, 12176, 12178, 12180, 12182, 12184, 12186, 12188, 12190, 12192, 12194, 12196, 12198, 12200,
    12202, 12204, 12206, 12208, 12210, 12212, 12214, 12216, 12218, 12220, 12222, 12224, 12226, 12228, 12230, 12232,
    12234, 12236, 12238, 12240, 12242, 12244, 12246, 12248, 12250, 12252, 12254, 12256, 12258, 12260, 12262, 12265,
    12268, 12271, 12274, 12277, 12280, 12283, 12286, 12289, 12292, 12295, 12299, 12303, 12307, 12311, 12315, 12319,
    12323, 12327, 12331, 12335, 12339, 12343, 12347, 12351, 12355, 12359, 12363, 12367, 12371, 12375, 12379, 12383,
    12387, 12391, 12395, 12399, 12403, 12405, 12407, 12410, 12413, 12415, 12417, 12419, 12421, 12423, 12425, 12427,
    12429, 12431, 12433, 12435, 12437, 12439, 12441, 12443, 12445, 12447, 12449, 12451, 12453, 12455, 12457, 12459,
    12461, 12463, 12465, 12468, 12471, 12474, 12477, 12481, 12484, 12487, 12490, 12493, 12496, 12499, 12502, 12504,
    12506, 12508, 12510, 12513, 12515, 12517, 12519, 12521, 12523, 12525, 12527, 12529, 12531, 12533, 12535, 12537,
    12539, 12541, 12543, 12545, 12547, 12549, 12551, 12553, 12555, 12557, 12559, 12561, 12563, 12565, 12567, 12569,
    12571, 12573, 12575, 12577, 12579, 12581, 12583, 12585, 12587, 12589, 12591, 12593, 12597, 12601, 12605, 12609,
    12613, 12617, 12621, 12625, 12629, 12631, 12633, 12635, 12637, 12639, 12641, 12643, 12645, 12647, 12649, 12651,
    12653, 12654, 12655, 12656, 12657, 12658, 12659, 12660, 12661, 12662, 12663, 12664, 12665, 12666, 12667, 12668,
    12669, 12670, 12671, 12672, 12673, 12674, 12675, 12676, 12677, 12678, 12679, 12680, 12681, 12682, 12683, 12684,
    12685, 12686, 12687, 12688, 12689, 12690, 12691, 12692, 12693, 12694, 12695, 12696, 12697, 12698, 12699, 12700,
    12701, 12702, 12703, 12704, 12705, 12706, 12707, 12708, 12709, 12710, 12711, 12712, 12713, 12714, 12715, 12716,
    12717, 12718, 12719, 12720, 12721, 12722, 12723, 12724, 12725, 12726, 12727, 12728, 12729, 12730, 12731, 12732,
    12733, 12734, 12735, 12736, 12737, 12738, 12739, 12740, 12741, 12742, 12743, 12744, 12745, 12746, 12747, 12748,
    12749, 12750, 12751, 12752, 12753, 12754, 12755, 12756, 12757, 12758, 12759, 12760, 12761, 12762, 12763, 12764,
    12765, 12766, 12767, 12768, 12769, 12770, 12771, 12772, 12773, 12774, 12775, 12776, 12777, 12778, 12779, 12780,
    12781, 12782, 12783, 12784, 12785, 12786, 12787, 12788, 12789, 12790, 12791, 12792, 12793, 12794, 12795, 12796,
    12797, 12798, 12799, 12800, 12801, 12802, 12803, 12804, 12805, 12806, 12807, 12808, 12809, 12810, 12811, 12812,
    12813, 12814, 12815, 12816, 12817, 12818, 12819, 12820, 12821, 12822, 12823, 12824, 12825, 12826, 12827, 12828,
    12829, 12830, 12831, 12832, 12833, 12834, 12835, 12836, 12837, 12838, 12839, 12840, 12841, 12842, 12843, 12844,
    12845, 12846, 12847, 12848, 12849, 12850, 12851, 12852, 12853, 12854, 12855, 12856, 12857, 12858, 12859, 12860,
    12861, 12862, 12863, 12864, 12865, 12866, 12867, 12868, 12869, 12870, 12871, 12872, 12873, 12874, 12875, 12876,
    12877, 12878, 12879, 12880, 12881, 12882, 12883, 12884, 12885, 12886, 12887, 12888, 12889, 12890, 12891, 12892,
    12893, 12894, 12895, 12896, 12897, 12898, 12899, 12900, 12901, 12902, 12903, 12904, 12905, 12906, 12907, 12908,
    12909, 12910, 12911, 12912, 12913, 12914, 12915, 12916, 12917, 12918, 12919, 12920, 12921, 12922, 12923, 12924,
    12925, 12926, 12927, 12928, 12929, 12930, 12931, 12932, 12933, 12934, 12935, 12936, 12937, 12938, 12939, 12940,
    12941, 12942, 12943, 12944, 12945, 12946, 12947, 12948, 12949, 12950, 12951, 12952, 12953, 12954, 12955, 12956,
    12957, 12958, 12959, 12960, 12961, 12962, 12963, 12964, 12965, 12966, 12967, 12968, 12969, 12970, 12971, 12972,
    12973, 12974, 12975, 12976, 12977, 12978, 12979, 12980, 12981, 12982, 12983, 12984, 12985, 12986, 12987, 12988,
    12989, 12990, 12991, 12992, 12993, 12994, 12995, 12996, 12997, 12998, 12999, 13000, 13001, 13002, 13003, 13004,
    13005, 13006, 13007, 13008, 13009, 13010, 13011, 13012, 13013, 13014, 13015, 13016, 13017, 13018, 13019, 13020,
    13021, 13022, 13023, 13024, 13025, 13026, 13027, 13028, 13029, 13030, 13031, 13032, 13033, 13034, 13035, 13036,
    13037, 13038, 13039, 13040, 13041, 13042, 13043, 13044, 13045, 13046, 13047, 13048, 13049, 13050, 13051, 13052,
    13053, 13054, 13055, 13056, 13057, 13058, 13059, 13060, 13061, 13062, 13063, 13064, 13065, 13066, 13067, 13068,
    13069, 13070, 13071, 13072, 13073, 13074, 13075, 13076, 13077, 13078, 13079, 13080, 13081, 13082, 13083, 13084,
    13085, 13086, 13087, 13088, 13089, 13090, 13091, 13092, 13093, 13094, 13095, 13096, 13097, 13098, 13099, 13100,
    13101, 13102, 13103, 13104, 13105, 13106, 13107, 13108, 13109, 13110, 13111, 13112, 13113, 13114, 13115, 13116,
    13117, 13118, 13119, 13120, 13121, 13122, 13123, 13124, 13125, 13126, 13127, 13128, 13129, 13130, 13131, 13132,
    13133, 13134, 13135, 13136, 13137, 13138, 13139, 13140, 13141, 13142, 13143, 13144, 13145, 13146, 13147, 13148,
    13149, 13150, 13151, 13152, 13153, 13154, 13155, 13156, 13157, 13158, 13159, 13160, 13161, 13162, 13163, 13164,
    13165, 13166, 13167, 13168, 13169, 13170, 13171, 13172, 13173, 13174, 13175, 13176, 13177, 13178, 13179, 13180,
    13181, 13182, 13183, 13184, 13185, 13186, 13187, 13188, 13189, 13190, 13191, 13192, 13193, 13194,
};
static const uint8_t kama__uni_dcl[] = {
    1, 1, 1, 1, 1, 1, 1, 1, 1, 1, 1, 1, 1, 1, 2, 2, 2, 2, 2, 2, 2, 2, 2, 2,
    2, 2, 2, 2, 2, 2, 2, 2, 2, 2, 2, 2, 2, 2, 2, 2, 2, 2, 2, 2, 2, 2, 2, 2,
    2, 2, 2, 2, 2, 2, 2, 2, 2, 2, 2, 2, 2, 2, 2, 2, 2, 2, 2, 2, 2, 2, 2, 2,
    2, 2, 2, 2, 2, 2, 2, 2, 2, 2, 2, 2, 2, 2, 2, 2, 2, 2, 2, 2, 2, 2, 2, 2,
    2, 2, 2, 2, 2, 2, 2, 2, 2, 2, 2, 2, 2, 2, 2, 2, 1, 1, 2, 2, 2, 2, 2, 2,
    2, 2, 2, 2, 1, 1, 2, 2, 2, 2, 2, 2, 1, 2, 2, 2, 2, 2, 2, 2, 2, 2, 2, 2,
    2, 2, 2, 2, 2, 2, 2, 2, 2, 2, 2, 2, 2, 2, 2, 2, 2, 2, 2, 2, 2, 2, 2, 2,
    2, 2, 2, 2, 2, 2, 2, 2, 2, 2, 2, 2, 1, 2, 2, 2, 2, 1, 1, 1, 1, 1, 1, 1,
    1, 1, 2, 2, 2, 2, 2, 2, 2, 2, 3, 3, 3, 3, 3, 3, 3, 3, 3, 3, 3, 3, 2, 2,
    2, 2, 2, 2, 2, 2, 3, 3, 2, 2, 2, 1, 1, 1, 2, 2, 2, 2, 3, 3, 2, 2, 2, 2,
    2, 2, 2, 2, 2, 2, 2, 2, 2, 2, 2, 2, 2, 2, 2, 2, 2, 2, 2, 2, 2, 2, 2, 2,
    2, 2, 2, 2, 2, 2, 2, 2, 2, 2, 3, 3, 3, 3, 2, 2, 3, 3, 2, 2, 1, 1, 1, 1,
    1, 1, 1, 1, 1, 1, 1, 1, 1, 1, 1, 1, 1, 1, 1, 1, 1, 1, 1, 2, 1, 1, 1, 1,
    2, 2, 1, 2, 2, 2, 2, 2, 2, 3, 2, 2, 2, 2, 2, 2, 3, 2, 2, 2, 2, 2, 1, 1,
    1, 2, 2, 1, 1, 1, 1, 1, 1, 1, 1, 2, 2, 2, 2, 2, 2, 2, 2, 2, 2, 2, 2, 2,
    2, 2, 2, 2, 2, 2, 2, 2, 2, 2, 2, 2, 2, 2, 2, 2, 2, 2, 2, 2, 2, 2, 2, 2,
    2, 2, 2, 2, 2, 2, 2, 2, 2, 2, 2, 2, 2, 2, 2, 1, 1, 1, 1, 2, 2, 2, 2, 2,
    1, 1, 1, 1, 2, 2, 2, 2, 2, 2, 2, 2, 2, 2, 2, 2, 2, 2, 2, 2, 2, 2, 2, 2,
    2, 2, 2, 2, 2, 2, 2, 2, 2, 2, 2, 2, 2, 2, 2, 2, 2, 2, 2, 3, 2, 2, 2, 2,
    2, 3, 2, 1, 1, 1, 1, 1, 2, 2, 2, 2, 2, 2, 2, 2, 2, 1, 2, 1, 2, 2, 2, 2,
    2, 2, 2, 2, 1, 2, 2, 2, 2, 2, 2, 2, 2, 2, 2, 2, 1, 1, 1, 1, 1, 1, 1, 1,
    1, 1, 1, 1, 1, 1, 1, 1, 1, 1, 1, 1, 1, 1, 1, 1, 1, 1, 1, 1, 1, 1, 1, 1,
    1, 1, 1, 1, 1, 1, 1, 1, 1, 1, 1, 1, 1, 1, 1, 1, 1, 1, 1, 1, 1, 1, 1, 1,
    1, 1, 1, 1, 1, 1, 1, 1, 1, 1, 1, 1, 1, 1, 1, 1, 1, 1, 1, 1, 1, 1, 1, 1,
    1, 1, 1, 1, 1, 1, 1, 1, 1, 1, 1, 1, 1, 1, 1, 1, 1, 1, 2, 2, 2, 2, 2, 2,
    2, 2, 3, 3, 2, 2, 2, 2, 2, 2, 2, 2, 2, 2, 3, 3, 3, 3, 2, 2, 2, 2, 3, 3,
    2, 2, 2, 2, 2, 2, 2, 2, 2, 2, 2, 2, 2, 2, 2, 2, 3, 3, 2, 2, 2, 2, 2, 2,
    2, 2, 3, 3, 2, 2, 2, 2, 2, 2, 2, 2, 2, 2, 2, 2, 2, 2, 2, 2, 2, 2, 3, 3,
    3, 3, 3, 3, 3, 3, 2, 2, 2, 2, 2, 2, 2, 2, 3, 3, 2, 2, 2, 2, 2, 2, 3, 3,
    3, 3, 3, 3, 2, 2, 2, 2, 2, 2, 2, 2, 2, 2, 2, 2, 2, 2, 3, 3, 3, 3, 2, 2,
    2, 2, 2, 2, 2, 2, 2, 2, 2, 2, 2, 2, 2, 2, 2, 2, 2, 2, 2, 2, 2, 2, 2, 2,
    2, 2, 2, 2, 1, 2, 2, 2, 2, 2, 3, 3, 3, 3, 3, 3, 3, 3, 3, 3, 3, 3, 3, 3,
    3, 3, 3, 3, 3, 3, 2, 2, 2, 2, 2, 2, 3, 3, 3, 3, 3, 3, 3, 3, 3, 3, 2, 2,
    2, 2, 2, 2, 2, 2, 3, 3, 3, 3, 3, 3, 3, 3, 3, 3, 3, 3, 3, 3, 3, 3, 3, 3,
    3, 3, 2, 2, 2, 2, 3, 3, 3, 3, 3, 3, 3, 3, 3, 3, 2, 2, 2, 2, 2, 2, 2, 2,
    2, 2, 3, 3, 3, 3, 3, 3, 2, 2, 3, 3, 3, 3, 3, 3, 2, 2, 3, 3, 3, 3, 2, 2,
    3, 3, 3, 3, 2, 2, 3, 3, 3, 3, 3, 3, 2, 2, 3, 3, 3, 3, 3, 3, 2, 2, 3, 3,
    3, 3, 3, 3, 2, 2, 3, 3, 3, 3, 3, 3, 2, 2, 3, 3, 3, 3, 2, 2, 3, 3, 3, 3,
    2, 2, 3, 3, 3, 3, 3, 3, 2, 3, 3, 3, 2, 2, 3, 3, 3, 3, 3, 3, 2, 2, 3, 3,
    3, 3, 3, 3, 2, 2, 2, 2, 2, 2, 2, 2, 2, 2, 2, 2, 2, 2, 3, 3, 4, 4, 4, 4,
    4, 4, 3, 3, 4, 4, 4, 4, 4, 4, 3, 3, 4, 4, 4, 4, 4, 4, 3, 3, 4, 4, 4, 4,
    4, 4, 3, 3, 4, 4, 4, 4, 4, 4, 3, 3, 4, 4, 4, 4, 4, 4, 2, 2, 3, 2, 3, 2,
    3, 2, 2, 2, 2, 2, 1, 1, 1, 1, 2, 3, 2, 3, 2, 3, 2, 2, 2, 2, 2, 2, 2, 2,
    2, 2, 3, 3, 2, 3, 2, 2, 2, 2, 2, 2, 2, 2, 2, 3, 3, 2, 2, 2, 3, 2, 2, 2,
    2, 2, 2, 2, 1, 3, 2, 3, 2, 3, 2, 2, 2, 2, 2, 1, 1, 1, 1, 1, 1, 1, 1, 1,
    1, 1, 1, 1, 1, 1, 1, 1, 1, 1, 1, 1, 1, 1, 1, 1, 1, 1, 1, 1, 1, 1, 1, 1,
    1, 1, 1, 1, 1, 1, 1, 1, 1, 1, 1, 1, 1, 1, 1, 1, 1, 1, 1, 1, 1, 1, 1, 1,
    1, 1, 1, 1, 1, 1, 1, 1, 1, 1, 1, 1, 1, 1, 1, 1, 1, 1, 1, 1, 1, 1, 1, 1,
    1, 1, 1, 1, 1, 1, 1, 1, 1, 1, 1, 1, 1, 1, 1, 1, 1, 1, 1, 1, 1, 1, 1, 1,
    1, 1, 1, 2, 1, 1, 1, 1, 1, 1, 1, 1, 1, 1, 1, 1, 1, 1, 1, 1, 1, 1, 1, 1,
    1, 1, 1, 1, 1, 1, 1, 1, 1, 1, 1, 1, 1, 1, 1, 1, 1, 1, 1, 1, 1, 1, 1, 1,
    1, 1, 1, 1, 1, 1, 1, 1, 1, 1, 1, 1, 1, 1, 1, 1, 1, 1, 1, 1, 1, 1, 1, 1,
    1, 1, 1, 1, 2, 2, 2, 2, 2, 2, 2, 2, 2, 2, 2, 1, 1, 1, 1, 2, 2, 2, 2, 2,
    2, 2, 2, 2, 2, 2, 2, 2, 2, 2, 2, 2, 2, 2, 2, 2, 2, 2, 2, 2, 2, 2, 2, 2,
    2, 2, 2, 2, 1, 1, 1, 1, 1, 1, 1, 1, 1, 1, 1, 1, 1, 1, 1, 1, 1, 1, 1, 1,
    1, 1, 1, 1, 1, 1, 1, 1, 1, 1, 1, 1, 1, 1, 1, 1, 1, 1, 1, 1, 1, 1, 1, 1,
    1, 1, 1, 1, 1, 1, 1, 1, 1, 1, 1, 1, 1, 1, 1, 1, 1, 1, 1, 1, 1, 1, 1, 1,
    1, 1, 1, 1, 1, 1, 1, 1, 1, 1, 1, 1, 1, 1, 1, 1, 1, 1, 1, 1, 1, 1, 1, 1,
    1, 1, 1, 1, 1, 1, 1, 1, 1, 1, 1, 1, 1, 1, 1, 1, 1, 1, 1, 1, 1, 1, 1, 1,
    1, 1, 1, 1, 1, 1, 1, 1, 1, 1, 1, 1, 1, 1, 1, 1, 1, 1, 1, 1, 1, 1, 1, 1,
    1, 1, 1, 1, 1, 2, 1, 1, 1, 1, 1, 1, 1, 1, 1, 1, 1, 1, 1, 1, 1, 1, 1, 1,
    1, 1, 1, 1, 1, 1, 1, 1, 1, 1, 1, 1, 1, 1, 1, 1, 1, 1, 1, 1, 1, 1, 1, 1,
    1, 1, 1, 1, 1, 1, 1, 1, 1, 1, 1, 1, 1, 1, 1, 1, 1, 1, 1, 1, 1, 1, 1, 1,
    1, 1, 1, 1, 1, 1, 1, 1, 1, 1, 1, 1, 1, 1, 1, 1, 1, 1, 1, 1, 1, 1, 1, 1,
    1, 1, 1, 1, 1, 1, 1, 1, 1, 1, 1, 1, 1, 1, 1, 1, 1, 1, 1, 1, 1, 1, 1, 1,
    1, 1, 1, 1, 1, 1, 1, 1, 1, 1, 1, 1, 1, 1, 1, 1, 1, 1, 1, 1, 1, 1, 1, 1,
    1, 1, 1, 1, 1, 1, 1, 1, 1, 1, 1, 1, 1, 1, 1, 1, 1, 1, 1, 1, 1, 1, 1, 1,
    1, 1, 1, 1, 1, 1, 1, 1, 1, 1, 1, 1, 1, 1, 1, 1, 1, 1, 1, 1, 1, 1, 1, 1,
    1, 1, 1, 1, 1, 1, 1, 1, 1, 1, 1, 1, 1, 1, 1, 1, 1, 1, 1, 1, 1, 1, 1, 1,
    1, 1, 1, 1, 1, 1, 1, 1, 1, 1, 1, 1, 1, 1, 2, 2, 2, 2, 2, 2, 2, 2, 2, 2,
    2, 2, 2, 2, 2, 2, 2, 2, 2, 2, 2, 2, 2, 2, 2, 2, 1, 1, 2, 1, 2, 2, 2, 2,
    2, 2, 2, 2, 2, 2, 2, 2, 2, 2, 2, 2, 2, 2, 2, 2, 2, 2, 2, 2, 2, 2, 2, 2,
    2, 2, 2, 1, 1, 1, 1, 1, 1, 1, 1, 1, 1, 1, 1, 1, 1, 1, 1, 1, 1, 1, 1, 1,
    1, 1, 1, 1, 1, 1, 1, 1, 1, 1, 1, 1, 1, 1, 1, 1, 1, 1, 1, 1, 1, 1, 1, 1,
    1, 1, 1, 1, 1, 1, 1, 1, 1, 1, 1, 1, 1, 1, 1, 1, 1, 1, 1, 1, 1, 1, 1, 1,
    1, 1, 1, 1, 1, 1, 1, 1, 1, 1, 1, 1, 1, 1, 1, 1, 1, 1, 1, 1, 1, 1, 1, 1,
    1, 1, 1, 1, 1, 1, 1, 1, 1, 1, 1, 1, 1, 1, 1, 1, 1, 1, 1, 1, 1, 1, 1, 1,
    1, 1, 1, 1, 1, 1, 1, 1, 1, 1, 1, 1, 1, 1, 1, 1, 1, 1, 1, 1, 1, 1, 1, 1,
    1, 1, 1, 1, 1, 1, 1, 1, 1, 1, 1, 1, 1, 1, 1, 1, 1, 1, 1, 1, 1, 1, 1, 1,
    1, 1, 1, 1, 1, 1, 1, 1, 1, 1, 1, 1, 1, 1, 1, 1, 1, 1, 1, 1, 1, 1, 1, 1,
    1, 1, 1, 1, 1, 1, 1, 1, 1, 1, 1, 1, 1, 1, 1, 1, 1, 1, 1, 1, 1, 1, 1, 1,
    1, 1, 1, 1, 1, 1, 1, 1, 1, 1, 1, 1, 1, 1, 1, 1, 1, 1, 1, 1, 1, 1, 1, 1,
    1, 1, 1, 1, 1, 1, 1, 1, 1, 1, 1, 1, 1, 1, 1, 1, 1, 1, 1, 1, 1, 1, 1, 1,
    1, 1, 1, 1, 1, 1, 1, 1, 1, 1, 1, 1, 1, 1, 1, 1, 1, 1, 1, 1, 1, 1, 1, 1,
    1, 1, 1, 1, 1, 1, 1, 1, 1, 1, 1, 1, 1, 1, 1, 1, 1, 1, 1, 1, 1, 1, 1, 1,
    1, 1, 1, 1, 1, 1, 1, 1, 1, 1, 1, 1, 1, 1, 1, 1, 1, 1, 1, 1, 1, 1, 1, 1,
    1, 1, 1, 1, 1, 1, 1, 1, 1, 1, 1, 1, 1, 1, 1, 1, 1, 1, 1, 1, 1, 1, 1, 1,
    1, 1, 1, 1, 1, 1, 1, 1, 1, 1, 1, 1, 1, 1, 1, 1, 1, 1, 1, 1, 1, 1, 1, 1,
    1, 1, 1, 1, 1, 1, 1, 1, 1, 1, 1, 1, 1, 1, 1, 1, 1, 1, 1, 1, 1, 1, 1, 1,
    1, 1, 1, 1, 1, 1, 1, 1, 1, 1, 1, 1, 1, 1, 1, 1, 1, 1, 1, 1, 1, 1, 1, 1,
    1, 1, 1, 1, 1, 1, 1, 1, 1, 1, 1, 1, 1, 1, 1, 1, 1, 1, 1, 1, 1, 1, 1, 1,
    1, 1, 1, 1, 1, 1, 1, 1, 1, 1, 1, 1, 1, 1, 1, 1, 1, 1, 1, 1, 1, 1, 1, 1,
    1, 1, 1, 1, 1, 1, 1, 1, 1, 1, 1, 1, 1, 1, 1, 1, 1, 1, 1, 1, 1, 1, 1, 1,
    1, 1, 1, 1, 1, 1, 1, 1, 1, 1, 1, 1, 1, 1, 1, 1, 1, 1, 1, 1, 1, 1, 1, 1,
    1, 1, 1, 1, 1, 1, 1, 1, 1, 1, 1, 1, 1, 1, 1, 1, 1, 1, 1, 1, 1, 1, 1, 1,
    1, 1, 1, 1, 1, 1, 1, 1, 1, 1, 1, 1, 1, 1, 1, 1, 1, 1, 1, 1, 1, 1, 1, 1,
    1, 1, 1, 1, 1, 1, 1, 1, 1, 1, 1, 1, 1, 1, 1, 1, 1, 1, 1, 1, 1, 1, 1, 1,
    1, 1, 1, 1, 1, 1, 1, 1, 1, 1, 1, 1, 1, 1, 1, 1, 1, 1, 1, 1, 1, 1, 1, 1,
    1, 1, 1, 1, 1, 1, 1, 1, 1, 1, 1, 1, 1, 1, 1, 1, 1, 1, 1, 1, 1, 1, 1, 1,
    1, 1, 1, 1, 1, 1, 1, 1, 1, 1, 1, 1, 1, 1, 1, 1, 1, 1, 1, 1, 1, 1, 1, 1,
    1, 1, 1, 1, 1, 1, 1, 1, 1, 1, 1, 1, 1, 1, 1, 1, 1, 1, 1, 1, 1, 1, 1, 1,
    1, 1, 1, 1, 1, 1, 1, 1, 1, 1, 1, 1, 1, 1, 1, 1, 1, 1, 1, 1, 1, 1, 1, 1,
    1, 1, 1, 1, 1, 1, 1, 1, 1, 1, 1, 1, 1, 1, 1, 1, 1, 1, 1, 1, 1, 1, 1, 1,
    1, 1, 1, 1, 1, 1, 1, 1, 1, 1, 1, 1, 1, 1, 1, 1, 1, 1, 1, 1, 1, 1, 1, 1,
    1, 1, 1, 1, 1, 1, 1, 1, 1, 1, 1, 1, 1, 1, 1, 1, 1, 1, 1, 1, 1, 1, 1, 1,
    1, 1, 1, 1, 1, 1, 1, 1, 1, 1, 1, 1, 1, 1, 1, 1, 1, 1, 1, 1, 1, 1, 1, 1,
    1, 1, 1, 1, 1, 1, 1, 1, 1, 1, 1, 1, 1, 1, 1, 1, 1, 1, 1, 1, 1, 1, 1, 1,
    1, 1, 1, 1, 1, 1, 1, 1, 1, 1, 1, 1, 1, 1, 1, 1, 1, 1, 1, 1, 1, 1, 1, 1,
    1, 1, 1, 1, 1, 1, 1, 1, 1, 1, 1, 1, 1, 1, 1, 1, 1, 1, 1, 1, 1, 1, 1, 1,
    1, 1, 1, 1, 1, 1, 1, 1, 1, 1, 1, 1, 1, 1, 1, 1, 1, 1, 1, 1, 1, 1, 1, 1,
    1, 1, 1, 1, 1, 1, 1, 1, 1, 1, 1, 1, 1, 1, 1, 1, 1, 1, 1, 1, 1, 1, 1, 1,
    1, 1, 1, 1, 1, 1, 1, 1, 1, 1, 1, 1, 1, 1, 1, 1, 1, 1, 1, 1, 1, 1, 1, 1,
    1, 1, 1, 1, 1, 1, 1, 1, 1, 1, 1, 1, 1, 1, 1, 1, 1, 1, 1, 1, 1, 1, 1, 1,
    1, 1, 1, 1, 1, 1, 1, 1, 1, 1, 1, 1, 1, 1, 1, 1, 1, 1, 1, 1, 1, 1, 1, 1,
    1, 1, 1, 1, 1, 1, 1, 1, 1, 1, 1, 1, 1, 1, 1, 1, 1, 1, 1, 1, 1, 1, 1, 1,
    1, 1, 1, 1, 1, 1, 1, 1, 1, 1, 1, 1, 1, 1, 1, 1, 1, 1, 1, 1, 1, 1, 1, 1,
    1, 1, 1, 1, 1, 1, 1, 1, 1, 1, 1, 1, 1, 1, 1, 1, 1, 1, 1, 1, 1, 1, 1, 1,
    1, 1, 1, 1, 1, 1, 1, 1, 1, 1, 1, 1, 1, 1, 1, 1, 1, 1, 1, 1, 2, 2, 1, 1,
    1, 1, 1, 1, 1, 1, 1, 1, 2, 2, 3, 3, 2, 2, 2, 2, 2, 2, 2, 2, 2, 2, 2, 2,
    2, 2, 2, 2, 2, 2, 2, 2, 2, 2, 2, 2, 2, 2, 2, 2, 1, 1, 1, 1, 1, 1, 1, 1,
    1, 1, 1, 1, 1, 1, 1, 1, 1, 1, 1, 1, 1, 1, 1, 1, 1, 1, 1, 1, 1, 1, 1, 1,
    1, 1, 1, 1, 1, 1, 1, 1, 1, 1, 1, 1, 1, 1, 1, 1, 1, 1, 1, 1, 1, 1, 1, 1,
    1, 1, 1, 1, 1, 1, 1, 1, 1, 1, 1, 1, 1, 1, 1, 1, 1, 1, 1, 1, 1, 1, 1, 1,
    1, 1, 1, 1, 1, 1, 1, 1, 1, 1, 1, 1, 1, 1, 1, 1, 1, 1, 1, 1, 1, 1, 1, 1,
    1, 1, 1, 1, 1, 1, 1, 1, 1, 1, 1, 1, 1, 1, 1, 1, 1, 1, 1, 1, 1, 1, 1, 1,
    1, 1, 1, 1, 1, 1, 1, 1, 1, 1, 1, 1, 1, 1, 1, 1, 1, 1, 1, 1, 1, 1, 1, 1,
    1, 1, 1, 1, 1, 1, 1, 1, 1, 1, 1, 1, 1, 1, 1, 1, 1, 1, 1, 1, 1, 1, 1, 1,
    1, 1, 1, 1, 1, 1, 1, 1, 1, 1, 1, 1, 1, 1, 1, 1, 1, 1, 1, 1, 1, 1, 1, 1,
    1, 1, 1, 1, 1, 1, 1, 1, 1, 1, 1, 1, 1, 1, 1, 1, 1, 1, 1, 1, 1, 1, 1, 1,
    1, 1, 1, 1, 1, 1, 1, 1, 1, 1, 1, 1, 1, 1, 1, 1, 1, 1, 1, 1, 1, 1, 1, 1,
    1, 1, 1, 1, 1, 1, 1, 1, 1, 1, 1, 1, 1, 1, 1, 1, 1, 1, 1, 1, 1, 1, 1, 1,
    1, 1, 1, 1, 1, 1, 1, 1, 1, 1, 1, 1, 1, 1, 1, 1, 1, 1, 1, 1, 1, 1, 1, 1,
    1, 1, 1, 1, 1, 1, 1, 1, 1, 1, 1, 1, 1, 1, 1, 1, 1, 1, 1, 1, 1, 1, 1, 1,
    1, 1, 1, 1, 1, 1, 1, 1, 1, 1, 1, 1, 1, 1, 1, 1, 1, 1, 1, 1, 1, 1, 1, 1,
    1, 1, 1, 1, 1, 1, 1, 1, 1, 1, 1, 1, 1, 1, 1, 1, 1, 1, 1, 1, 1, 1, 1, 1,
    1, 1, 1, 1, 1, 1, 1, 1, 1, 1, 1, 1, 1, 1, 1, 1, 1, 1, 1, 1, 1, 1, 1, 1,
    1, 1, 1, 1, 1, 1, 1, 1, 1, 1, 1, 1, 1, 1, 1, 1, 1, 1, 1, 1, 1, 1, 1, 1,
    1, 1, 1, 1, 1, 1, 1, 1, 1, 1, 1, 1, 1, 1, 1, 1, 1, 1, 1, 1, 1, 1, 1, 1,
    1, 1, 1, 1, 1, 1, 1, 1, 1, 1, 1, 1, 1, 1, 1, 1, 1, 1, 1, 1, 1, 1, 1, 1,
    1, 1, 1, 1, 1, 1, 1, 1, 1, 1, 1, 1, 1, 1, 1, 1, 1, 1, 1, 1, 1, 1, 1, 1,
    1, 1, 1, 1, 1, 1, 1, 1, 1, 1, 1, 1, 1, 1, 1, 1, 1, 1, 1, 1, 1, 1, 1, 1,
    1, 1, 1, 1, 1, 1, 1, 1, 1, 1, 1, 1, 1, 1, 1, 1, 1, 1, 1, 1, 1, 1, 1, 1,
    1, 1, 1, 1, 1, 1, 1, 1, 1, 1, 1, 1, 1, 1, 1, 1, 1, 1, 1, 1, 1, 1, 1, 1,
    1, 1, 1, 1, 1, 1, 1, 1, 1, 1, 1, 1, 1, 1, 1, 1, 1, 1, 1, 1, 1, 1, 1, 1,
    1, 1, 1, 1, 1, 1, 1, 1, 1, 1, 1, 1, 1, 1, 1, 1, 1, 1, 1, 1, 1, 1, 1, 1,
    1, 1, 1, 1, 1, 1, 1, 1, 1, 1, 1, 1, 1, 1, 1, 1, 1, 1, 1, 1, 1, 1, 1, 1,
    1, 1, 1, 1, 1, 1, 1, 1, 1, 1, 1, 1, 1, 1, 1, 1, 1, 1, 1, 1, 1, 1, 1, 1,
    1, 1, 1, 1, 1, 1, 1, 1, 1, 1, 1, 1, 1, 1, 1, 1, 1, 1, 1, 1, 1, 1, 1, 1,
    1, 1, 1, 1, 1, 1, 1, 1, 1, 1, 1, 1, 1, 1, 1, 1, 1, 1, 1, 1, 1, 1, 1, 1,
    1, 1, 1, 1, 1, 1, 1, 1, 1, 1, 1, 1, 1, 1, 1, 1, 1, 1, 1, 1, 1, 1, 1, 1,
    1, 1, 1, 1, 1, 1, 1, 1, 1, 1, 1, 1, 1, 1, 1, 1, 1, 1, 1, 1, 1, 1, 1, 1,
    1, 1, 1, 1, 1, 1, 1, 1, 1, 1, 1, 1, 1, 1, 1, 1, 1, 1, 1, 1, 1, 1, 1, 1,
    1, 1, 1, 1, 1, 1, 1, 1, 1, 1, 1, 1, 1, 1, 1, 1, 1, 1, 1, 1, 1, 1, 1, 1,
    1, 1, 1, 1, 1, 1, 1, 1, 1, 1, 1, 1, 1, 1, 1, 1, 1, 1, 1, 1, 1, 1, 1, 1,
    1, 1, 1, 1, 1, 1, 1, 1, 1, 1, 1, 1, 1, 1, 1, 1, 1, 1, 1, 1, 1, 1, 1, 1,
    1, 1, 1, 1, 1, 1, 1, 1, 1, 1, 1, 1, 1, 1, 1, 1, 1, 1, 1, 1, 1, 1, 1, 1,
    1, 1, 1, 1, 1, 1, 1, 1, 1, 1, 1, 1, 1, 1, 1, 1, 1, 1, 1, 1, 1, 1, 1, 1,
    1, 1, 1, 1, 1, 1, 1, 1, 1, 1, 1, 1, 1, 1, 1, 1, 1, 1, 1, 1, 1, 1, 1, 1,
    1, 1, 1, 1, 1, 1, 1, 1, 1, 1, 1, 1, 1, 1, 1, 1, 1, 1, 1, 1, 1, 1, 1, 1,
    1, 1, 1, 1, 1, 1, 1, 1, 1, 1, 1, 1, 1, 1, 1, 1, 1, 1, 1, 1, 1, 1, 1, 1,
    1, 1, 1, 1, 1, 1, 1, 1, 1, 1, 1, 1, 1, 1, 1, 1, 1, 1, 1, 1, 1, 1, 1, 1,
    1, 1, 1, 1, 1, 1, 1, 1, 1, 1, 1, 1, 1, 1, 1, 1, 1, 1, 1, 1, 1, 1, 1, 1,
    1, 1, 1, 1, 1, 1, 1, 2, 2, 1, 1, 1, 1, 1, 1, 1, 1, 1, 1, 1, 1, 1, 1, 1,
    1, 1, 1, 1, 1, 1, 1, 1, 1, 1, 1, 1, 1, 1, 1, 1, 1, 1, 1, 1, 1, 1, 1, 1,
    1, 1, 1, 1, 1, 1, 1, 1, 1, 1, 1, 1, 1, 1, 1, 1, 1, 1, 1, 1, 1, 1, 2, 2,
    2, 2, 2, 2, 2, 2, 2, 2, 2, 2, 2, 2, 2, 2, 2, 2, 2, 2, 2, 2, 2, 2, 2, 3,
    3, 3, 2, 2, 3, 1, 1, 1, 1, 1, 1, 1, 1, 1, 1, 1, 1, 1, 1, 1, 1, 1, 1, 1,
    1, 1, 1, 1, 1, 1, 1, 1, 1, 1, 1, 1, 1, 1, 1, 1, 1, 1, 1, 1, 1, 2, 2, 3,
    3, 3, 3, 3, 2, 2, 3, 3, 3, 3, 1, 1, 1, 1, 1, 1, 1, 1, 1, 1, 1, 1, 1, 1,
    1, 1, 1, 1, 1, 1, 1, 1, 1, 1, 1, 1, 1, 1, 1, 1, 1, 1, 1, 1, 1, 1, 1, 1,
    1, 1, 1, 1, 1, 1, 1, 1, 1, 1, 1, 1, 1, 1, 1, 1, 1, 1, 1, 1, 1, 1, 1, 1,
    1, 1, 1, 1, 1, 1, 1, 1, 1, 1, 1, 1, 1, 1, 1, 1, 1, 1, 1, 1, 1, 1, 1, 1,
    1, 1, 1, 1, 1, 1, 1, 1, 1, 1, 1, 1, 1, 1, 1, 1, 1, 1, 1, 1, 1, 1, 1, 1,
    1, 1, 1, 1, 1, 1, 1, 1, 1, 1, 1, 1, 1, 1, 1, 1, 1, 1, 1, 1, 1, 1, 1, 1,
    1, 1, 1, 1, 1, 1, 1, 1, 1, 1, 1, 1, 1, 1, 1, 1, 1, 1, 1, 1, 1, 1, 1, 1,
    1, 1, 1, 1, 1, 1, 1, 1, 1, 1, 1, 1, 1, 1, 1, 1, 1, 1, 1, 1, 1, 1, 1, 1,
    1, 1, 1, 1, 1, 1, 1, 1, 1, 1, 1, 1, 1, 1, 1, 1, 1, 1, 1, 1, 1, 1, 1, 1,
    1, 1, 1, 1, 1, 1, 1, 1, 1, 1, 1, 1, 1, 1, 1, 1, 1, 1, 1, 1, 1, 1, 1, 1,
    1, 1, 1, 1, 1, 1, 1, 1, 1, 1, 1, 1, 1, 1, 1, 1, 1, 1, 1, 1, 1, 1, 1, 1,
    1, 1, 1, 1, 1, 1, 1, 1, 1, 1, 1, 1, 1, 1, 1, 1, 1, 1, 1, 1, 1, 1, 1, 1,
    1, 1, 1, 1, 1, 1, 1, 1, 1, 1, 1, 1, 1, 1, 1, 1, 1, 1, 1, 1, 1, 1, 1, 1,
    1, 1, 1, 1, 1, 1, 1, 1, 1, 1, 1, 1, 1, 1, 1, 1, 1, 1, 1, 1, 1, 1, 1, 1,
    1, 1, 1, 1, 1, 1, 1, 1, 1, 1, 1, 1, 1, 1, 1, 1, 1, 1, 1, 1, 1, 1, 1, 1,
    1, 1, 1, 1, 1, 1, 1, 1, 1, 1, 1, 1, 1, 1, 1, 1, 1, 1, 1, 1, 1, 1, 1, 1,
    1, 1, 1, 1, 1, 1, 1, 1, 1, 1, 1, 1, 1, 1, 1, 1, 1, 1, 1, 1, 1, 1, 1, 1,
    1, 1, 1, 1, 1, 1, 1, 1, 1, 1, 1, 1, 1, 1, 1, 1, 1, 1, 1, 1, 1, 1, 1, 1,
    1, 1, 1, 1, 1, 1, 1, 1, 1, 1, 1, 1, 1, 1, 1, 1, 1, 1, 1, 1, 1, 1, 1, 1,
    1, 1, 1, 1, 1, 1, 1, 1, 1, 1, 1, 1, 1, 1, 1, 1, 1, 1, 1, 1, 1, 1, 1, 1,
    1, 1, 1, 1, 1, 1, 1, 1, 1, 1, 1, 1, 1, 1, 1, 1, 1, 1, 1, 1, 1, 1, 1, 1,
    1, 1, 1, 1, 1, 1, 1, 1, 1, 1, 1, 1, 1, 1, 1, 1, 1, 1, 1, 1, 1, 1, 1, 1,
    1, 1, 1, 1, 1, 1, 1, 1, 1, 1, 1, 1, 1, 1, 1, 1, 1, 1, 1, 1, 1, 1, 1, 1,
    1, 1, 1, 1, 1, 1, 1, 1, 1, 1, 1, 1, 1, 1, 1, 1, 1, 1, 1, 1, 1, 1, 1, 1,
    1, 1, 1, 1, 1, 1, 1, 1, 1, 1, 1, 1, 1, 1, 1, 1, 1, 1, 1, 1, 1, 1, 1, 1,
    1, 1, 1, 1, 1, 1, 1, 1, 1, 1, 1, 1, 1, 1, 1, 1, 1, 1, 1, 1, 1, 1, 1, 1,
    1, 1, 1, 1, 1, 1, 1, 1, 1, 1, 1, 1, 1, 1, 1, 1, 1, 1, 1, 1, 1, 1, 1, 1,
    1, 1, 1, 1, 1, 1, 1, 1, 1, 1, 1, 1, 1, 1, 1, 1, 1, 1, 1, 1, 1, 1, 1, 1,
    1, 1, 1, 1, 1, 1, 1, 1, 1, 1, 1, 1, 1, 1, 1, 1, 1, 1, 1, 1, 1, 1, 1, 1,
    1, 1, 1, 1, 1, 1, 1, 1, 1, 1, 1, 1, 1, 1, 1, 1, 1, 1, 1, 1, 1, 1, 1, 1,
    1, 1, 1, 1, 1, 1, 1, 1, 1, 1, 1, 1, 1, 1, 1, 1, 1, 1, 1, 1, 1, 1, 1, 1,
    1, 1, 1, 1, 1, 1, 1, 1, 1, 1, 1, 1, 1, 1, 1, 1, 1, 1, 1, 1, 1, 1, 1, 1,
    1, 1, 1, 1, 1, 1, 1, 1, 1, 1, 1, 1, 1, 1, 1, 1, 1, 1, 1, 1, 1, 1, 1, 1,
    1, 1, 1, 1, 1, 1, 1, 1, 1, 1, 1, 1, 1, 1, 1, 1, 1, 1, 1, 1, 1, 1, 1, 1,
    1, 1, 1, 1, 1, 1, 1, 1, 1, 1, 1, 1, 1, 1, 1, 1, 1, 1, 1, 1, 1, 1, 1, 1,
    1, 1, 1, 1, 1, 1, 1, 1, 1, 1, 1, 1, 1, 1, 1, 1, 1, 1, 1, 1, 1, 1, 1, 1,
    1, 1, 1, 1, 1, 1, 1, 1, 1, 1, 1, 1, 1, 1, 1, 1, 1, 1, 1, 1, 1, 1, 1, 1,
    1, 1, 1, 1, 1, 1, 1, 1, 1, 1, 1, 1, 1, 1, 1, 1, 1, 1, 1, 1, 1, 1, 1, 1,
    1, 1, 1, 1, 1, 1, 1, 1, 1, 1, 1, 1, 1, 1, 1, 1, 1, 1, 1, 1, 1, 1, 1, 1,
    1, 1, 1, 1, 1, 1, 1, 1, 1, 1, 1, 1, 1, 1, 1, 1, 1, 1, 1, 1, 1, 1, 1, 1,
    1, 1, 1, 1, 1, 1, 1, 1, 1, 1, 1, 1, 1, 1, 1, 1, 1, 1, 1, 1, 1, 1, 1, 1,
    1, 1, 1, 1, 1, 1, 1, 1, 1, 1, 1, 1, 1, 1, 1, 1, 1, 1, 1, 1, 1, 1, 1, 1,
    1, 1, 1, 1, 1, 1, 1, 1, 1, 1, 1, 1, 1, 1, 1, 1, 1, 1, 1, 1, 1, 1, 1, 1,
    1, 1, 1, 1, 1, 1, 1, 1, 1, 1, 1, 1, 1, 1, 1, 1, 1, 1, 1, 1, 1, 1, 1, 1,
    1, 1, 1, 1, 1, 1, 1, 1, 1, 1, 1, 1, 1, 1, 1, 1, 1, 1, 1, 1, 1, 1, 1, 1,
    1, 1, 1, 1, 1, 1, 1, 1, 1, 1, 1, 1, 1, 1, 1, 1, 1, 1, 1, 1, 1, 1, 1, 1,
    1, 1, 1, 1, 1, 1, 1, 1, 1, 1, 1, 1, 1, 1, 1, 1, 1, 1, 1, 1, 1, 1, 1, 1,
    1, 1, 1, 1, 1, 1, 1, 1, 1, 1, 1, 1, 1, 1, 1, 1, 1, 1, 1, 1, 1, 1, 1, 1,
    1, 1, 1, 1, 1, 1, 1, 1, 1, 1, 1, 1, 1, 1, 1, 1, 1, 1, 1, 1, 1, 1, 1, 1,
    1, 1, 1, 1, 1, 1, 1, 1, 1, 1, 1, 1, 1, 1, 1, 1, 1, 1, 1, 1, 1, 1, 1, 1,
    1, 1, 1, 1, 1, 1, 1, 1, 1, 1, 1, 1, 1, 1, 1, 1, 1, 1, 1, 1, 1, 1, 1, 1,
    1, 1, 1, 1, 1, 1, 1, 1, 1, 1, 1, 1, 1, 1, 1, 1, 1, 1, 1, 1, 1, 1, 1, 1,
    1, 1, 1, 1, 1, 1, 1, 1, 1, 1, 1, 1, 1, 1, 1, 1, 1, 1, 1, 1, 1, 1, 1, 1,
    1, 1, 1, 1, 1, 1, 1, 1, 1, 1, 1, 1, 1, 1, 1, 1, 1, 1, 1, 1, 1, 1, 1, 1,
    1, 1, 1, 1, 1, 1, 1, 1, 1, 1, 1, 1, 1, 1, 1, 1, 1, 1, 1, 1, 1, 1, 1, 1,
    1, 1, 1, 1, 1, 1, 1, 1, 1, 1, 1, 1, 1, 1, 1, 1, 1, 1, 1, 1, 1, 1, 1, 1,
    1, 1, 1, 1, 1, 1, 1, 1, 1, 1, 1, 1, 1, 1, 1, 1, 1, 1, 1, 1, 1, 1, 1, 1,
    1, 1, 1, 1, 1, 1, 1, 1, 1, 1, 1, 1, 1, 1, 1, 1, 1, 1, 1, 1, 1, 1, 1, 1,
    1, 1, 1, 1, 1, 1, 1, 1, 1, 1, 1, 1, 1, 1, 1, 1, 1, 1, 1, 1, 1, 1, 1, 1,
    1, 1, 1, 1, 1, 1, 1, 1, 1, 1, 1, 1, 1, 1, 1, 1, 1, 1, 1, 1, 1, 1, 1, 1,
    1, 1, 1, 1, 1, 1, 1, 1, 1, 1, 1, 1, 1, 1, 1, 1, 1, 1, 1, 1, 1, 1, 1, 1,
    1, 1, 1, 1, 1, 1, 1, 1, 1, 1, 1, 1, 1, 1, 1, 1, 1, 1, 1, 1, 1, 1, 1, 1,
    1, 1, 1, 1, 1, 1, 1, 1, 1, 1, 1, 1, 1, 1, 1, 1, 1, 1, 1, 1, 1, 1, 1, 1,
    1, 1, 1, 1, 1, 1, 1, 1, 1, 1, 1, 1, 1, 1, 1, 1, 1, 1, 1, 1, 1, 1, 1, 1,
    1, 1, 1, 1, 1, 1, 1, 1, 1, 1, 1, 1, 1, 1, 1, 1, 1, 1, 1, 1, 1, 1, 1, 1,
    1, 1, 1, 1, 1, 1, 1, 1, 1, 1, 1, 1, 1, 1, 1, 1, 1, 1, 1, 1, 1, 1, 1, 1,
    1, 1, 1, 1, 1, 1, 1, 1, 1, 1, 1, 1, 1, 1, 1, 1, 1, 1, 1, 1, 1, 1, 1, 1,
    1, 1, 1, 1, 1, 1, 1, 1, 1, 1, 1, 1, 1, 1, 1, 1, 1, 1, 1, 1, 1, 1, 1, 1,
    1, 1, 1, 1, 1, 1, 1, 1, 1, 1, 1, 1, 1, 1, 1, 1, 1, 1, 1, 1, 1, 1, 1, 1,
    1, 1, 1, 1, 1, 1, 1, 1, 1, 1, 1, 1, 1, 1, 1, 1, 1, 1, 1, 1, 1, 1, 1, 1,
    1, 1, 1, 1, 1, 1, 1, 1, 1, 1, 1, 1, 1, 1, 1, 1, 1, 1, 1, 1, 1, 1, 1, 1,
    1, 1, 1, 1, 1, 1, 1, 1, 1, 1, 1, 1, 1, 1, 1, 1, 1, 1, 1, 1, 1, 1, 1, 1,
    1, 1, 1, 1, 1, 1, 1, 1, 1, 1, 1, 1, 1, 1, 1, 1, 1, 1, 1, 1, 1, 1, 1, 1,
    1, 1, 1, 1, 1, 1, 1, 1, 1, 1, 1, 1, 1, 1, 1, 1, 1, 1, 1, 1, 1, 1, 1, 1,
    1, 1, 1, 1, 1, 1, 1, 1, 1, 1, 1, 1, 1, 1, 1, 1, 1, 1, 1, 1, 1, 1, 1, 1,
    1, 1, 1, 1, 1, 1, 1, 1, 1, 1, 1, 1, 1, 1, 1, 1, 1, 1, 1, 1, 1, 1, 1, 1,
    1, 1, 1, 1, 1, 1, 1, 1, 1, 1, 1, 1, 1, 1, 1, 1, 1, 1, 1, 1, 1, 1, 1, 1,
    1, 1, 1, 1, 1, 1, 1, 1, 1, 1, 1, 1, 1, 1, 1, 1, 1, 1, 1, 1, 1, 1, 1, 1,
    1, 1, 1, 1, 1, 1, 1, 1, 1, 1, 1, 1, 1, 1, 1, 1, 1, 1, 1, 1, 1, 1, 1, 1,
    1, 1, 1, 1, 1, 1, 1, 1, 1, 1, 1, 1, 1, 1, 1, 1, 1, 1, 1, 1, 1, 1, 1, 1,
    1, 1, 1, 1, 1, 1, 1, 1, 1, 1, 1, 1, 1, 1, 1, 1, 1, 1, 1, 1, 1, 1, 1, 1,
    1, 1, 1, 1, 1, 1,
};
static const uint16_t kama__uni_dko[] = {
    1, 3, 6, 8, 11, 13, 15, 18, 20, 23, 25, 27, 31, 35, 38, 40,
    42, 44, 46, 48, 50, 52, 54, 56, 58, 60, 62, 64, 66, 68, 70, 72,
    74, 76, 78, 80, 82, 84, 86, 88, 90, 92, 94, 96, 98, 100, 102, 104,
    106, 108, 110, 112, 114, 116, 118, 120, 122, 124, 126, 128, 130, 132, 134, 136,
    138, 140, 142, 144, 146, 148, 150, 152, 154, 156, 158, 160, 162, 164, 166, 168,
    170, 172, 174, 176, 178, 180, 182, 184, 186, 188, 190, 192, 194, 196, 198, 200,
    202, 204, 206, 208, 210, 212, 214, 216, 218, 220, 222, 224, 226, 228, 230, 232,
    235, 238, 240, 242, 244, 246, 248, 250, 252, 254, 256, 258, 261, 264, 266, 268,
    270, 272, 274, 276, 279, 281, 283, 285, 287, 289, 291, 293, 295, 297, 299, 301,
    303, 305, 307, 309, 311, 313, 315, 317, 319, 321, 323, 325, 327, 329, 331, 333,
    335, 337, 339, 341, 343, 345, 347, 349, 351, 353, 355, 357, 359, 361, 363, 365,
    367, 369, 371, 373, 376, 377, 379, 381, 383, 386, 390, 394, 398, 401, 404, 407,
    410, 413, 415, 417, 419, 421, 423, 425, 427, 429, 431, 434, 437, 440, 443, 446,
    449, 452, 455, 458, 461, 464, 467, 469, 471, 473, 475, 477, 479, 481, 483, 486,
    489, 491, 493, 496, 499, 502, 504, 506, 508, 510, 512, 515, 518, 520, 522, 524,
    526, 528, 530, 532, 534, 536, 538, 540, 542, 544, 546, 548, 550, 552, 554, 556,
    558, 560, 562, 564, 566, 568, 570, 572, 574, 576, 578, 580, 582, 584, 586, 588,
    590, 592, 594, 597, 600, 603, 606, 608, 610, 613, 616, 618, 621, 623, 625, 627,
    629, 631, 633, 635, 637, 639, 642, 645, 648, 651, 654, 657, 659, 661, 663, 665,
    666, 667, 668, 669, 671, 673, 675, 677, 681, 684, 686, 687, 689, 691, 693, 695,
    697, 699, 702, 704, 706, 708, 710, 712, 714, 717, 719, 721, 723, 725, 728, 730,
    732, 735, 739, 742, 744, 746, 748, 750, 752, 754, 756, 757, 759, 761, 763, 765,
    767, 769, 771, 773, 775, 777, 779, 781, 783, 785, 787, 789, 791, 793, 795, 797,
    799, 801, 803, 805, 807, 809, 811, 813, 815, 817, 819, 821, 823, 825, 827, 829,
    831, 833, 835, 837, 839, 841, 843, 845, 847, 849, 851, 853, 855, 857, 859, 862,
    864, 867, 869, 870, 872, 874, 876, 878, 881, 884, 887, 890, 892, 894, 896, 898,
    900, 902, 904, 906, 908, 910, 912, 914, 916, 918, 920, 922, 924, 926, 928, 930,
    932, 934, 936, 938, 940, 942, 944, 946, 948, 950, 952, 954, 956, 958, 960, 962,
    964, 966, 968, 970, 973, 975, 977, 979, 981, 983, 986, 989, 992, 995, 998, 1001,
    1002, 1004, 1006, 1008, 1010, 1012, 1014, 1016, 1018, 1021, 1024, 1027, 1030, 1032, 1034, 1036,
    1038, 1040, 1042, 1044, 1047, 1048, 1050, 1052, 1054, 1056, 1058, 1060, 1062, 1064, 1066, 1068,
    1071, 1073, 1075, 1077, 1079, 1081, 1083, 1085, 1087, 1089, 1091, 1093, 1095, 1097, 1099, 1101,
    1103, 1105, 1107, 1109, 1111, 1113, 1115, 1117, 1119, 1121, 1123, 1125, 1127, 1129, 1131, 1133,
    1135, 1137, 1139, 1141, 1143, 1145, 1147, 1149, 1151, 1153, 1155, 1157, 1159, 1161, 1163, 1165,
    1167, 1169, 1171, 1173, 1175, 1177, 1179, 1181, 1183, 1185, 1187, 1189, 1191, 1193, 1195, 1197,
    1199, 1201, 1203, 1205, 1207, 1209, 1211, 1213, 1215, 1217, 1219, 1221, 1223, 1225, 1227, 1229,
    1231, 1233, 1235, 1237, 1239, 1241, 1243, 1245, 1247, 1249, 1251, 1253, 1255, 1257, 1259, 1261,
    1263, 1265, 1266, 1268, 1270, 1272, 1274, 1276, 1278, 1280, 1282, 1285, 1288, 1290, 1292, 1294,
    1296, 1298, 1300, 1302, 1304, 1306, 1308, 1311, 1314, 1317, 1320, 1322, 1324, 1326, 1328, 1331,
    1334, 1336, 1338, 1340, 1342, 1344, 1346, 1348, 1350, 1352, 1354, 1356, 1358, 1360, 1362, 1364,
    1366, 1369, 1372, 1374, 1376, 1378, 1380, 1382, 1384, 1386, 1388, 1391, 1394, 1396, 1398, 1400,
    1402, 1404, 1406, 1408, 1410, 1412, 1414, 1416, 1418, 1420, 1422, 1424, 1426, 1428, 1430, 1433,
    1436, 1439, 1442, 1445, 1448, 1451, 1454, 1456, 1458, 1460, 1462, 1464, 1466, 1468, 1470, 1473,
    1476, 1478, 1480, 1482, 1484, 1486, 1488, 1491, 1494, 1497, 1500, 1503, 1506, 1508, 1510, 1512,
    1514, 1516, 1518, 1520, 1522, 1524, 1526, 1528, 1530, 1532, 1534, 1537, 1540, 1543, 1546, 1548,
    1550, 1552, 1554, 1556, 1558, 1560, 1562, 1564, 1566, 1568, 1570, 1572, 1574, 1576, 1578, 1580,
    1582, 1584, 1586, 1588, 1590, 1592, 1594, 1596, 1598, 1600, 1602, 1604, 1607, 1611, 1613, 1615,
    1617, 1619, 1621, 1624, 1627, 1630, 1633, 1636, 1639, 1642, 1645, 1648, 1651, 1654, 1657, 1660,
    1663, 1666, 1669, 1672, 1675, 1678, 1681, 1683, 1685, 1687, 1689, 1691, 1693, 1696, 1699, 1702,
    1705, 1708, 1711, 1714, 1717, 1720, 1723, 1725, 1727, 1729, 1731, 1733, 1735, 1737, 1739, 1742,
    1745, 1748, 1751, 1754, 1757, 1760, 1763, 1766, 1769, 1772, 1775, 1778, 1781, 1784, 1787, 1790,
    1793, 1796, 1799, 1801, 1803, 1805, 1807, 1810, 1813, 1816, 1819, 1822, 1825, 1828, 1831, 1834,
    1837, 1839, 1841, 1843, 1845, 1847, 1849, 1851, 1853, 1855, 1857, 1860, 1863, 1866, 1869, 1872,
    1875, 1877, 1879, 1882, 1885, 1888, 1891, 1894, 1897, 1899, 1901, 1904, 1907, 1910, 1913, 1915,
    1917, 1920, 1923, 1926, 1929, 1931, 1933, 1936, 1939, 1942, 1945, 1948, 1951, 1953, 1955, 1958,
    1961, 1964, 1967, 1970, 1973, 1975, 1977, 1980, 1983, 1986, 1989, 1992, 1995, 1997, 1999, 2002,
    2005, 2008, 2011, 2014, 2017, 2019, 2021, 2024, 2027, 2030, 2033, 2035, 2037, 2040, 2043, 2046,
    2049, 2051, 2053, 2056, 2059, 2062, 2065, 2068, 2071, 2073, 2076, 2079, 2082, 2084, 2086, 2089,
    2092, 2095, 2098, 2101, 2104, 2106, 2108, 2111, 2114, 2117, 2120, 2123, 2126, 2128, 2130, 2132,
    2134, 2136, 2138, 2140, 2142, 2144, 2146, 2148, 2150, 2152, 2154, 2157, 2160, 2164, 2168, 2172,
    2176, 2180, 2184, 2187, 2190, 2194, 2198, 2202, 2206, 2210, 2214, 2217, 2220, 2224, 2228, 2232,
    2236, 2240, 2244, 2247, 2250, 2254, 2258, 2262, 2266, 2270, 2274, 2277, 2280, 2284, 2288, 2292,
    2296, 2300, 2304, 2307, 2310, 2314, 2318, 2322, 2326, 2330, 2334, 2336, 2338, 2341, 2343, 2346,
    2348, 2351, 2353, 2355, 2357, 2359, 2362, 2364, 2366, 2369, 2373, 2376, 2379, 2381, 2384, 2386,
    2389, 2391, 2393, 2395, 2397, 2401, 2406, 2411, 2414, 2416, 2418, 2421, 2424, 2426, 2429, 2431,
    2433, 2435, 2439, 2444, 2449, 2452, 2454, 2456, 2459, 2462, 2464, 2466, 2468, 2471, 2473, 2475,
    2477, 2479, 2483, 2488, 2491, 2492, 2495, 2497, 2500, 2502, 2505, 2507, 2509, 2511, 2513, 2516,
    2519, 2522, 2524, 2526, 2528, 2530, 2532, 2534, 2536, 2538, 2540, 2542, 2544, 2546, 2549, 2551,
    2554, 2558, 2560, 2563, 2567, 2570, 2574, 2577, 2580, 2583, 2586, 2589, 2594, 2596, 2598, 2600,
    2602, 2604, 2606, 2608, 2610, 2612, 2614, 2616, 2618, 2620, 2622, 2624, 2626, 2628, 2630, 2632,
    2634, 2636, 2638, 2640, 2642, 2644, 2646, 2648, 2650, 2652, 2654, 2656, 2658, 2660, 2662, 2664,
    2666, 2668, 2670, 2672, 2674, 2676, 2678, 2680, 2682, 2684, 2686, 2689, 2693, 2697, 2699, 2702,
    2706, 2710, 2712, 2715, 2717, 2719, 2721, 2723, 2725, 2727, 2729, 2731, 2733, 2735, 2737, 2740,
    2742, 2744, 2746, 2748, 2750, 2753, 2757, 2760, 2761, 2763, 2764, 2765, 2768, 2770, 2772, 2774,
    2776, 2778, 2780, 2782, 2784, 2786, 2788, 2790, 2792, 2796, 2798, 2800, 2802, 2804, 2806, 2808,
    2810, 2812, 2814, 2816, 2820, 2824, 2829, 2833, 2837, 2841, 2845, 2849, 2853, 2857, 2861, 2865,
    2869, 2873, 2877, 2880, 2882, 2885, 2889, 2892, 2894, 2897, 2901, 2906, 2909, 2911, 2914, 2918,
    2920, 2922, 2924, 2926, 2928, 2931, 2935, 2938, 2940, 2943, 2947, 2952, 2955, 2957, 2960, 2964,
    2966, 2968, 2970, 2972, 2975, 2977, 2979, 2981, 2983, 2985, 2987, 2989, 2991, 2993, 2995, 2998,
    3001, 3005, 3008, 3011, 3013, 3015, 3017, 3019, 3021, 3023, 3025, 3027, 3029, 3031, 3033, 3035,
    3037, 3039, 3041, 3043, 3045, 3047, 3049, 3051, 3053, 3055, 3057, 3059, 3061, 3063, 3065, 3067,
    3069, 3071, 3073, 3075, 3077, 3078, 3080, 3082, 3084, 3086, 3088, 3090, 3092, 3094, 3096, 3098,
    3101, 3104, 3107, 3110, 3113, 3116, 3119, 3122, 3125, 3128, 3131, 3135, 3139, 3143, 3147, 3151,
    3155, 3159, 3163, 3167, 3172, 3177, 3182, 3187, 3192, 3197, 3202, 3207, 3212, 3217, 3222, 3225,
    3228, 3231, 3234, 3237, 3240, 3243, 3246, 3249, 3253, 3257, 3261, 3265, 3269, 3273, 3277, 3281,
    3285, 3289, 3293, 3297, 3301, 3305, 3309, 3313, 3317, 3321, 3325, 3329, 3333, 3337, 3341, 3345,
    3349, 3353, 3357, 3361, 3365, 3369, 3373, 3377, 3381, 3385, 3389, 3393, 3397, 3399, 3401, 3403,
    3405, 3407, 3409, 3411, 3413, 3415, 3417, 3419, 3421, 3423, 3425, 3427, 3429, 3431, 3433, 3435,
    3437, 3439, 3441, 3443, 3445, 3447, 3449, 3451, 3453, 3455, 3457, 3459, 3461, 3463, 3465, 3467,
    3469, 3471, 3473, 3475, 3477, 3479, 3481, 3483, 3485, 3487, 3489, 3491, 3493, 3495, 3497, 3499,
    3501, 3503, 3508, 3512, 3515, 3518, 3521, 3523, 3525, 3527, 3529, 3531, 3533, 3535, 3537, 3539,
    3541, 3543, 3545, 3547, 3549, 3551, 3553, 3555, 3557, 3559, 3561, 3563, 3565, 3567, 3569, 3571,
    3573, 3575, 3577, 3579, 3581, 3583, 3585, 3587, 3589, 3591, 3593, 3595, 3597, 3599, 3601, 3603,
    3605, 3607, 3609, 3611, 3613, 3615, 3617, 3619, 3621, 3623, 3625, 3627, 3629, 3631, 3633, 3635,
    3637, 3639, 3641, 3643, 3645, 3647, 3649, 3651, 3653, 3655, 3657, 3659, 3661, 3663, 3665, 3667,
    3669, 3671, 3673, 3675, 3677, 3679, 3681, 3683, 3685, 3687, 3689, 3691, 3693, 3695, 3697, 3699,
    3701, 3703, 3705, 3707, 3709, 3711, 3713, 3715, 3717, 3719, 3721, 3723, 3725, 3727, 3729, 3731,
    3733, 3735, 3737, 3739, 3741, 3743, 3745, 3747, 3749, 3751, 3753, 3755, 3757, 3759, 3761, 3763,
    3765, 3767, 3769, 3771, 3773, 3775, 3777, 3779, 3781, 3783, 3785, 3787, 3789, 3791, 3793, 3795,
    3797, 3799, 3801, 3803, 3805, 3807, 3809, 3811, 3813, 3815, 3817, 3819, 3821, 3823, 3825, 3827,
    3829, 3831, 3833, 3835, 3837, 3839, 3841, 3843, 3845, 3847, 3849, 3851, 3853, 3855, 3857, 3859,
    3861, 3863, 3865, 3867, 3869, 3871, 3873, 3875, 3877, 3879, 3881, 3883, 3885, 3887, 3889, 3891,
    3893, 3895, 3897, 3899, 3901, 3903, 3905, 3907, 3909, 3911, 3913, 3915, 3917, 3919, 3921, 3923,
    3925, 3927, 3929, 3931, 3933, 3935, 3937, 3939, 3941, 3943, 3945, 3947, 3949, 3951, 3953, 3955,
    3957, 3959, 3961, 3963, 3965, 3967, 3968, 3970, 3972, 3974, 3976, 3978, 3980, 3982, 3984, 3986,
    3988, 3990, 3992, 3994, 3996, 3998, 4000, 4002, 4004, 4006, 4008, 4010, 4012, 4014, 4016, 4018,
    4021, 4024, 4026, 4029, 4031, 4033, 4035, 4037, 4039, 4041, 4043, 4045, 4047, 4049, 4051, 4053,
    4055, 4057, 4059, 4061, 4063, 4065, 4067, 4069, 4071, 4073, 4075, 4077, 4079, 4081, 4083, 4085,
    4087, 4089, 4091, 4094, 4097, 4099, 4101, 4103, 4105, 4107, 4109, 4111, 4113, 4115, 4117, 4119,
    4121, 4123, 4125, 4127, 4129, 4131, 4133, 4135, 4137, 4139, 4141, 4143, 4145, 4147, 4149, 4151,
    4153, 4155, 4157, 4159, 4161, 4163, 4165, 4167, 4169, 4171, 4173, 4175, 4177, 4179, 4181, 4183,
    4185, 4187, 4189, 4191, 4193, 4195, 4197, 4199, 4201, 4203, 4205, 4207, 4209, 4211, 4213, 4215,
    4217, 4219, 4221, 4223, 4225, 4227, 4229, 4231, 4233, 4235, 4237, 4239, 4241, 4243, 4245, 4247,
    4249, 4251, 4253, 4255, 4257, 4259, 4261, 4263, 4265, 4267, 4269, 4271, 4273, 4275, 4277, 4279,
    4281, 4283, 4285, 4287, 4289, 4291, 4293, 4295, 4297, 4299, 4301, 4303, 4305, 4307, 4309, 4311,
    4313, 4317, 4321, 4325, 4329, 4333, 4337, 4341, 4345, 4349, 4353, 4357, 4361, 4365, 4369, 4374,
    4379, 4384, 4389, 4394, 4399, 4404, 4409, 4414, 4419, 4424, 4429, 4434, 4439, 4444, 4452, 4459,
    4463, 4467, 4471, 4475, 4479, 4483, 4487, 4491, 4495, 4499, 4503, 4507, 4511, 4515, 4519, 4523,
    4527, 4531, 4535, 4539, 4543, 4547, 4551, 4555, 4559, 4563, 4567, 4571, 4575, 4579, 4583, 4587,
    4591, 4595, 4599, 4603, 4605, 4607, 4609, 4611, 4615, 4618, 4621, 4624, 4627, 4630, 4633, 4636,
    4639, 4642, 4645, 4648, 4651, 4654, 4657, 4660, 4662, 4664, 4666, 4668, 4670, 4672, 4674, 4676,
    4678, 4680, 4682, 4684, 4686, 4688, 4691, 4694, 4697, 4700, 4703, 4706, 4709, 4712, 4715, 4718,
    4721, 4724, 4727, 4730, 4736, 4741, 4744, 4746, 4748, 4750, 4752, 4754, 4756, 4758, 4760, 4762,
    4764, 4766, 4768, 4770, 4772, 4774, 4776, 4778, 4780, 4782, 4784, 4786, 4788, 4790, 4792, 4794,
    4796, 4798, 4800, 4802, 4804, 4806, 4808, 4810, 4812, 4814, 4816, 4818, 4820, 4822, 4824, 4826,
    4828, 4830, 4832, 4834, 4836, 4838, 4840, 4842, 4845, 4848, 4851, 4854, 4857, 4860, 4863, 4866,
    4869, 4872, 4875, 4878, 4881, 4884, 4887, 4890, 4893, 4896, 4899, 4902, 4905, 4908, 4911, 4914,
    4918, 4922, 4926, 4929, 4933, 4936, 4940, 4942, 4944, 4946, 4948, 4950, 4952, 4954, 4956, 4958,
    4960, 4962, 4964, 4966, 4968, 4970, 4972, 4974, 4976, 4978, 4980, 4982, 4984, 4986, 4988, 4990,
    4992, 4994, 4996, 4998, 5000, 5002, 5004, 5006, 5008, 5010, 5012, 5014, 5016, 5018, 5020, 5022,
    5024, 5026, 5028, 5030, 5032, 5034, 5037, 5043, 5048, 5054, 5058, 5064, 5068, 5072, 5079, 5084,
    5088, 5092, 5096, 5101, 5106, 5111, 5116, 5121, 5126, 5131, 5138, 5141, 5148, 5155, 5161, 5166,
    5173, 5180, 5185, 5189, 5193, 5198, 5203, 5209, 5215, 5219, 5223, 5228, 5232, 5236, 5239, 5242,
    5246, 5250, 5257, 5262, 5268, 5275, 5280, 5284, 5288, 5295, 5300, 5307, 5311, 5317, 5321, 5326,
    5330, 5335, 5341, 5346, 5352, 5357, 5360, 5366, 5370, 5374, 5379, 5383, 5387, 5391, 5397, 5402,
    5405, 5412, 5416, 5422, 5427, 5432, 5436, 5440, 5445, 5448, 5453, 5459, 5462, 5469, 5473, 5476,
    5479, 5482, 5485, 5488, 5491, 5494, 5497, 5500, 5503, 5507, 5511, 5515, 5519, 5523, 5527, 5531,
    5535, 5539, 5543, 5547, 5551, 5555, 5559, 5563, 5567, 5570, 5573, 5577, 5580, 5583, 5586, 5590,
    5594, 5597, 5600, 5603, 5606, 5609, 5614, 5617, 5620, 5623, 5626, 5629, 5632, 5635, 5638, 5642,
    5647, 5650, 5653, 5656, 5659, 5662, 5665, 5668, 5672, 5676, 5680, 5684, 5687, 5690, 5693, 5696,
    5699, 5702, 5705, 5708, 5711, 5714, 5718, 5722, 5725, 5729, 5733, 5737, 5740, 5744, 5748, 5753,
    5756, 5760, 5764, 5768, 5772, 5778, 5785, 5788, 5791, 5794, 5797, 5800, 5803, 5806, 5809, 5812,
    5815, 5818, 5821, 5824, 5827, 5830, 5833, 5836, 5839, 5844, 5847, 5850, 5853, 5858, 5862, 5865,
    5868, 5871, 5874, 5877, 5880, 5883, 5886, 5889, 5892, 5896, 5899, 5902, 5906, 5910, 5913, 5918,
    5922, 5925, 5928, 5931, 5934, 5938, 5942, 5945, 5948, 5951, 5954, 5957, 5960, 5963, 5966, 5969,
    5973, 5977, 5981, 5985, 5989, 5993, 5997, 6001, 6005, 6009, 6013, 6017, 6021, 6025, 6029, 6033,
    6037, 6041, 6045, 6049, 6053, 6057, 6061, 6063, 6065, 6067, 6069, 6071, 6073, 6075, 6077, 6079,
    6081, 6083, 6085, 6087, 6088, 6089, 6090, 6091, 6092, 6093, 6094, 6095, 6096, 6097, 6098, 6099,
    6100, 6101, 6102, 6103, 6104, 6105, 6106, 6107, 6108, 6109, 6110, 6111, 6112, 6113, 6114, 6115,
    6116, 6117, 6118, 6119, 6120, 6121, 6122, 6123, 6124, 6125, 6126, 6127, 6128, 6129, 6130, 6131,
    6132, 6133, 6134, 6135, 6136, 6137, 6138, 6139, 6140, 6141, 6142, 6143, 6144, 6145, 6146, 6147,
    6148, 6149, 6150, 6151, 6152, 6153, 6154, 6155, 6156, 6157, 6158, 6159, 6160, 6161, 6162, 6163,
    6164, 6165, 6166, 6167, 6168, 6169, 6170, 6171, 6172, 6173, 6174, 6175, 6176, 6177, 6178, 6179,
    6180, 6181, 6182, 6183, 6184, 6185, 6186, 6187, 6188, 6189, 6190, 6191, 6192, 6193, 6194, 6195,
    6196, 6197, 6198, 6199, 6200, 6201, 6202, 6203, 6204, 6205, 6206, 6207, 6208, 6209, 6210, 6211,
    6212, 6213, 6214, 6215, 6216, 6217, 6218, 6219, 6220, 6221, 6222, 6223, 6224, 6225, 6226, 6227,
    6228, 6229, 6230, 6231, 6232, 6233, 6234, 6235, 6236, 6237, 6238, 6239, 6240, 6241, 6242, 6243,
    6244, 6245, 6246, 6247, 6248, 6249, 6250, 6251, 6252, 6253, 6254, 6255, 6256, 6257, 6258, 6259,
    6260, 6261, 6262, 6263, 6264, 6265, 6266, 6267, 6268, 6269, 6270, 6271, 6272, 6273, 6274, 6275,
    6276, 6277, 6278, 6279, 6280, 6281, 6282, 6283, 6284, 6285, 6286, 6287, 6288, 6289, 6290, 6291,
    6292, 6293, 6294, 6295, 6296, 6297, 6298, 6299, 6300, 6301, 6302, 6303, 6304, 6305, 6306, 6307,
    6308, 6309, 6310, 6311, 6312, 6313, 6314, 6315, 6316, 6317, 6318, 6319, 6320, 6321, 6322, 6323,
    6324, 6325, 6326, 6327, 6328, 6329, 6330, 6331, 6332, 6333, 6334, 6335, 6336, 6337, 6338, 6339,
    6340, 6341, 6342, 6343, 6344, 6345, 6346, 6347, 6348, 6349, 6350, 6351, 6352, 6353, 6354, 6355,
    6356, 6357, 6358, 6359, 6360, 6361, 6362, 6363, 6364, 6365, 6366, 6367, 6368, 6369, 6370, 6371,
    6372, 6373, 6374, 6375, 6376, 6377, 6378, 6379, 6380, 6381, 6382, 6383, 6384, 6385, 6386, 6387,
    6388, 6389, 6390, 6391, 6392, 6393, 6394, 6395, 6396, 6397, 6398, 6399, 6400, 6401, 6402, 6403,
    6404, 6405, 6406, 6407, 6408, 6409, 6410, 6411, 6412, 6413, 6414, 6415, 6416, 6417, 6418, 6419,
    6420, 6421, 6422, 6423, 6424, 6425, 6426, 6427, 6428, 6429, 6430, 6431, 6432, 6433, 6434, 6435,
    6436, 6437, 6438, 6439, 6440, 6441, 6442, 6443, 6444, 6445, 6446, 6447, 6448, 6449, 6450, 6451,
    6452, 6453, 6454, 6455, 6456, 6457, 6458, 6459, 6460, 6461, 6462, 6463, 6464, 6465, 6466, 6467,
    6468, 6469, 6470, 6471, 6472, 6473, 6474, 6475, 6476, 6477, 6478, 6479, 6480, 6481, 6482, 6483,
    6484, 6485, 6486, 6487, 6488, 6489, 6490, 6491, 6492, 6493, 6494, 6495, 6496, 6497, 6498, 6499,
    6500, 6501, 6502, 6503, 6504, 6505, 6506, 6507, 6508, 6509, 6510, 6511, 6512, 6513, 6514, 6515,
    6516, 6517, 6518, 6519, 6520, 6521, 6522, 6523, 6524, 6525, 6526, 6527, 6528, 6529, 6530, 6531,
    6532, 6533, 6534, 6535, 6536, 6537, 6538, 6539, 6540, 6541, 6542, 6543, 6544, 6545, 6546, 6547,
    6549, 6552, 6555, 6558, 6562, 6566, 6569, 6572, 6575, 6578, 6581, 6584, 6586, 6588, 6591, 6593,
    6595, 6597, 6599, 6601, 6603, 6605, 6607, 6609, 6610, 6612, 6614, 6617, 6620, 6622, 6624, 6626,
    6628, 6630, 6632, 6634, 6636, 6638, 6640, 6642, 6644, 6646, 6648, 6650, 6652, 6654, 6656, 6658,
    6660, 6662, 6664, 6666, 6668, 6670, 6672, 6674, 6677, 6680, 6682, 6684, 6686, 6688, 6690, 6692,
    6694, 6696, 6698, 6700, 6702, 6704, 6706, 6708, 6710, 6712, 6714, 6716, 6718, 6720, 6722, 6724,
    6726, 6728, 6730, 6732, 6734, 6736, 6738, 6740, 6742, 6744, 6746, 6748, 6750, 6752, 6754, 6756,
    6758, 6760, 6762, 6764, 6766, 6768, 6770, 6772, 6774, 6776, 6778, 6780, 6782, 6784, 6786, 6788,
    6790, 6792, 6794, 6796, 6798, 6800, 6802, 6804, 6806, 6808, 6810, 6812, 6814, 6816, 6818, 6820,
    6822, 6824, 6826, 6828, 6830, 6832, 6834, 6836, 6838, 6840, 6842, 6844, 6846, 6848, 6851, 6854,
    6856, 6858, 6860, 6862, 6864, 6866, 6868, 6870, 6872, 6874, 6877, 6880, 6882, 6884, 6886, 6888,
    6890, 6892, 6894, 6896, 6898, 6900, 6903, 6905, 6907, 6909, 6911, 6913, 6915, 6917, 6919, 6921,
    6923, 6925, 6927, 6931, 6935, 6939, 6943, 6947, 6951, 6955, 6959, 6963, 6967, 6971, 6975, 6979,
    6983, 6987, 6991, 6995, 6999, 7001, 7003, 7005, 7007, 7011, 7015, 7019, 7023, 7027, 7030, 7033,
    7036, 7039, 7042, 7045, 7048, 7051, 7054, 7057, 7060, 7063, 7066, 7069, 7072, 7075, 7078, 7081,
    7084, 7087, 7090, 7093, 7096, 7099, 7102, 7105, 7108, 7111, 7114, 7117, 7120, 7123, 7126, 7129,
    7132, 7135, 7138, 7141, 7144, 7147, 7150, 7153, 7156, 7159, 7162, 7165, 7168, 7171, 7174, 7177,
    7180, 7183, 7186, 7189, 7192, 7195, 7198, 7201, 7204, 7207, 7210, 7213, 7216, 7219, 7222, 7225,
    7228, 7231, 7234, 7237, 7240, 7243, 7246, 7249, 7252, 7255, 7258, 7261, 7264, 7267, 7270, 7273,
    7276, 7279, 7282, 7285, 7288, 7291, 7294, 7298, 7302, 7306, 7310, 7314, 7318, 7322, 7326, 7330,
    7334, 7338, 7342, 7345, 7348, 7351, 7354, 7357, 7360, 7363, 7366, 7369, 7372, 7375, 7378, 7381,
    7384, 7387, 7390, 7393, 7396, 7399, 7402, 7405, 7408, 7411, 7414, 7417, 7420, 7423, 7426, 7429,
    7432, 7435, 7438, 7441, 7444, 7447, 7450, 7453, 7456, 7459, 7462, 7465, 7468, 7471, 7474, 7477,
    7481, 7485, 7489, 7493, 7497, 7500, 7503, 7506, 7509, 7512, 7515, 7518, 7521, 7524, 7527, 7530,
    7533, 7536, 7539, 7542, 7545, 7548, 7551, 7554, 7557, 7560, 7563, 7566, 7569, 7572, 7575, 7578,
    7581, 7584, 7587, 7590, 7593, 7596, 7599, 7602, 7605, 7608, 7611, 7614, 7617, 7620, 7623, 7626,
    7629, 7632, 7635, 7638, 7641, 7644, 7647, 7650, 7653, 7656, 7659, 7662, 7665, 7668, 7671, 7674,
    7677, 7680, 7683, 7686, 7689, 7692, 7695, 7698, 7702, 7706, 7709, 7712, 7715, 7718, 7721, 7724,
    7727, 7730, 7733, 7736, 7739, 7742, 7745, 7748, 7751, 7754, 7757, 7761, 7765, 7769, 7772, 7775,
    7778, 7781, 7784, 7787, 7790, 7793, 7796, 7799, 7802, 7805, 7808, 7811, 7814, 7817, 7820, 7823,
    7826, 7829, 7832, 7835, 7838, 7841, 7844, 7847, 7850, 7853, 7856, 7859, 7862, 7865, 7868, 7871,
    7874, 7877, 7880, 7883, 7886, 7889, 7892, 7895, 7898, 7901, 7904, 7907, 7910, 7913, 7916, 7919,
    7922, 7925, 7928, 7931, 7934, 7937, 7940, 7943, 7946, 7949, 7952, 7955, 7958, 7961, 7964, 7967,
    7970, 7973, 7976, 7979, 7982, 7985, 7988, 7992, 7996, 8000, 8004, 8008, 8012, 8016, 8020, 8024,
    8028, 8032, 8036, 8040, 8044, 8048, 8052, 8056, 8060, 8064, 8068, 8072, 8076, 8080, 8084, 8088,
    8092, 8096, 8100, 8104, 8108, 8112, 8116, 8120, 8124, 8128, 8132, 8136, 8140, 8144, 8148, 8152,
    8156, 8160, 8164, 8168, 8172, 8176, 8180, 8184, 8188, 8192, 8196, 8200, 8204, 8208, 8212, 8216,
    8220, 8224, 8228, 8232, 8236, 8240, 8244, 8248, 8252, 8256, 8260, 8264, 8268, 8272, 8276, 8280,
    8284, 8288, 8292, 8296, 8300, 8304, 8308, 8312, 8316, 8320, 8324, 8328, 8332, 8336, 8340, 8344,
    8348, 8352, 8356, 8360, 8364, 8368, 8372, 8376, 8380, 8384, 8388, 8392, 8396, 8400, 8404, 8408,
    8412, 8416, 8420, 8424, 8428, 8432, 8436, 8440, 8444, 8448, 8452, 8456, 8460, 8464, 8468, 8473,
    8478, 8483, 8488, 8493, 8498, 8503, 8507, 8526, 8535, 8540, 8542, 8544, 8546, 8548, 8550, 8552,
    8554, 8556, 8558, 8562, 8565, 8567, 8569, 8571, 8573, 8575, 8577, 8579, 8581, 8583, 8585, 8587,
    8589, 8591, 8593, 8595, 8597, 8599, 8601, 8603, 8605, 8607, 8609, 8612, 8615, 8618, 8621, 8623,
    8625, 8627, 8629, 8631, 8633, 8635, 8637, 8639, 8641, 8643, 8645, 8647, 8649, 8651, 8653, 8655,
    8657, 8659, 8661, 8663, 8665, 8667, 8669, 8671, 8673, 8675, 8677, 8679, 8682, 8685, 8688, 8691,
    8694, 8697, 8700, 8703, 8706, 8709, 8712, 8715, 8718, 8721, 8723, 8726, 8729, 8732, 8735, 8738,
    8741, 8744, 8747, 8750, 8753, 8756, 8759, 8761, 8763, 8765, 8767, 8769, 8771, 8773, 8775, 8777,
    8779, 8781, 8783, 8785, 8787, 8789, 8791, 8793, 8795, 8797, 8799, 8801, 8803, 8805, 8807, 8809,
    8811, 8813, 8815, 8817, 8819, 8821, 8823, 8825, 8827, 8829, 8831, 8833, 8835, 8837, 8839, 8841,
    8843, 8845, 8847, 8849, 8851, 8853, 8855, 8857, 8859, 8861, 8863, 8865, 8867, 8869, 8871, 8873,
    8875, 8877, 8879, 8881, 8883, 8885, 8887, 8889, 8891, 8893, 8895, 8897, 8899, 8901, 8903, 8905,
    8907, 8909, 8911, 8913, 8915, 8917, 8919, 8921, 8923, 8925, 8927, 8929, 8931, 8933, 8935, 8937,
    8939, 8941, 8943, 8945, 8947, 8949, 8951, 8953, 8955, 8957, 8959, 8961, 8963, 8965, 8967, 8971,
    8975, 8979, 8983, 8987, 8991, 8994, 8997, 8999, 9001, 9003, 9005, 9007, 9009, 9011, 9013, 9015,
    9017, 9019, 9021, 9023, 9025, 9027, 9029, 9031, 9033, 9035, 9037, 9039, 9041, 9043, 9045, 9047,
    9049, 9051, 9053, 9055, 9057, 9059, 9061, 9063, 9065, 9067, 9069, 9071, 9073, 9075, 9077, 9079,
    9081, 9083, 9085, 9087, 9089, 9091, 9093, 9095, 9097, 9099, 9101, 9103, 9105, 9107, 9109, 9111,
    9113, 9115, 9117, 9119, 9121, 9123, 9125, 9127, 9129, 9131, 9133, 9135, 9137, 9139, 9141, 9143,
    9145, 9147, 9149, 9151, 9153, 9155, 9157, 9159, 9161, 9163, 9165, 9167, 9169, 9171, 9173, 9175,
    9177, 9179, 9181, 9183, 9185, 9187, 9189, 9191, 9193, 9195, 9197, 9199, 9201, 9203, 9205, 9207,
    9209, 9211, 9213, 9215, 9217, 9219, 9221, 9223, 9225, 9227, 9229, 9231, 9233, 9235, 9237, 9239,
    9241, 9243, 9245, 9247, 9249, 9251, 9253, 9255, 9257, 9259, 9261, 9263, 9265, 9267, 9269, 9271,
    9273, 9275, 9277, 9279, 9281, 9283, 9285, 9287, 9289, 9291, 9293, 9295, 9297, 9299, 9301, 9303,
    9305, 9307, 9309, 9311, 9313, 9315, 9317, 9319, 9321, 9323, 9325, 9327, 9329, 9331, 9333, 9335,
    9337, 9339, 9341, 9343, 9345, 9347, 9349, 9351, 9353, 9355, 9357, 9359, 9361, 9363, 9365, 9367,
    9369, 9371, 9373, 9375, 9377, 9379, 9381, 9383, 9385, 9387, 9389, 9391, 9393, 9395, 9397, 9399,
    9401, 9403, 9405, 9407, 9409, 9411, 9413, 9415, 9417, 9419, 9421, 9423, 9425, 9428, 9430, 9432,
    9434, 9436, 9438, 9440, 9442, 9444, 9446, 9447, 9449, 9452, 9454, 9456, 9458, 9460, 9462, 9464,
    9466, 9468, 9470, 9472, 9474, 9476, 9478, 9480, 9482, 9484, 9486, 9488, 9490, 9492, 9494, 9496,
    9498, 9500, 9502, 9504, 9506, 9508, 9510, 9512, 9514, 9516, 9518, 9520, 9522, 9524, 9526, 9528,
    9530, 9532, 9534, 9536, 9538, 9540, 9542, 9544, 9546, 9548, 9550, 9552, 9554, 9556, 9558, 9560,
    9562, 9564, 9566, 9568, 9570, 9572, 9573, 9575, 9577, 9579, 9581, 9583, 9585, 9587, 9589, 9591,
    9593, 9595, 9597, 9599, 9601, 9603, 9605, 9607, 9609, 9611, 9613, 9615, 9617, 9619, 9621, 9623,
    9626, 9629, 9632, 9634, 9636, 9640, 9643, 9646, 9649, 9652, 9654, 9656, 9658, 9660, 9662, 9664,
    9666, 9668, 9670, 9672, 9674, 9676, 9678, 9680, 9682, 9684, 9686, 9688, 9690, 9692, 9694, 9696,
    9698, 9700, 9702, 9704, 9706, 9708, 9710, 9712, 9714, 9716, 9718, 9720, 9722, 9723, 9725, 9727,
    9730, 9733, 9736, 9739, 9742, 9744, 9746, 9749, 9752, 9755, 9759, 9761, 9763, 9765, 9767, 9769,
    9771, 9773, 9775, 9777, 9779, 9781, 9783, 9785, 9787, 9789, 9791, 9793, 9795, 9797, 9799, 9801,
    9803, 9805, 9807, 9809, 9811, 9813, 9815, 9817, 9819, 9821, 9823, 9825, 9827, 9829, 9831, 9833,
    9835, 9837, 9839, 9841, 9843, 9845, 9847, 9849, 9851, 9853, 9855, 9857, 9859, 9861, 9863, 9865,
    9867, 9869, 9871, 9873, 9875, 9877, 9879, 9881, 9883, 9885, 9887, 9889, 9891, 9893, 9895, 9897,
    9899, 9901, 9903, 9905, 9907, 9909, 9911, 9913, 9915, 9917, 9919, 9921, 9923, 9925, 9927, 9929,
    9931, 9933, 9935, 9937, 9939, 9941, 9943, 9945, 9947, 9949, 9951, 9953, 9955, 9957, 9959, 9961,
    9963, 9965, 9967, 9969, 9971, 9973, 9975, 9977, 9979, 9981, 9983, 9985, 9987, 9989, 9991, 9993,
    9995, 9997, 9999, 10001, 10003, 10005, 10007, 10009, 10011, 10013, 10015, 10017, 10019, 10021, 10023, 10025,
    10027, 10029, 10031, 10033, 10035, 10037, 10039, 10041, 10043, 10045, 10047, 10049, 10051, 10053, 10055, 10057,
    10059, 10061, 10063, 10065, 10067, 10069, 10071, 10073, 10075, 10077, 10079, 10081, 10083, 10085, 10087, 10089,
    10091, 10093, 10095, 10097, 10099, 10101, 10103, 10105, 10107, 10109, 10111, 10113, 10115, 10117, 10119, 10121,
    10123, 10125, 10127, 10129, 10131, 10133, 10135, 10137, 10139, 10141, 10143, 10145, 10147, 10149, 10151, 10153,
    10155, 10157, 10159, 10161, 10163, 10165, 10167, 10169, 10171, 10173, 10175, 10177, 10179, 10181, 10183, 10185,
    10187, 10189, 10191, 10193, 10195, 10197, 10199, 10201, 10203, 10205, 10207, 10209, 10211, 10213, 10215, 10217,
    10219, 10221, 10223, 10225, 10227, 10229, 10231, 10233, 10235, 10237, 10239, 10241, 10243, 10245, 10247, 10249,
    10251, 10253, 10255, 10257, 10259, 10261, 10263, 10265, 10267, 10269, 10271, 10273, 10275, 10277, 10279, 10281,
    10283, 10285, 10287, 10289, 10291, 10293, 10295, 10297, 10299, 10301, 10303, 10305, 10307, 10309, 10311, 10313,
    10315, 10317, 10319, 10321, 10323, 10325, 10327, 10329, 10331, 10333, 10335, 10337, 10339, 10341, 10343, 10345,
    10347, 10349, 10351, 10353, 10355, 10357, 10359, 10361, 10363, 10365, 10367, 10369, 10371, 10373, 10375, 10377,
    10379, 10381, 10383, 10385, 10387, 10389, 10391, 10393, 10395, 10397, 10399, 10401, 10403, 10405, 10407, 10409,
    10411, 10413, 10415, 10417, 10419, 10421, 10423, 10425, 10427, 10429, 10431, 10433, 10435, 10437, 10439, 10441,
    10443, 10445, 10447, 10449, 10451, 10453, 10455, 10457, 10459, 10461, 10463, 10465, 10467, 10469, 10471, 10473,
    10475, 10477, 10479, 10481, 10483, 10485, 10487, 10489, 10491, 10493, 10495, 10497, 10499, 10501, 10503, 10505,
    10507, 10509, 10511, 10513, 10515, 10517, 10519, 10521, 10523, 10525, 10527, 10529, 10531, 10533, 10535, 10537,
    10539, 10541, 10543, 10545, 10547, 10549, 10551, 10553, 10555, 10557, 10559, 10561, 10563, 10565, 10567, 10569,
    10571, 10573, 10575, 10577, 10579, 10581, 10583, 10585, 10587, 10589, 10591, 10593, 10595, 10597, 10599, 10601,
    10603, 10605, 10607, 10609, 10611, 10613, 10615, 10617, 10619, 10621, 10623, 10625, 10627, 10629, 10631, 10633,
    10635, 10637, 10639, 10641, 10643, 10645, 10647, 10649, 10651, 10653, 10655, 10657, 10659, 10661, 10663, 10665,
    10667, 10669, 10671, 10673, 10675, 10677, 10679, 10681, 10683, 10685, 10687, 10689, 10691, 10693, 10695, 10697,
    10699, 10701, 10703, 10705, 10707, 10709, 10711, 10713, 10715, 10717, 10719, 10721, 10723, 10725, 10727, 10729,
    10731, 10733, 10735, 10737, 10739, 10741, 10743, 10745, 10747, 10749, 10751, 10753, 10755, 10757, 10759, 10761,
    10763, 10765, 10767, 10769, 10771, 10773, 10775, 10777, 10779, 10781, 10783, 10785, 10787, 10789, 10791, 10793,
    10795, 10797, 10799, 10801, 10803, 10805, 10807, 10809, 10811, 10813, 10815, 10817, 10819, 10821, 10823, 10825,
    10827, 10829, 10831, 10833, 10835, 10837, 10839, 10841, 10843, 10845, 10847, 10849, 10851, 10853, 10855, 10857,
    10859, 10861, 10863, 10865, 10867, 10869, 10871, 10873, 10875, 10877, 10879, 10881, 10883, 10885, 10887, 10889,
    10891, 10893, 10895, 10897, 10899, 10901, 10903, 10905, 10907, 10909, 10911, 10913, 10915, 10917, 10919, 10921,
    10923, 10925, 10927, 10929, 10931, 10933, 10935, 10937, 10939, 10941, 10943, 10945, 10947, 10949, 10951, 10953,
    10955, 10957, 10959, 10961, 10963, 10965, 10967, 10969, 10971, 10973, 10975, 10977, 10979, 10981, 10983, 10985,
    10987, 10989, 10991, 10993, 10995, 10997, 10999, 11001, 11003, 11005, 11007, 11009, 11011, 11013, 11015, 11017,
    11019, 11021, 11023, 11025, 11027, 11029, 11031, 11033, 11035, 11037, 11039, 11041, 11043, 11045, 11047, 11049,
    11051, 11053, 11055, 11057, 11059, 11061, 11063, 11065, 11067, 11069, 11071, 11073, 11075, 11077, 11079, 11081,
    11083, 11085, 11087, 11089, 11091, 11093, 11095, 11097, 11099, 11101, 11103, 11105, 11107, 11109, 11111, 11113,
    11115, 11117, 11119, 11121, 11123, 11125, 11127, 11129, 11131, 11133, 11135, 11137, 11139, 11141, 11143, 11145,
    11147, 11149, 11151, 11153, 11155, 11157, 11159, 11161, 11163, 11165, 11167, 11169, 11171, 11173, 11175, 11177,
    11179, 11181, 11183, 11185, 11187, 11189, 11191, 11193, 11195, 11197, 11199, 11201, 11203, 11205, 11207, 11209,
    11211, 11213, 11215, 11217, 11219, 11221, 11223, 11225, 11227, 11229, 11231, 11233, 11235, 11237, 11239, 11241,
    11243, 11245, 11247, 11249, 11251, 11253, 11255, 11257, 11259, 11261, 11263, 11265, 11267, 11269, 11271, 11273,
    11275, 11277, 11279, 11281, 11283, 11285, 11287, 11289, 11291, 11293, 11295, 11297, 11299, 11301, 11303, 11305,
    11307, 11309, 11311, 11313, 11315, 11317, 11319, 11321, 11323, 11325, 11327, 11329, 11331, 11333, 11335, 11337,
    11339, 11341, 11343, 11345, 11347, 11349, 11351, 11353, 11355, 11357, 11359, 11361, 11363, 11365, 11367, 11369,
    11371, 11373, 11375, 11377, 11379, 11381, 11383, 11385, 11387, 11389, 11391, 11393, 11395, 11397, 11399, 11401,
    11403, 11405, 11407, 11409, 11411, 11413, 11415, 11417, 11419, 11421, 11423, 11425, 11427, 11429, 11431, 11433,
    11435, 11437, 11439, 11441, 11443, 11445, 11447, 11449, 11451, 11453, 11455, 11457, 11459, 11461, 11463, 11465,
    11467, 11469, 11471, 11473, 11475, 11477, 11479, 11481, 11483, 11485, 11487, 11489, 11491, 11493, 11495, 11497,
    11499, 11501, 11503, 11505, 11507, 11509, 11511, 11513, 11515, 11517, 11519, 11521, 11523, 11525, 11527, 11529,
    11531, 11533, 11535, 11537, 11539, 11541, 11543, 11545, 11547, 11549, 11551, 11553, 11555, 11557, 11559, 11561,
    11563, 11565, 11567, 11569, 11571, 11573, 11575, 11577, 11579, 11581, 11583, 11585, 11587, 11589, 11591, 11593,
    11595, 11597, 11599, 11601, 11603, 11605, 11607, 11609, 11611, 11613, 11615, 11617, 11619, 11621, 11623, 11625,
    11627, 11629, 11631, 11633, 11635, 11637, 11639, 11641, 11643, 11645, 11647, 11649, 11651, 11653, 11655, 11657,
    11659, 11661, 11663, 11665, 11667, 11669, 11671, 11673, 11675, 11677, 11679, 11681, 11683, 11685, 11687, 11689,
    11691, 11693, 11695, 11697, 11699, 11701, 11703, 11705, 11707, 11709, 11711, 11713, 11715, 11717, 11719, 11721,
    11723, 11725, 11727, 11729, 11731, 11733, 11735, 11737, 11739, 11741, 11743, 11745, 11747, 11749, 11751, 11753,
    11755, 11757, 11759, 11761, 11763, 11765, 11767, 11769, 11771, 11773, 11775, 11777, 11779, 11781, 11783, 11785,
    11787, 11789, 11791, 11793, 11795, 11797, 11799, 11801, 11803, 11805, 11807, 11809, 11811, 11813, 11815, 11817,
    11819, 11821, 11823, 11825, 11827, 11829, 11831, 11833, 11835, 11837, 11839, 11841, 11843, 11845, 11847, 11849,
    11851, 11853, 11855, 11857, 11859, 11861, 11863, 11865, 11867, 11869, 11871, 11873, 11875, 11877, 11879, 11881,
    11883, 11885, 11887, 11889, 11891, 11893, 11895, 11897, 11899, 11901, 11903, 11905, 11907, 11909, 11911, 11913,
    11915, 11917, 11919, 11921, 11923, 11925, 11927, 11929, 11931, 11933, 11935, 11937, 11939, 11941, 11943, 11945,
    11947, 11949, 11951, 11953, 11955, 11957, 11959, 11961, 11963, 11965, 11967, 11969, 11971, 11973, 11975, 11977,
    11979, 11981, 11983, 11985, 11987, 11989, 11991, 11993, 11995, 11997, 11999, 12001, 12003, 12005, 12007, 12009,
    12011, 12013, 12015, 12017, 12019, 12021, 12023, 12025, 12027, 12029, 12031, 12033, 12035, 12037, 12039, 12041,
    12043, 12045, 12047, 12049, 12051, 12053, 12055, 12057, 12059, 12061, 12063, 12065, 12067, 12069, 12071, 12073,
    12075, 12077, 12079, 12081, 12083, 12085, 12087, 12089, 12091, 12093, 12095, 12097, 12099, 12101, 12103, 12105,
    12107, 12109, 12111, 12113, 12115, 12117, 12119, 12121, 12123, 12125, 12127, 12129, 12131, 12133, 12135, 12137,
    12139, 12141, 12143, 12145, 12147, 12149, 12151, 12153, 12155, 12157, 12159, 12161, 12163, 12165, 12167, 12169,
    12171, 12173, 12175, 12177, 12179, 12181, 12183, 12185, 12187, 12189, 12191, 12193, 12195, 12197, 12199, 12201,
    12203, 12205, 12207, 12209, 12211, 12213, 12215, 12217, 12219, 12221, 12223, 12225, 12227, 12229, 12231, 12233,
    12235, 12237, 12239, 12241, 12243, 12245, 12247, 12249, 12251, 12253, 12255, 12257, 12259, 12261, 12263, 12266,
    12269, 12272, 12275, 12278, 12281, 12284, 12287, 12290, 12293, 12296, 12300, 12304, 12308, 12312, 12316, 12320,
    12324, 12328, 12332, 12336, 12340, 12344, 12348, 12352, 12356, 12360, 12364, 12368, 12372, 12376, 12380, 12384,
    12388, 12392, 12396, 12400, 12404, 12406, 12408, 12411, 12414, 12416, 12418, 12420, 12422, 12424, 12426, 12428,
    12430, 12432, 12434, 12436, 12438, 12440, 12442, 12444, 12446, 12448, 12450, 12452, 12454, 12456, 12458, 12460,
    12462, 12464, 12466, 12469, 12472, 12475, 12478, 12482, 12485, 12488, 12491, 12494, 12497, 12500, 12503, 12505,
    12507, 12509, 12511, 12514, 12516, 12518, 12520, 12522, 12524, 12526, 12528, 12530, 12532, 12534, 12536, 12538,
    12540, 12542, 12544, 12546, 12548, 12550, 12552, 12554, 12556, 12558, 12560, 12562, 12564, 12566, 12568, 12570,
    12572, 12574, 12576, 12578, 12580, 12582, 12584, 12586, 12588, 12590, 12592, 12594, 12598, 12602, 12606, 12610,
    12614, 12618, 12622, 12626, 12630, 12632, 12634, 12636, 12638, 12640, 12642, 12644, 12646, 12648, 12650, 12652,
    12653, 12654, 12655, 12656, 12657, 12658, 12659, 12660, 12661, 12662, 12663, 12664, 12665, 12666, 12667, 12668,
    12669, 12670, 12671, 12672, 12673, 12674, 12675, 12676, 12677, 12678, 12679, 12680, 12681, 12682, 12683, 12684,
    12685, 12686, 12687, 12688, 12689, 12690, 12691, 12692, 12693, 12694, 12695, 12696, 12697, 12698, 12699, 12700,
    12701, 12702, 12703, 12704, 12705, 12706, 12707, 12708, 12709, 12710, 12711, 12712, 12713, 12714, 12715, 12716,
    12717, 12718, 12719, 12720, 12721, 12722, 12723, 12724, 12725, 12726, 12727, 12728, 12729, 12730, 12731, 12732,
    12733, 12734, 12735, 12736, 12737, 12738, 12739, 12740, 12741, 12742, 12743, 12744, 12745, 12746, 12747, 12748,
    12749, 12750, 12751, 12752, 12753, 12754, 12755, 12756, 12757, 12758, 12759, 12760, 12761, 12762, 12763, 12764,
    12765, 12766, 12767, 12768, 12769, 12770, 12771, 12772, 12773, 12774, 12775, 12776, 12777, 12778, 12779, 12780,
    12781, 12782, 12783, 12784, 12785, 12786, 12787, 12788, 12789, 12790, 12791, 12792, 12793, 12794, 12795, 12796,
    12797, 12798, 12799, 12800, 12801, 12802, 12803, 12804, 12805, 12806, 12807, 12808, 12809, 12810, 12811, 12812,
    12813, 12814, 12815, 12816, 12817, 12818, 12819, 12820, 12821, 12822, 12823, 12824, 12825, 12826, 12827, 12828,
    12829, 12830, 12831, 12832, 12833, 12834, 12835, 12836, 12837, 12838, 12839, 12840, 12841, 12842, 12843, 12844,
    12845, 12846, 12847, 12848, 12849, 12850, 12851, 12852, 12853, 12854, 12855, 12856, 12857, 12858, 12859, 12860,
    12861, 12862, 12863, 12864, 12865, 12866, 12867, 12868, 12869, 12870, 12871, 12872, 12873, 12874, 12875, 12876,
    12877, 12878, 12879, 12880, 12881, 12882, 12883, 12884, 12885, 12886, 12887, 12888, 12889, 12890, 12891, 12892,
    12893, 12894, 12895, 12896, 12897, 12898, 12899, 12900, 12901, 12902, 12903, 12904, 12905, 12906, 12907, 12908,
    12909, 12910, 12911, 12912, 12913, 12914, 12915, 12916, 12917, 12918, 12919, 12920, 12921, 12922, 12923, 12924,
    12925, 12926, 12927, 12928, 12929, 12930, 12931, 12932, 12933, 12934, 12935, 12936, 12937, 12938, 12939, 12940,
    12941, 12942, 12943, 12944, 12945, 12946, 12947, 12948, 12949, 12950, 12951, 12952, 12953, 12954, 12955, 12956,
    12957, 12958, 12959, 12960, 12961, 12962, 12963, 12964, 12965, 12966, 12967, 12968, 12969, 12970, 12971, 12972,
    12973, 12974, 12975, 12976, 12977, 12978, 12979, 12980, 12981, 12982, 12983, 12984, 12985, 12986, 12987, 12988,
    12989, 12990, 12991, 12992, 12993, 12994, 12995, 12996, 12997, 12998, 12999, 13000, 13001, 13002, 13003, 13004,
    13005, 13006, 13007, 13008, 13009, 13010, 13011, 13012, 13013, 13014, 13015, 13016, 13017, 13018, 13019, 13020,
    13021, 13022, 13023, 13024, 13025, 13026, 13027, 13028, 13029, 13030, 13031, 13032, 13033, 13034, 13035, 13036,
    13037, 13038, 13039, 13040, 13041, 13042, 13043, 13044, 13045, 13046, 13047, 13048, 13049, 13050, 13051, 13052,
    13053, 13054, 13055, 13056, 13057, 13058, 13059, 13060, 13061, 13062, 13063, 13064, 13065, 13066, 13067, 13068,
    13069, 13070, 13071, 13072, 13073, 13074, 13075, 13076, 13077, 13078, 13079, 13080, 13081, 13082, 13083, 13084,
    13085, 13086, 13087, 13088, 13089, 13090, 13091, 13092, 13093, 13094, 13095, 13096, 13097, 13098, 13099, 13100,
    13101, 13102, 13103, 13104, 13105, 13106, 13107, 13108, 13109, 13110, 13111, 13112, 13113, 13114, 13115, 13116,
    13117, 13118, 13119, 13120, 13121, 13122, 13123, 13124, 13125, 13126, 13127, 13128, 13129, 13130, 13131, 13132,
    13133, 13134, 13135, 13136, 13137, 13138, 13139, 13140, 13141, 13142, 13143, 13144, 13145, 13146, 13147, 13148,
    13149, 13150, 13151, 13152, 13153, 13154, 13155, 13156, 13157, 13158, 13159, 13160, 13161, 13162, 13163, 13164,
    13165, 13166, 13167, 13168, 13169, 13170, 13171, 13172, 13173, 13174, 13175, 13176, 13177, 13178, 13179, 13180,
    13181, 13182, 13183, 13184, 13185, 13186, 13187, 13188, 13189, 13190, 13191, 13192, 13193, 13194,
};
static const uint8_t kama__uni_dkl[] = {
    1, 2, 1, 2, 1, 1, 2, 1, 2, 1, 1, 3, 3, 3, 2, 2, 2, 2, 2, 2, 2, 2, 2, 2,
    2, 2, 2, 2, 2, 2, 2, 2, 2, 2, 2, 2, 2, 2, 2, 2, 2, 2, 2, 2, 2, 2, 2, 2,
    2, 2, 2, 2, 2, 2, 2, 2, 2, 2, 2, 2, 2, 2, 2, 2, 2, 2, 2, 2, 2, 2, 2, 2,
    2, 2, 2, 2, 2, 2, 2, 2, 2, 2, 2, 2, 2, 2, 2, 2, 2, 2, 2, 2, 2, 2, 2, 2,
    2, 2, 2, 2, 2, 2, 2, 2, 2, 2, 2, 2, 2, 2, 2, 2, 2, 2, 2, 2, 2, 2, 2, 2,
    2, 2, 2, 2, 2, 2, 2, 2, 2, 2, 2, 2, 2, 2, 2, 2, 2, 2, 2, 2, 2, 2, 2, 2,
    2, 2, 2, 2, 2, 2, 2, 2, 2, 2, 2, 2, 2, 2, 2, 2, 2, 2, 2, 2, 2, 2, 2, 2,
    2, 2, 2, 2, 2, 2, 2, 2, 2, 2, 2, 2, 1, 2, 2, 2, 2, 3, 3, 3, 2, 2, 2, 2,
    2, 2, 2, 2, 2, 2, 2, 2, 2, 2, 3, 3, 3, 3, 3, 3, 3, 3, 3, 3, 3, 3, 2, 2,
    2, 2, 2, 2, 2, 2, 3, 3, 2, 2, 2, 2, 2, 2, 2, 2, 2, 2, 3, 3, 2, 2, 2, 2,
    2, 2, 2, 2, 2, 2, 2, 2, 2, 2, 2, 2, 2, 2, 2, 2, 2, 2, 2, 2, 2, 2, 2, 2,
    2, 2, 2, 2, 2, 2, 2, 2, 2, 2, 3, 3, 3, 3, 2, 2, 3, 3, 2, 2, 1, 1, 1, 1,
    1, 1, 1, 1, 1, 2, 2, 2, 2, 2, 2, 1, 1, 1, 1, 1, 1, 1, 1, 2, 1, 2, 1, 2,
    3, 2, 1, 2, 2, 2, 2, 2, 2, 3, 2, 2, 2, 2, 2, 2, 3, 2, 2, 2, 2, 2, 1, 1,
    1, 2, 2, 1, 1, 1, 1, 1, 1, 1, 1, 2, 2, 2, 2, 2, 2, 2, 2, 2, 2, 2, 2, 2,
    2, 2, 2, 2, 2, 2, 2, 2, 2, 2, 2, 2, 2, 2, 2, 2, 2, 2, 2, 2, 2, 2, 2, 2,
    2, 2, 2, 2, 2, 2, 2, 2, 2, 2, 2, 2, 2, 2, 2, 1, 2, 1, 1, 2, 2, 2, 2, 2,
    2, 2, 2, 2, 2, 2, 2, 2, 2, 2, 2, 2, 2, 2, 2, 2, 2, 2, 2, 2, 2, 2, 2, 2,
    2, 2, 2, 2, 2, 2, 2, 2, 2, 2, 2, 2, 2, 2, 2, 2, 2, 2, 2, 3, 2, 2, 2, 2,
    2, 3, 2, 2, 2, 2, 2, 1, 2, 2, 2, 2, 2, 2, 2, 2, 2, 3, 2, 3, 2, 2, 2, 2,
    2, 2, 2, 2, 1, 2, 2, 2, 2, 2, 2, 2, 2, 2, 2, 2, 1, 1, 1, 1, 1, 1, 1, 1,
    1, 1, 1, 1, 1, 1, 1, 1, 1, 1, 1, 1, 1, 1, 1, 1, 1, 1, 1, 1, 1, 1, 1, 1,
    1, 1, 1, 1, 1, 1, 1, 1, 1, 1, 1, 1, 1, 1, 1, 1, 1, 1, 1, 1, 1, 1, 1, 1,
    1, 1, 1, 1, 1, 1, 1, 1, 1, 1, 1, 1, 1, 1, 1, 1, 1, 1, 1, 1, 1, 1, 1, 1,
    1, 1, 1, 1, 1, 1, 1, 1, 1, 1, 1, 1, 1, 1, 1, 1, 1, 1, 2, 2, 2, 2, 2, 2,
    2, 2, 3, 3, 2, 2, 2, 2, 2, 2, 2, 2, 2, 2, 3, 3, 3, 3, 2, 2, 2, 2, 3, 3,
    2, 2, 2, 2, 2, 2, 2, 2, 2, 2, 2, 2, 2, 2, 2, 2, 3, 3, 2, 2, 2, 2, 2, 2,
    2, 2, 3, 3, 2, 2, 2, 2, 2, 2, 2, 2, 2, 2, 2, 2, 2, 2, 2, 2, 2, 2, 3, 3,
    3, 3, 3, 3, 3, 3, 2, 2, 2, 2, 2, 2, 2, 2, 3, 3, 2, 2, 2, 2, 2, 2, 3, 3,
    3, 3, 3, 3, 2, 2, 2, 2, 2, 2, 2, 2, 2, 2, 2, 2, 2, 2, 3, 3, 3, 3, 2, 2,
    2, 2, 2, 2, 2, 2, 2, 2, 2, 2, 2, 2, 2, 2, 2, 2, 2, 2, 2, 2, 2, 2, 2, 2,
    2, 2, 2, 2, 2, 2, 2, 2, 2, 2, 3, 3, 3, 3, 3, 3, 3, 3, 3, 3, 3, 3, 3, 3,
    3, 3, 3, 3, 3, 3, 2, 2, 2, 2, 2, 2, 3, 3, 3, 3, 3, 3, 3, 3, 3, 3, 2, 2,
    2, 2, 2, 2, 2, 2, 3, 3, 3, 3, 3, 3, 3, 3, 3, 3, 3, 3, 3, 3, 3, 3, 3, 3,
    3, 3, 2, 2, 2, 2, 3, 3, 3, 3, 3, 3, 3, 3, 3, 3, 2, 2, 2, 2, 2, 2, 2, 2,
    2, 2, 3, 3, 3, 3, 3, 3, 2, 2, 3, 3, 3, 3, 3, 3, 2, 2, 3, 3, 3, 3, 2, 2,
    3, 3, 3, 3, 2, 2, 3, 3, 3, 3, 3, 3, 2, 2, 3, 3, 3, 3, 3, 3, 2, 2, 3, 3,
    3, 3, 3, 3, 2, 2, 3, 3, 3, 3, 3, 3, 2, 2, 3, 3, 3, 3, 2, 2, 3, 3, 3, 3,
    2, 2, 3, 3, 3, 3, 3, 3, 2, 3, 3, 3, 2, 2, 3, 3, 3, 3, 3, 3, 2, 2, 3, 3,
    3, 3, 3, 3, 2, 2, 2, 2, 2, 2, 2, 2, 2, 2, 2, 2, 2, 2, 3, 3, 4, 4, 4, 4,
    4, 4, 3, 3, 4, 4, 4, 4, 4, 4, 3, 3, 4, 4, 4, 4, 4, 4, 3, 3, 4, 4, 4, 4,
    4, 4, 3, 3, 4, 4, 4, 4, 4, 4, 3, 3, 4, 4, 4, 4, 4, 4, 2, 2, 3, 2, 3, 2,
    3, 2, 2, 2, 2, 2, 2, 1, 2, 2, 3, 3, 2, 3, 2, 3, 2, 2, 2, 2, 2, 3, 3, 3,
    2, 2, 3, 3, 2, 3, 2, 2, 2, 2, 3, 3, 3, 2, 2, 3, 3, 2, 2, 2, 3, 2, 2, 2,
    2, 2, 3, 3, 1, 3, 2, 3, 2, 3, 2, 2, 2, 2, 2, 2, 2, 1, 1, 1, 1, 1, 1, 1,
    1, 1, 1, 1, 1, 2, 1, 2, 3, 1, 2, 3, 2, 3, 2, 2, 2, 2, 2, 4, 1, 1, 1, 1,
    1, 1, 1, 1, 1, 1, 1, 1, 1, 1, 1, 1, 1, 1, 1, 1, 1, 1, 1, 1, 1, 1, 1, 1,
    1, 1, 1, 1, 1, 1, 1, 1, 1, 1, 1, 1, 1, 1, 1, 1, 1, 1, 2, 3, 3, 1, 2, 3,
    3, 1, 2, 1, 1, 1, 1, 1, 1, 1, 1, 1, 1, 1, 2, 1, 1, 1, 1, 1, 2, 3, 2, 1,
    1, 1, 1, 2, 1, 1, 1, 1, 1, 1, 1, 1, 1, 1, 1, 1, 3, 1, 1, 1, 1, 1, 1, 1,
    1, 1, 1, 3, 3, 4, 3, 3, 3, 3, 3, 3, 3, 3, 3, 3, 3, 3, 2, 1, 2, 3, 2, 1,
    2, 3, 4, 2, 1, 2, 3, 1, 1, 1, 1, 1, 2, 3, 2, 1, 2, 3, 4, 2, 1, 2, 3, 1,
    1, 1, 1, 3, 2, 2, 2, 2, 2, 2, 2, 2, 2, 2, 2, 2, 3, 2, 3, 2, 2, 2, 2, 2,
    2, 2, 2, 2, 2, 2, 2, 2, 2, 2, 2, 2, 2, 2, 2, 2, 2, 2, 2, 2, 2, 2, 2, 2,
    2, 2, 2, 2, 1, 1, 1, 1, 1, 1, 1, 1, 1, 1, 1, 2, 2, 2, 2, 2, 2, 2, 2, 2,
    2, 2, 3, 3, 3, 3, 3, 3, 3, 3, 3, 4, 4, 4, 4, 4, 4, 4, 4, 4, 4, 4, 2, 2,
    2, 2, 2, 2, 2, 2, 2, 3, 3, 3, 3, 3, 3, 3, 3, 3, 3, 3, 3, 3, 3, 3, 3, 3,
    3, 3, 3, 3, 3, 3, 3, 3, 3, 3, 3, 3, 3, 3, 3, 3, 3, 3, 3, 3, 1, 1, 1, 1,
    1, 1, 1, 1, 1, 1, 1, 1, 1, 1, 1, 1, 1, 1, 1, 1, 1, 1, 1, 1, 1, 1, 1, 1,
    1, 1, 1, 1, 1, 1, 1, 1, 1, 1, 1, 1, 1, 1, 1, 1, 1, 1, 1, 1, 1, 1, 1, 1,
    1, 4, 3, 2, 3, 2, 1, 1, 1, 1, 1, 1, 1, 1, 1, 1, 1, 1, 1, 1, 1, 1, 1, 1,
    1, 1, 1, 1, 1, 1, 1, 1, 1, 1, 1, 1, 1, 1, 1, 1, 1, 1, 1, 1, 1, 1, 1, 1,
    1, 1, 1, 1, 1, 1, 1, 1, 1, 1, 1, 1, 1, 1, 1, 1, 1, 1, 1, 1, 1, 1, 1, 1,
    1, 1, 1, 1, 1, 1, 1, 1, 1, 1, 1, 1, 1, 1, 1, 1, 1, 1, 1, 1, 1, 1, 1, 1,
    1, 1, 1, 1, 1, 1, 1, 1, 1, 1, 1, 1, 1, 1, 1, 1, 1, 1, 1, 1, 1, 1, 1, 1,
    1, 1, 1, 1, 1, 1, 1, 1, 1, 1, 1, 1, 1, 1, 1, 1, 1, 1, 1, 1, 1, 1, 1, 1,
    1, 1, 1, 1, 1, 1, 1, 1, 1, 1, 1, 1, 1, 1, 1, 1, 1, 1, 1, 1, 1, 1, 1, 1,
    1, 1, 1, 1, 1, 1, 1, 1, 1, 1, 1, 1, 1, 1, 1, 1, 1, 1, 1, 1, 1, 1, 1, 1,
    1, 1, 1, 1, 1, 1, 1, 1, 1, 1, 1, 1, 1, 1, 1, 1, 1, 1, 1, 1, 1, 1, 1, 1,
    1, 1, 1, 1, 1, 1, 1, 1, 1, 1, 1, 1, 1, 1, 2, 2, 2, 2, 2, 2, 2, 2, 2, 2,
    2, 2, 2, 2, 2, 2, 2, 2, 2, 2, 2, 2, 2, 2, 2, 2, 2, 2, 2, 2, 2, 2, 2, 2,
    2, 2, 2, 2, 2, 2, 2, 2, 2, 2, 2, 2, 2, 2, 2, 2, 2, 2, 2, 2, 2, 2, 2, 2,
    2, 2, 2, 2, 1, 1, 1, 1, 1, 1, 1, 1, 1, 1, 1, 1, 1, 1, 1, 1, 1, 1, 1, 1,
    1, 1, 1, 1, 1, 1, 1, 1, 1, 1, 1, 1, 1, 1, 1, 1, 1, 1, 1, 1, 1, 1, 1, 1,
    1, 1, 1, 1, 1, 1, 1, 1, 1, 1, 1, 1, 1, 1, 1, 1, 1, 1, 1, 1, 1, 1, 1, 1,
    1, 1, 1, 1, 1, 1, 1, 1, 1, 1, 1, 1, 1, 1, 1, 1, 1, 1, 1, 1, 1, 1, 1, 1,
    1, 1, 1, 1, 1, 1, 1, 1, 1, 1, 1, 1, 1, 1, 1, 1, 3, 3, 3, 3, 3, 3, 3, 3,
    3, 3, 3, 3, 3, 3, 4, 4, 4, 4, 4, 4, 4, 4, 4, 4, 4, 4, 4, 4, 4, 7, 6, 3,
    3, 3, 3, 3, 3, 3, 3, 3, 3, 3, 3, 3, 3, 3, 3, 3, 3, 3, 3, 3, 3, 3, 3, 3,
    3, 3, 3, 3, 3, 3, 3, 3, 3, 3, 3, 1, 1, 1, 1, 3, 2, 2, 2, 2, 2, 2, 2, 2,
    2, 2, 2, 2, 2, 2, 2, 1, 1, 1, 1, 1, 1, 1, 1, 1, 1, 1, 1, 1, 1, 2, 2, 2,
    2, 2, 2, 2, 2, 2, 2, 2, 2, 2, 2, 5, 4, 2, 1, 1, 1, 1, 1, 1, 1, 1, 1, 1,
    1, 1, 1, 1, 1, 1, 1, 1, 1, 1, 1, 1, 1, 1, 1, 1, 1, 1, 1, 1, 1, 1, 1, 1,
    1, 1, 1, 1, 1, 1, 1, 1, 1, 1, 1, 1, 1, 1, 1, 2, 2, 2, 2, 2, 2, 2, 2, 2,
    2, 2, 2, 2, 2, 2, 2, 2, 2, 2, 2, 2, 2, 2, 2, 3, 3, 3, 2, 3, 2, 3, 1, 1,
    1, 1, 1, 1, 1, 1, 1, 1, 1, 1, 1, 1, 1, 1, 1, 1, 1, 1, 1, 1, 1, 1, 1, 1,
    1, 1, 1, 1, 1, 1, 1, 1, 1, 1, 1, 1, 1, 1, 1, 1, 1, 1, 1, 1, 1, 2, 5, 4,
    5, 3, 5, 3, 3, 6, 4, 3, 3, 3, 4, 4, 4, 4, 4, 4, 4, 6, 2, 6, 6, 5, 4, 6,
    6, 4, 3, 3, 4, 4, 5, 5, 3, 3, 4, 3, 3, 2, 2, 3, 3, 6, 4, 5, 6, 4, 3, 3,
    6, 4, 6, 3, 5, 3, 4, 3, 4, 5, 4, 5, 4, 2, 5, 3, 3, 4, 3, 3, 3, 5, 4, 2,
    6, 3, 5, 4, 4, 3, 3, 4, 2, 4, 5, 2, 6, 3, 2, 2, 2, 2, 2, 2, 2, 2, 2, 2,
    3, 3, 3, 3, 3, 3, 3, 3, 3, 3, 3, 3, 3, 3, 3, 3, 2, 2, 3, 2, 2, 2, 3, 3,
    2, 2, 2, 2, 2, 4, 2, 2, 2, 2, 2, 2, 2, 2, 3, 4, 2, 2, 2, 2, 2, 2, 2, 3,
    3, 3, 3, 2, 2, 2, 2, 2, 2, 2, 2, 2, 2, 3, 3, 2, 3, 3, 3, 2, 3, 3, 4, 2,
    3, 3, 3, 3, 5, 6, 2, 2, 2, 2, 2, 2, 2, 2, 2, 2, 2, 2, 2, 2, 2, 2, 2, 2,
    4, 2, 2, 2, 4, 3, 2, 2, 2, 2, 2, 2, 2, 2, 2, 2, 3, 2, 2, 3, 3, 2, 4, 3,
    2, 2, 2, 2, 3, 3, 2, 2, 2, 2, 2, 2, 2, 2, 2, 3, 3, 3, 3, 3, 3, 3, 3, 3,
    3, 3, 3, 3, 3, 3, 3, 3, 3, 3, 3, 3, 3, 3, 1, 1, 1, 1, 1, 1, 1, 1, 1, 1,
    1, 1, 1, 1, 1, 1, 1, 1, 1, 1, 1, 1, 1, 1, 1, 1, 1, 1, 1, 1, 1, 1, 1, 1,
    1, 1, 1, 1, 1, 1, 1, 1, 1, 1, 1, 1, 1, 1, 1, 1, 1, 1, 1, 1, 1, 1, 1, 1,
    1, 1, 1, 1, 1, 1, 1, 1, 1, 1, 1, 1, 1, 1, 1, 1, 1, 1, 1, 1, 1, 1, 1, 1,
    1, 1, 1, 1, 1, 1, 1, 1, 1, 1, 1, 1, 1, 1, 1, 1, 1, 1, 1, 1, 1, 1, 1, 1,
    1, 1, 1, 1, 1, 1, 1, 1, 1, 1, 1, 1, 1, 1, 1, 1, 1, 1, 1, 1, 1, 1, 1, 1,
    1, 1, 1, 1, 1, 1, 1, 1, 1, 1, 1, 1, 1, 1, 1, 1, 1, 1, 1, 1, 1, 1, 1, 1,
    1, 1, 1, 1, 1, 1, 1, 1, 1, 1, 1, 1, 1, 1, 1, 1, 1, 1, 1, 1, 1, 1, 1, 1,
    1, 1, 1, 1, 1, 1, 1, 1, 1, 1, 1, 1, 1, 1, 1, 1, 1, 1, 1, 1, 1, 1, 1, 1,
    1, 1, 1, 1, 1, 1, 1, 1, 1, 1, 1, 1, 1, 1, 1, 1, 1, 1, 1, 1, 1, 1, 1, 1,
    1, 1, 1, 1, 1, 1, 1, 1, 1, 1, 1, 1, 1, 1, 1, 1, 1, 1, 1, 1, 1, 1, 1, 1,
    1, 1, 1, 1, 1, 1, 1, 1, 1, 1, 1, 1, 1, 1, 1, 1, 1, 1, 1, 1, 1, 1, 1, 1,
    1, 1, 1, 1, 1, 1, 1, 1, 1, 1, 1, 1, 1, 1, 1, 1, 1, 1, 1, 1, 1, 1, 1, 1,
    1, 1, 1, 1, 1, 1, 1, 1, 1, 1, 1, 1, 1, 1, 1, 1, 1, 1, 1, 1, 1, 1, 1, 1,
    1, 1, 1, 1, 1, 1, 1, 1, 1, 1, 1, 1, 1, 1, 1, 1, 1, 1, 1, 1, 1, 1, 1, 1,
    1, 1, 1, 1, 1, 1, 1, 1, 1, 1, 1, 1, 1, 1, 1, 1, 1, 1, 1, 1, 1, 1, 1, 1,
    1, 1, 1, 1, 1, 1, 1, 1, 1, 1, 1, 1, 1, 1, 1, 1, 1, 1, 1, 1, 1, 1, 1, 1,
    1, 1, 1, 1, 1, 1, 1, 1, 1, 1, 1, 1, 1, 1, 1, 1, 1, 1, 1, 1, 1, 1, 1, 1,
    1, 1, 1, 1, 1, 1, 1, 1, 1, 1, 1, 1, 1, 1, 1, 1, 1, 1, 1, 1, 1, 1, 1, 1,
    1, 1, 1, 1, 1, 1, 1, 1, 1, 1, 1, 1, 1, 1, 1, 1, 1, 1, 1, 1, 1, 1, 1, 1,
    1, 1, 1, 1, 1, 1, 1, 1, 2, 2, 2, 3, 3, 2, 2, 2, 2, 2, 2, 2, 2, 2, 1, 1,
    1, 1, 1, 1, 1, 1, 1, 1, 2, 2, 3, 3, 2, 2, 2, 2, 2, 2, 2, 2, 2, 2, 2, 2,
    2, 2, 2, 2, 2, 2, 2, 2, 2, 2, 2, 2, 2, 2, 2, 2, 2, 1, 1, 1, 1, 1, 1, 1,
    1, 1, 1, 1, 1, 1, 1, 1, 1, 1, 1, 1, 1, 1, 1, 1, 1, 1, 1, 1, 1, 1, 1, 1,
    1, 1, 1, 1, 1, 1, 1, 1, 1, 1, 1, 1, 1, 1, 1, 1, 1, 1, 1, 1, 1, 1, 1, 1,
    1, 1, 1, 1, 1, 1, 1, 1, 1, 1, 1, 1, 1, 1, 1, 1, 1, 1, 1, 1, 1, 1, 1, 1,
    1, 1, 1, 1, 1, 2, 2, 1, 1, 1, 1, 1, 1, 1, 1, 1, 1, 2, 2, 1, 1, 1, 1, 1,
    1, 1, 1, 1, 1, 2, 1, 1, 1, 1, 1, 1, 1, 1, 1, 1, 1, 1, 3, 3, 3, 3, 3, 3,
    3, 3, 3, 3, 3, 3, 3, 3, 3, 3, 3, 3, 1, 1, 1, 1, 3, 3, 3, 3, 3, 2, 2, 2,
    2, 2, 2, 2, 2, 2, 2, 2, 2, 2, 2, 2, 2, 2, 2, 2, 2, 2, 2, 2, 2, 2, 2, 2,
    2, 2, 2, 2, 2, 2, 2, 2, 2, 2, 2, 2, 2, 2, 2, 2, 2, 2, 2, 2, 2, 2, 2, 2,
    2, 2, 2, 2, 2, 2, 2, 2, 2, 2, 2, 2, 2, 2, 2, 2, 2, 2, 2, 2, 2, 2, 2, 2,
    2, 2, 2, 2, 2, 2, 2, 2, 2, 2, 2, 2, 2, 2, 3, 3, 3, 3, 3, 3, 3, 3, 3, 3,
    3, 3, 2, 2, 2, 2, 2, 2, 2, 2, 2, 2, 2, 2, 2, 2, 2, 2, 2, 2, 2, 2, 2, 2,
    2, 2, 2, 2, 2, 2, 2, 2, 2, 2, 2, 2, 2, 2, 2, 2, 2, 2, 2, 2, 2, 2, 2, 3,
    3, 3, 3, 3, 2, 2, 2, 2, 2, 2, 2, 2, 2, 2, 2, 2, 2, 2, 2, 2, 2, 2, 2, 2,
    2, 2, 2, 2, 2, 2, 2, 2, 2, 2, 2, 2, 2, 2, 2, 2, 2, 2, 2, 2, 2, 2, 2, 2,
    2, 2, 2, 2, 2, 2, 2, 2, 2, 2, 2, 2, 2, 2, 2, 2, 2, 2, 2, 2, 2, 2, 2, 3,
    3, 2, 2, 2, 2, 2, 2, 2, 2, 2, 2, 2, 2, 2, 2, 2, 2, 2, 3, 3, 3, 2, 2, 2,
    2, 2, 2, 2, 2, 2, 2, 2, 2, 2, 2, 2, 2, 2, 2, 2, 2, 2, 2, 2, 2, 2, 2, 2,
    2, 2, 2, 2, 2, 2, 2, 2, 2, 2, 2, 2, 2, 2, 2, 2, 2, 2, 2, 2, 2, 2, 2, 2,
    2, 2, 2, 2, 2, 2, 2, 2, 2, 2, 2, 2, 2, 2, 2, 2, 2, 2, 2, 2, 2, 2, 3, 3,
    3, 3, 3, 3, 3, 3, 3, 3, 3, 3, 3, 3, 3, 3, 3, 3, 3, 3, 3, 3, 3, 3, 3, 3,
    3, 3, 3, 3, 3, 3, 3, 3, 3, 3, 3, 3, 3, 3, 3, 3, 3, 3, 3, 3, 3, 3, 3, 3,
    3, 3, 3, 3, 3, 3, 3, 3, 3, 3, 3, 3, 3, 3, 3, 3, 3, 3, 3, 3, 3, 3, 3, 3,
    3, 3, 3, 3, 3, 3, 3, 3, 3, 3, 3, 3, 3, 3, 3, 3, 3, 3, 3, 3, 3, 3, 3, 3,
    3, 3, 3, 3, 3, 3, 3, 3, 3, 3, 3, 3, 3, 3, 3, 3, 3, 3, 3, 3, 3, 3, 4, 4,
    4, 4, 4, 4, 4, 3, 18, 8, 4, 1, 1, 1, 1, 1, 1, 1, 1, 1, 3, 2, 1, 1, 1, 1,
    1, 1, 1, 1, 1, 1, 1, 1, 1, 1, 1, 1, 1, 1, 1, 1, 1, 1, 2, 2, 2, 2, 1, 1,
    1, 1, 1, 1, 1, 1, 1, 1, 1, 1, 1, 1, 1, 1, 1, 1, 1, 1, 1, 1, 1, 1, 1, 1,
    1, 1, 1, 2, 2, 2, 2, 2, 2, 2, 2, 2, 2, 2, 2, 2, 2, 1, 2, 2, 2, 2, 2, 2,
    2, 2, 2, 2, 2, 2, 1, 1, 1, 1, 1, 1, 1, 1, 1, 1, 1, 1, 1, 1, 1, 1, 1, 1,
    1, 1, 1, 1, 1, 1, 1, 1, 1, 1, 1, 1, 1, 1, 1, 1, 1, 1, 1, 1, 1, 1, 1, 1,
    1, 1, 1, 1, 1, 1, 1, 1, 1, 1, 1, 1, 1, 1, 1, 1, 1, 1, 1, 1, 1, 1, 1, 1,
    1, 1, 1, 1, 1, 1, 1, 1, 1, 1, 1, 1, 1, 1, 1, 1, 1, 1, 1, 1, 1, 1, 1, 1,
    1, 1, 1, 1, 1, 1, 1, 1, 1, 1, 1, 1, 1, 1, 3, 3, 3, 3, 3, 3, 2, 2, 1, 1,
    1, 1, 1, 1, 1, 1, 1, 1, 1, 1, 1, 1, 1, 1, 1, 1, 1, 1, 1, 1, 1, 1, 1, 1,
    1, 1, 1, 1, 1, 1, 1, 1, 1, 1, 1, 1, 1, 1, 1, 1, 1, 1, 1, 1, 1, 1, 1, 1,
    1, 1, 1, 1, 1, 1, 1, 1, 1, 1, 1, 1, 1, 1, 1, 1, 1, 1, 1, 1, 1, 1, 1, 1,
    1, 1, 1, 1, 1, 1, 1, 1, 1, 1, 1, 1, 1, 1, 1, 1, 1, 1, 1, 1, 1, 1, 1, 1,
    1, 1, 1, 1, 1, 1, 1, 1, 1, 1, 1, 1, 1, 1, 1, 1, 1, 1, 1, 1, 1, 1, 1, 1,
    1, 1, 1, 1, 1, 1, 1, 1, 1, 1, 1, 1, 1, 1, 1, 1, 1, 1, 1, 1, 1, 1, 1, 1,
    1, 1, 1, 1, 1, 1, 1, 1, 1, 1, 1, 1, 1, 1, 1, 1, 1, 1, 1, 1, 1, 1, 1, 1,
    1, 1, 1, 1, 1, 1, 1, 1, 1, 1, 1, 1, 1, 1, 1, 1, 1, 1, 1, 1, 1, 1, 1, 1,
    1, 1, 1, 1, 1, 1, 1, 1, 1, 1, 1, 1, 1, 1, 1, 1, 1, 1, 1, 1, 2, 1, 1, 1,
    1, 1, 1, 1, 1, 1, 1, 2, 2, 1, 1, 1, 1, 1, 1, 1, 1, 1, 1, 1, 1, 1, 1, 1,
    1, 1, 1, 1, 1, 1, 1, 1, 1, 1, 1, 1, 1, 1, 1, 1, 1, 1, 1, 1, 1, 1, 1, 1,
    1, 1, 1, 1, 1, 1, 1, 1, 1, 1, 1, 1, 1, 1, 1, 1, 1, 1, 1, 1, 1, 1, 2, 2,
    2, 2, 2, 2, 2, 2, 2, 2, 2, 2, 2, 2, 2, 2, 2, 2, 2, 2, 2, 2, 2, 2, 2, 3,
    3, 3, 2, 2, 3, 2, 2, 2, 2, 1, 1, 1, 1, 1, 1, 1, 1, 1, 1, 1, 1, 1, 1, 1,
    1, 1, 1, 1, 1, 1, 1, 1, 1, 1, 1, 1, 1, 1, 1, 1, 1, 1, 1, 1, 1, 2, 2, 3,
    3, 3, 3, 3, 2, 2, 3, 3, 3, 3, 1, 1, 1, 1, 1, 1, 1, 1, 1, 1, 1, 1, 1, 1,
    1, 1, 1, 1, 1, 1, 1, 1, 1, 1, 1, 1, 1, 1, 1, 1, 1, 1, 1, 1, 1, 1, 1, 1,
    1, 1, 1, 1, 1, 1, 1, 1, 1, 1, 1, 1, 1, 1, 1, 1, 1, 1, 1, 1, 1, 1, 1, 1,
    1, 1, 1, 1, 1, 1, 1, 1, 1, 1, 1, 1, 1, 1, 1, 1, 1, 1, 1, 1, 1, 1, 1, 1,
    1, 1, 1, 1, 1, 1, 1, 1, 1, 1, 1, 1, 1, 1, 1, 1, 1, 1, 1, 1, 1, 1, 1, 1,
    1, 1, 1, 1, 1, 1, 1, 1, 1, 1, 1, 1, 1, 1, 1, 1, 1, 1, 1, 1, 1, 1, 1, 1,
    1, 1, 1, 1, 1, 1, 1, 1, 1, 1, 1, 1, 1, 1, 1, 1, 1, 1, 1, 1, 1, 1, 1, 1,
    1, 1, 1, 1, 1, 1, 1, 1, 1, 1, 1, 1, 1, 1, 1, 1, 1, 1, 1, 1, 1, 1, 1, 1,
    1, 1, 1, 1, 1, 1, 1, 1, 1, 1, 1, 1, 1, 1, 1, 1, 1, 1, 1, 1, 1, 1, 1, 1,
    1, 1, 1, 1, 1, 1, 1, 1, 1, 1, 1, 1, 1, 1, 1, 1, 1, 1, 1, 1, 1, 1, 1, 1,
    1, 1, 1, 1, 1, 1, 1, 1, 1, 1, 1, 1, 1, 1, 1, 1, 1, 1, 1, 1, 1, 1, 1, 1,
    1, 1, 1, 1, 1, 1, 1, 1, 1, 1, 1, 1, 1, 1, 1, 1, 1, 1, 1, 1, 1, 1, 1, 1,
    1, 1, 1, 1, 1, 1, 1, 1, 1, 1, 1, 1, 1, 1, 1, 1, 1, 1, 1, 1, 1, 1, 1, 1,
    1, 1, 1, 1, 1, 1, 1, 1, 1, 1, 1, 1, 1, 1, 1, 1, 1, 1, 1, 1, 1, 1, 1, 1,
    1, 1, 1, 1, 1, 1, 1, 1, 1, 1, 1, 1, 1, 1, 1, 1, 1, 1, 1, 1, 1, 1, 1, 1,
    1, 1, 1, 1, 1, 1, 1, 1, 1, 1, 1, 1, 1, 1, 1, 1, 1, 1, 1, 1, 1, 1, 1, 1,
    1, 1, 1, 1, 1, 1, 1, 1, 1, 1, 1, 1, 1, 1, 1, 1, 1, 1, 1, 1, 1, 1, 1, 1,
    1, 1, 1, 1, 1, 1, 1, 1, 1, 1, 1, 1, 1, 1, 1, 1, 1, 1, 1, 1, 1, 1, 1, 1,
    1, 1, 1, 1, 1, 1, 1, 1, 1, 1, 1, 1, 1, 1, 1, 1, 1, 1, 1, 1, 1, 1, 1, 1,
    1, 1, 1, 1, 1, 1, 1, 1, 1, 1, 1, 1, 1, 1, 1, 1, 1, 1, 1, 1, 1, 1, 1, 1,
    1, 1, 1, 1, 1, 1, 1, 1, 1, 1, 1, 1, 1, 1, 1, 1, 1, 1, 1, 1, 1, 1, 1, 1,
    1, 1, 1, 1, 1, 1, 1, 1, 1, 1, 1, 1, 1, 1, 1, 1, 1, 1, 1, 1, 1, 1, 1, 1,
    1, 1, 1, 1, 1, 1, 1, 1, 1, 1, 1, 1, 1, 1, 1, 1, 1, 1, 1, 1, 1, 1, 1, 1,
    1, 1, 1, 1, 1, 1, 1, 1, 1, 1, 1, 1, 1, 1, 1, 1, 1, 1, 1, 1, 1, 1, 1, 1,
    1, 1, 1, 1, 1, 1, 1, 1, 1, 1, 1, 1, 1, 1, 1, 1, 1, 1, 1, 1, 1, 1, 1, 1,
    1, 1, 1, 1, 1, 1, 1, 1, 1, 1, 1, 1, 1, 1, 1, 1, 1, 1, 1, 1, 1, 1, 1, 1,
    1, 1, 1, 1, 1, 1, 1, 1, 1, 1, 1, 1, 1, 1, 1, 1, 1, 1, 1, 1, 1, 1, 1, 1,
    1, 1, 1, 1, 1, 1, 1, 1, 1, 1, 1, 1, 1, 1, 1, 1, 1, 1, 1, 1, 1, 1, 1, 1,
    1, 1, 1, 1, 1, 1, 1, 1, 1, 1, 1, 1, 1, 1, 1, 1, 1, 1, 1, 1, 1, 1, 1, 1,
    1, 1, 1, 1, 1, 1, 1, 1, 1, 1, 1, 1, 1, 1, 1, 1, 1, 1, 1, 1, 1, 1, 1, 1,
    1, 1, 1, 1, 1, 1, 1, 1, 1, 1, 1, 1, 1, 1, 1, 1, 1, 1, 1, 1, 1, 1, 1, 1,
    1, 1, 1, 1, 1, 1, 1, 1, 1, 1, 1, 1, 1, 1, 1, 1, 1, 1, 1, 1, 1, 1, 1, 1,
    1, 1, 1, 1, 1, 1, 1, 1, 1, 1, 1, 1, 1, 1, 1, 1, 1, 1, 1, 1, 1, 1, 1, 1,
    1, 1, 1, 1, 1, 1, 1, 1, 1, 1, 1, 1, 1, 1, 1, 1, 1, 1, 1, 1, 1, 1, 1, 1,
    1, 1, 1, 1, 1, 1, 1, 1, 1, 1, 1, 1, 1, 1, 1, 1, 1, 1, 1, 1, 1, 1, 1, 1,
    1, 1, 1, 1, 1, 1, 1, 1, 1, 1, 1, 1, 1, 1, 1, 1, 1, 1, 1, 1, 1, 1, 1, 1,
    1, 1, 1, 1, 1, 1, 1, 1, 1, 1, 1, 1, 1, 1, 1, 1, 1, 1, 1, 1, 1, 1, 1, 1,
    1, 1, 1, 1, 1, 1, 1, 1, 1, 1, 1, 1, 1, 1, 1, 1, 1, 1, 1, 1, 1, 1, 1, 1,
    1, 1, 1, 1, 1, 1, 1, 1, 1, 1, 1, 1, 1, 1, 1, 1, 1, 1, 1, 1, 1, 1, 1, 1,
    1, 1, 1, 1, 1, 1, 1, 1, 1, 1, 1, 1, 1, 1, 1, 1, 1, 1, 1, 1, 1, 1, 1, 1,
    1, 1, 1, 1, 1, 1, 1, 1, 1, 1, 1, 1, 1, 1, 1, 1, 1, 1, 1, 1, 1, 1, 1, 1,
    1, 1, 1, 1, 1, 1, 1, 1, 1, 1, 1, 1, 1, 1, 1, 1, 1, 1, 1, 1, 1, 1, 1, 1,
    1, 1, 1, 1, 1, 1, 1, 1, 1, 1, 1, 1, 1, 1, 1, 1, 1, 1, 1, 1, 1, 1, 1, 1,
    1, 1, 1, 1, 1, 1, 1, 1, 1, 1, 1, 1, 1, 1, 1, 1, 1, 1, 1, 1, 1, 1, 1, 1,
    1, 1, 1, 1, 1, 1, 1, 1, 1, 1, 1, 1, 1, 1, 1, 1, 1, 1, 1, 1, 1, 1, 1, 1,
    1, 1, 1, 1, 1, 1, 1, 1, 1, 1, 1, 1, 1, 1, 1, 1, 1, 1, 1, 1, 1, 1, 1, 1,
    1, 1, 1, 1, 1, 1, 1, 1, 1, 1, 1, 1, 1, 1, 1, 1, 1, 1, 1, 1, 1, 1, 1, 1,
    1, 1, 1, 1, 1, 1, 1, 1, 1, 1, 1, 1, 1, 1, 1, 1, 1, 1, 1, 1, 1, 1, 1, 1,
    1, 1, 1, 1, 1, 1, 1, 1, 1, 1, 1, 1, 1, 1, 1, 1, 1, 1, 1, 1, 1, 1, 1, 1,
    1, 1, 1, 1, 1, 1, 1, 1, 1, 1, 1, 1, 1, 1, 1, 1, 1, 1, 1, 1, 1, 1, 1, 1,
    1, 1, 1, 1, 1, 1, 1, 1, 1, 1, 1, 1, 1, 1, 1, 1, 1, 1, 1, 1, 1, 1, 1, 1,
    1, 1, 1, 1, 1, 1, 1, 1, 1, 1, 1, 1, 1, 1, 1, 1, 1, 1, 1, 1, 1, 1, 1, 1,
    1, 1, 1, 1, 1, 1, 1, 1, 1, 1, 1, 1, 1, 1, 2, 2, 2, 2, 2, 2, 2, 2, 2, 2,
    2, 3, 3, 3, 3, 3, 3, 3, 3, 3, 3, 3, 3, 3, 3, 3, 3, 3, 3, 3, 3, 3, 3, 3,
    3, 3, 3, 3, 1, 1, 2, 2, 1, 1, 1, 1, 1, 1, 1, 1, 1, 1, 1, 1, 1, 1, 1, 1,
    1, 1, 1, 1, 1, 1, 1, 1, 1, 1, 2, 2, 2, 2, 3, 2, 2, 2, 2, 2, 2, 2, 1, 1,
    1, 1, 2, 1, 1, 1, 1, 1, 1, 1, 1, 1, 1, 1, 1, 1, 1, 1, 1, 1, 1, 1, 1, 1,
    1, 1, 1, 1, 1, 1, 1, 1, 1, 1, 1, 1, 1, 1, 1, 1, 1, 1, 1, 3, 3, 3, 3, 3,
    3, 3, 3, 3, 1, 1, 1, 1, 1, 1, 1, 1, 1, 1, 1, 1, 1, 1, 1, 1, 1, 1, 1, 1,
    1, 1, 1, 1, 1, 1, 1, 1, 1, 1, 1, 1, 1, 1, 1, 1, 1, 1, 1, 1, 1, 1, 1, 1,
    1, 1, 1, 1, 1, 1, 1, 1, 1, 1, 1, 1, 1, 1, 1, 1, 1, 1, 1, 1, 1, 1, 1, 1,
    1, 1, 1, 1, 1, 1, 1, 1, 1, 1, 1, 1, 1, 1, 1, 1, 1, 1, 1, 1, 1, 1, 1, 1,
    1, 1, 1, 1, 1, 1, 1, 1, 1, 1, 1, 1, 1, 1, 1, 1, 1, 1, 1, 1, 1, 1, 1, 1,
    1, 1, 1, 1, 1, 1, 1, 1, 1, 1, 1, 1, 1, 1, 1, 1, 1, 1, 1, 1, 1, 1, 1, 1,
    1, 1, 1, 1, 1, 1, 1, 1, 1, 1, 1, 1, 1, 1, 1, 1, 1, 1, 1, 1, 1, 1, 1, 1,
    1, 1, 1, 1, 1, 1, 1, 1, 1, 1, 1, 1, 1, 1, 1, 1, 1, 1, 1, 1, 1, 1, 1, 1,
    1, 1, 1, 1, 1, 1, 1, 1, 1, 1, 1, 1, 1, 1, 1, 1, 1, 1, 1, 1, 1, 1, 1, 1,
    1, 1, 1, 1, 1, 1, 1, 1, 1, 1, 1, 1, 1, 1, 1, 1, 1, 1, 1, 1, 1, 1, 1, 1,
    1, 1, 1, 1, 1, 1, 1, 1, 1, 1, 1, 1, 1, 1, 1, 1, 1, 1, 1, 1, 1, 1, 1, 1,
    1, 1, 1, 1, 1, 1, 1, 1, 1, 1, 1, 1, 1, 1, 1, 1, 1, 1, 1, 1, 1, 1, 1, 1,
    1, 1, 1, 1, 1, 1, 1, 1, 1, 1, 1, 1, 1, 1, 1, 1, 1, 1, 1, 1, 1, 1, 1, 1,
    1, 1, 1, 1, 1, 1, 1, 1, 1, 1, 1, 1, 1, 1, 1, 1, 1, 1, 1, 1, 1, 1, 1, 1,
    1, 1, 1, 1, 1, 1, 1, 1, 1, 1, 1, 1, 1, 1, 1, 1, 1, 1, 1, 1, 1, 1, 1, 1,
    1, 1, 1, 1, 1, 1, 1, 1, 1, 1, 1, 1, 1, 1, 1, 1, 1, 1, 1, 1, 1, 1, 1, 1,
    1, 1, 1, 1, 1, 1, 1, 1, 1, 1, 1, 1, 1, 1, 1, 1, 1, 1, 1, 1, 1, 1, 1, 1,
    1, 1, 1, 1, 1, 1, 1, 1, 1, 1, 1, 1, 1, 1, 1, 1, 1, 1, 1, 1, 1, 1, 1, 1,
    1, 1, 1, 1, 1, 1, 1, 1, 1, 1, 1, 1, 1, 1, 1, 1, 1, 1, 1, 1, 1, 1, 1, 1,
    1, 1, 1, 1, 1, 1, 1, 1, 1, 1, 1, 1, 1, 1, 1, 1, 1, 1, 1, 1, 1, 1, 1, 1,
    1, 1, 1, 1, 1, 1, 1, 1, 1, 1, 1, 1, 1, 1, 1, 1, 1, 1, 1, 1, 1, 1, 1, 1,
    1, 1, 1, 1, 1, 1, 1, 1, 1, 1, 1, 1, 1, 1, 1, 1, 1, 1, 1, 1, 1, 1, 1, 1,
    1, 1, 1, 1, 1, 1, 1, 1, 1, 1, 1, 1, 1, 1, 1, 1, 1, 1, 1, 1, 1, 1, 1, 1,
    1, 1, 1, 1, 1, 1,
};

static const uint32_t kama__uni_comp[][3] = {   /* first, second, composite */
    {0x3C, 0x338, 0x226E}, {0x3D, 0x338, 0x2260}, {0x3E, 0x338, 0x226F}, {0x41, 0x300, 0xC0},
    {0x41, 0x301, 0xC1}, {0x41, 0x302, 0xC2}, {0x41, 0x303, 0xC3}, {0x41, 0x304, 0x100},
    {0x41, 0x306, 0x102}, {0x41, 0x307, 0x226}, {0x41, 0x308, 0xC4}, {0x41, 0x309, 0x1EA2},
    {0x41, 0x30A, 0xC5}, {0x41, 0x30C, 0x1CD}, {0x41, 0x30F, 0x200}, {0x41, 0x311, 0x202},
    {0x41, 0x323, 0x1EA0}, {0x41, 0x325, 0x1E00}, {0x41, 0x328, 0x104}, {0x42, 0x307, 0x1E02},
    {0x42, 0x323, 0x1E04}, {0x42, 0x331, 0x1E06}, {0x43, 0x301, 0x106}, {0x43, 0x302, 0x108},
    {0x43, 0x307, 0x10A}, {0x43, 0x30C, 0x10C}, {0x43, 0x327, 0xC7}, {0x44, 0x307, 0x1E0A},
    {0x44, 0x30C, 0x10E}, {0x44, 0x323, 0x1E0C}, {0x44, 0x327, 0x1E10}, {0x44, 0x32D, 0x1E12},
    {0x44, 0x331, 0x1E0E}, {0x45, 0x300, 0xC8}, {0x45, 0x301, 0xC9}, {0x45, 0x302, 0xCA},
    {0x45, 0x303, 0x1EBC}, {0x45, 0x304, 0x112}, {0x45, 0x306, 0x114}, {0x45, 0x307, 0x116},
    {0x45, 0x308, 0xCB}, {0x45, 0x309, 0x1EBA}, {0x45, 0x30C, 0x11A}, {0x45, 0x30F, 0x204},
    {0x45, 0x311, 0x206}, {0x45, 0x323, 0x1EB8}, {0x45, 0x327, 0x228}, {0x45, 0x328, 0x118},
    {0x45, 0x32D, 0x1E18}, {0x45, 0x330, 0x1E1A}, {0x46, 0x307, 0x1E1E}, {0x47, 0x301, 0x1F4},
    {0x47, 0x302, 0x11C}, {0x47, 0x304, 0x1E20}, {0x47, 0x306, 0x11E}, {0x47, 0x307, 0x120},
    {0x47, 0x30C, 0x1E6}, {0x47, 0x327, 0x122}, {0x48, 0x302, 0x124}, {0x48, 0x307, 0x1E22},
    {0x48, 0x308, 0x1E26}, {0x48, 0x30C, 0x21E}, {0x48, 0x323, 0x1E24}, {0x48, 0x327, 0x1E28},
    {0x48, 0x32E, 0x1E2A}, {0x49, 0x300, 0xCC}, {0x49, 0x301, 0xCD}, {0x49, 0x302, 0xCE},
    {0x49, 0x303, 0x128}, {0x49, 0x304, 0x12A}, {0x49, 0x306, 0x12C}, {0x49, 0x307, 0x130},
    {0x49, 0x308, 0xCF}, {0x49, 0x309, 0x1EC8}, {0x49, 0x30C, 0x1CF}, {0x49, 0x30F, 0x208},
    {0x49, 0x311, 0x20A}, {0x49, 0x323, 0x1ECA}, {0x49, 0x328, 0x12E}, {0x49, 0x330, 0x1E2C},
    {0x4A, 0x302, 0x134}, {0x4B, 0x301, 0x1E30}, {0x4B, 0x30C, 0x1E8}, {0x4B, 0x323, 0x1E32},
    {0x4B, 0x327, 0x136}, {0x4B, 0x331, 0x1E34}, {0x4C, 0x301, 0x139}, {0x4C, 0x30C, 0x13D},
    {0x4C, 0x323, 0x1E36}, {0x4C, 0x327, 0x13B}, {0x4C, 0x32D, 0x1E3C}, {0x4C, 0x331, 0x1E3A},
    {0x4D, 0x301, 0x1E3E}, {0x4D, 0x307, 0x1E40}, {0x4D, 0x323, 0x1E42}, {0x4E, 0x300, 0x1F8},
    {0x4E, 0x301, 0x143}, {0x4E, 0x303, 0xD1}, {0x4E, 0x307, 0x1E44}, {0x4E, 0x30C, 0x147},
    {0x4E, 0x323, 0x1E46}, {0x4E, 0x327, 0x145}, {0x4E, 0x32D, 0x1E4A}, {0x4E, 0x331, 0x1E48},
    {0x4F, 0x300, 0xD2}, {0x4F, 0x301, 0xD3}, {0x4F, 0x302, 0xD4}, {0x4F, 0x303, 0xD5},
    {0x4F, 0x304, 0x14C}, {0x4F, 0x306, 0x14E}, {0x4F, 0x307, 0x22E}, {0x4F, 0x308, 0xD6},
    {0x4F, 0x309, 0x1ECE}, {0x4F, 0x30B, 0x150}, {0x4F, 0x30C, 0x1D1}, {0x4F, 0x30F, 0x20C},
    {0x4F, 0x311, 0x20E}, {0x4F, 0x31B, 0x1A0}, {0x4F, 0x323, 0x1ECC}, {0x4F, 0x328, 0x1EA},
    {0x50, 0x301, 0x1E54}, {0x50, 0x307, 0x1E56}, {0x52, 0x301, 0x154}, {0x52, 0x307, 0x1E58},
    {0x52, 0x30C, 0x158}, {0x52, 0x30F, 0x210}, {0x52, 0x311, 0x212}, {0x52, 0x323, 0x1E5A},
    {0x52, 0x327, 0x156}, {0x52, 0x331, 0x1E5E}, {0x53, 0x301, 0x15A}, {0x53, 0x302, 0x15C},
    {0x53, 0x307, 0x1E60}, {0x53, 0x30C, 0x160}, {0x53, 0x323, 0x1E62}, {0x53, 0x326, 0x218},
    {0x53, 0x327, 0x15E}, {0x54, 0x307, 0x1E6A}, {0x54, 0x30C, 0x164}, {0x54, 0x323, 0x1E6C},
    {0x54, 0x326, 0x21A}, {0x54, 0x327, 0x162}, {0x54, 0x32D, 0x1E70}, {0x54, 0x331, 0x1E6E},
    {0x55, 0x300, 0xD9}, {0x55, 0x301, 0xDA}, {0x55, 0x302, 0xDB}, {0x55, 0x303, 0x168},
    {0x55, 0x304, 0x16A}, {0x55, 0x306, 0x16C}, {0x55, 0x308, 0xDC}, {0x55, 0x309, 0x1EE6},
    {0x55, 0x30A, 0x16E}, {0x55, 0x30B, 0x170}, {0x55, 0x30C, 0x1D3}, {0x55, 0x30F, 0x214},
    {0x55, 0x311, 0x216}, {0x55, 0x31B, 0x1AF}, {0x55, 0x323, 0x1EE4}, {0x55, 0x324, 0x1E72},
    {0x55, 0x328, 0x172}, {0x55, 0x32D, 0x1E76}, {0x55, 0x330, 0x1E74}, {0x56, 0x303, 0x1E7C},
    {0x56, 0x323, 0x1E7E}, {0x57, 0x300, 0x1E80}, {0x57, 0x301, 0x1E82}, {0x57, 0x302, 0x174},
    {0x57, 0x307, 0x1E86}, {0x57, 0x308, 0x1E84}, {0x57, 0x323, 0x1E88}, {0x58, 0x307, 0x1E8A},
    {0x58, 0x308, 0x1E8C}, {0x59, 0x300, 0x1EF2}, {0x59, 0x301, 0xDD}, {0x59, 0x302, 0x176},
    {0x59, 0x303, 0x1EF8}, {0x59, 0x304, 0x232}, {0x59, 0x307, 0x1E8E}, {0x59, 0x308, 0x178},
    {0x59, 0x309, 0x1EF6}, {0x59, 0x323, 0x1EF4}, {0x5A, 0x301, 0x179}, {0x5A, 0x302, 0x1E90},
    {0x5A, 0x307, 0x17B}, {0x5A, 0x30C, 0x17D}, {0x5A, 0x323, 0x1E92}, {0x5A, 0x331, 0x1E94},
    {0x61, 0x300, 0xE0}, {0x61, 0x301, 0xE1}, {0x61, 0x302, 0xE2}, {0x61, 0x303, 0xE3},
    {0x61, 0x304, 0x101}, {0x61, 0x306, 0x103}, {0x61, 0x307, 0x227}, {0x61, 0x308, 0xE4},
    {0x61, 0x309, 0x1EA3}, {0x61, 0x30A, 0xE5}, {0x61, 0x30C, 0x1CE}, {0x61, 0x30F, 0x201},
    {0x61, 0x311, 0x203}, {0x61, 0x323, 0x1EA1}, {0x61, 0x325, 0x1E01}, {0x61, 0x328, 0x105},
    {0x62, 0x307, 0x1E03}, {0x62, 0x323, 0x1E05}, {0x62, 0x331, 0x1E07}, {0x63, 0x301, 0x107},
    {0x63, 0x302, 0x109}, {0x63, 0x307, 0x10B}, {0x63, 0x30C, 0x10D}, {0x63, 0x327, 0xE7},
    {0x64, 0x307, 0x1E0B}, {0x64, 0x30C, 0x10F}, {0x64, 0x323, 0x1E0D}, {0x64, 0x327, 0x1E11},
    {0x64, 0x32D, 0x1E13}, {0x64, 0x331, 0x1E0F}, {0x65, 0x300, 0xE8}, {0x65, 0x301, 0xE9},
    {0x65, 0x302, 0xEA}, {0x65, 0x303, 0x1EBD}, {0x65, 0x304, 0x113}, {0x65, 0x306, 0x115},
    {0x65, 0x307, 0x117}, {0x65, 0x308, 0xEB}, {0x65, 0x309, 0x1EBB}, {0x65, 0x30C, 0x11B},
    {0x65, 0x30F, 0x205}, {0x65, 0x311, 0x207}, {0x65, 0x323, 0x1EB9}, {0x65, 0x327, 0x229},
    {0x65, 0x328, 0x119}, {0x65, 0x32D, 0x1E19}, {0x65, 0x330, 0x1E1B}, {0x66, 0x307, 0x1E1F},
    {0x67, 0x301, 0x1F5}, {0x67, 0x302, 0x11D}, {0x67, 0x304, 0x1E21}, {0x67, 0x306, 0x11F},
    {0x67, 0x307, 0x121}, {0x67, 0x30C, 0x1E7}, {0x67, 0x327, 0x123}, {0x68, 0x302, 0x125},
    {0x68, 0x307, 0x1E23}, {0x68, 0x308, 0x1E27}, {0x68, 0x30C, 0x21F}, {0x68, 0x323, 0x1E25},
    {0x68, 0x327, 0x1E29}, {0x68, 0x32E, 0x1E2B}, {0x68, 0x331, 0x1E96}, {0x69, 0x300, 0xEC},
    {0x69, 0x301, 0xED}, {0x69, 0x302, 0xEE}, {0x69, 0x303, 0x129}, {0x69, 0x304, 0x12B},
    {0x69, 0x306, 0x12D}, {0x69, 0x308, 0xEF}, {0x69, 0x309, 0x1EC9}, {0x69, 0x30C, 0x1D0},
    {0x69, 0x30F, 0x209}, {0x69, 0x311, 0x20B}, {0x69, 0x323, 0x1ECB}, {0x69, 0x328, 0x12F},
    {0x69, 0x330, 0x1E2D}, {0x6A, 0x302, 0x135}, {0x6A, 0x30C, 0x1F0}, {0x6B, 0x301, 0x1E31},
    {0x6B, 0x30C, 0x1E9}, {0x6B, 0x323, 0x1E33}, {0x6B, 0x327, 0x137}, {0x6B, 0x331, 0x1E35},
    {0x6C, 0x301, 0x13A}, {0x6C, 0x30C, 0x13E}, {0x6C, 0x323, 0x1E37}, {0x6C, 0x327, 0x13C},
    {0x6C, 0x32D, 0x1E3D}, {0x6C, 0x331, 0x1E3B}, {0x6D, 0x301, 0x1E3F}, {0x6D, 0x307, 0x1E41},
    {0x6D, 0x323, 0x1E43}, {0x6E, 0x300, 0x1F9}, {0x6E, 0x301, 0x144}, {0x6E, 0x303, 0xF1},
    {0x6E, 0x307, 0x1E45}, {0x6E, 0x30C, 0x148}, {0x6E, 0x323, 0x1E47}, {0x6E, 0x327, 0x146},
    {0x6E, 0x32D, 0x1E4B}, {0x6E, 0x331, 0x1E49}, {0x6F, 0x300, 0xF2}, {0x6F, 0x301, 0xF3},
    {0x6F, 0x302, 0xF4}, {0x6F, 0x303, 0xF5}, {0x6F, 0x304, 0x14D}, {0x6F, 0x306, 0x14F},
    {0x6F, 0x307, 0x22F}, {0x6F, 0x308, 0xF6}, {0x6F, 0x309, 0x1ECF}, {0x6F, 0x30B, 0x151},
    {0x6F, 0x30C, 0x1D2}, {0x6F, 0x30F, 0x20D}, {0x6F, 0x311, 0x20F}, {0x6F, 0x31B, 0x1A1},
    {0x6F, 0x323, 0x1ECD}, {0x6F, 0x328, 0x1EB}, {0x70, 0x301, 0x1E55}, {0x70, 0x307, 0x1E57},
    {0x72, 0x301, 0x155}, {0x72, 0x307, 0x1E59}, {0x72, 0x30C, 0x159}, {0x72, 0x30F, 0x211},
    {0x72, 0x311, 0x213}, {0x72, 0x323, 0x1E5B}, {0x72, 0x327, 0x157}, {0x72, 0x331, 0x1E5F},
    {0x73, 0x301, 0x15B}, {0x73, 0x302, 0x15D}, {0x73, 0x307, 0x1E61}, {0x73, 0x30C, 0x161},
    {0x73, 0x323, 0x1E63}, {0x73, 0x326, 0x219}, {0x73, 0x327, 0x15F}, {0x74, 0x307, 0x1E6B},
    {0x74, 0x308, 0x1E97}, {0x74, 0x30C, 0x165}, {0x74, 0x323, 0x1E6D}, {0x74, 0x326, 0x21B},
    {0x74, 0x327, 0x163}, {0x74, 0x32D, 0x1E71}, {0x74, 0x331, 0x1E6F}, {0x75, 0x300, 0xF9},
    {0x75, 0x301, 0xFA}, {0x75, 0x302, 0xFB}, {0x75, 0x303, 0x169}, {0x75, 0x304, 0x16B},
    {0x75, 0x306, 0x16D}, {0x75, 0x308, 0xFC}, {0x75, 0x309, 0x1EE7}, {0x75, 0x30A, 0x16F},
    {0x75, 0x30B, 0x171}, {0x75, 0x30C, 0x1D4}, {0x75, 0x30F, 0x215}, {0x75, 0x311, 0x217},
    {0x75, 0x31B, 0x1B0}, {0x75, 0x323, 0x1EE5}, {0x75, 0x324, 0x1E73}, {0x75, 0x328, 0x173},
    {0x75, 0x32D, 0x1E77}, {0x75, 0x330, 0x1E75}, {0x76, 0x303, 0x1E7D}, {0x76, 0x323, 0x1E7F},
    {0x77, 0x300, 0x1E81}, {0x77, 0x301, 0x1E83}, {0x77, 0x302, 0x175}, {0x77, 0x307, 0x1E87},
    {0x77, 0x308, 0x1E85}, {0x77, 0x30A, 0x1E98}, {0x77, 0x323, 0x1E89}, {0x78, 0x307, 0x1E8B},
    {0x78, 0x308, 0x1E8D}, {0x79, 0x300, 0x1EF3}, {0x79, 0x301, 0xFD}, {0x79, 0x302, 0x177},
    {0x79, 0x303, 0x1EF9}, {0x79, 0x304, 0x233}, {0x79, 0x307, 0x1E8F}, {0x79, 0x308, 0xFF},
    {0x79, 0x309, 0x1EF7}, {0x79, 0x30A, 0x1E99}, {0x79, 0x323, 0x1EF5}, {0x7A, 0x301, 0x17A},
    {0x7A, 0x302, 0x1E91}, {0x7A, 0x307, 0x17C}, {0x7A, 0x30C, 0x17E}, {0x7A, 0x323, 0x1E93},
    {0x7A, 0x331, 0x1E95}, {0xA8, 0x300, 0x1FED}, {0xA8, 0x301, 0x385}, {0xA8, 0x342, 0x1FC1},
    {0xC2, 0x300, 0x1EA6}, {0xC2, 0x301, 0x1EA4}, {0xC2, 0x303, 0x1EAA}, {0xC2, 0x309, 0x1EA8},
    {0xC4, 0x304, 0x1DE}, {0xC5, 0x301, 0x1FA}, {0xC6, 0x301, 0x1FC}, {0xC6, 0x304, 0x1E2},
    {0xC7, 0x301, 0x1E08}, {0xCA, 0x300, 0x1EC0}, {0xCA, 0x301, 0x1EBE}, {0xCA, 0x303, 0x1EC4},
    {0xCA, 0x309, 0x1EC2}, {0xCF, 0x301, 0x1E2E}, {0xD4, 0x300, 0x1ED2}, {0xD4, 0x301, 0x1ED0},
    {0xD4, 0x303, 0x1ED6}, {0xD4, 0x309, 0x1ED4}, {0xD5, 0x301, 0x1E4C}, {0xD5, 0x304, 0x22C},
    {0xD5, 0x308, 0x1E4E}, {0xD6, 0x304, 0x22A}, {0xD8, 0x301, 0x1FE}, {0xDC, 0x300, 0x1DB},
    {0xDC, 0x301, 0x1D7}, {0xDC, 0x304, 0x1D5}, {0xDC, 0x30C, 0x1D9}, {0xE2, 0x300, 0x1EA7},
    {0xE2, 0x301, 0x1EA5}, {0xE2, 0x303, 0x1EAB}, {0xE2, 0x309, 0x1EA9}, {0xE4, 0x304, 0x1DF},
    {0xE5, 0x301, 0x1FB}, {0xE6, 0x301, 0x1FD}, {0xE6, 0x304, 0x1E3}, {0xE7, 0x301, 0x1E09},
    {0xEA, 0x300, 0x1EC1}, {0xEA, 0x301, 0x1EBF}, {0xEA, 0x303, 0x1EC5}, {0xEA, 0x309, 0x1EC3},
    {0xEF, 0x301, 0x1E2F}, {0xF4, 0x300, 0x1ED3}, {0xF4, 0x301, 0x1ED1}, {0xF4, 0x303, 0x1ED7},
    {0xF4, 0x309, 0x1ED5}, {0xF5, 0x301, 0x1E4D}, {0xF5, 0x304, 0x22D}, {0xF5, 0x308, 0x1E4F},
    {0xF6, 0x304, 0x22B}, {0xF8, 0x301, 0x1FF}, {0xFC, 0x300, 0x1DC}, {0xFC, 0x301, 0x1D8},
    {0xFC, 0x304, 0x1D6}, {0xFC, 0x30C, 0x1DA}, {0x102, 0x300, 0x1EB0}, {0x102, 0x301, 0x1EAE},
    {0x102, 0x303, 0x1EB4}, {0x102, 0x309, 0x1EB2}, {0x103, 0x300, 0x1EB1}, {0x103, 0x301, 0x1EAF},
    {0x103, 0x303, 0x1EB5}, {0x103, 0x309, 0x1EB3}, {0x112, 0x300, 0x1E14}, {0x112, 0x301, 0x1E16},
    {0x113, 0x300, 0x1E15}, {0x113, 0x301, 0x1E17}, {0x14C, 0x300, 0x1E50}, {0x14C, 0x301, 0x1E52},
    {0x14D, 0x300, 0x1E51}, {0x14D, 0x301, 0x1E53}, {0x15A, 0x307, 0x1E64}, {0x15B, 0x307, 0x1E65},
    {0x160, 0x307, 0x1E66}, {0x161, 0x307, 0x1E67}, {0x168, 0x301, 0x1E78}, {0x169, 0x301, 0x1E79},
    {0x16A, 0x308, 0x1E7A}, {0x16B, 0x308, 0x1E7B}, {0x17F, 0x307, 0x1E9B}, {0x1A0, 0x300, 0x1EDC},
    {0x1A0, 0x301, 0x1EDA}, {0x1A0, 0x303, 0x1EE0}, {0x1A0, 0x309, 0x1EDE}, {0x1A0, 0x323, 0x1EE2},
    {0x1A1, 0x300, 0x1EDD}, {0x1A1, 0x301, 0x1EDB}, {0x1A1, 0x303, 0x1EE1}, {0x1A1, 0x309, 0x1EDF},
    {0x1A1, 0x323, 0x1EE3}, {0x1AF, 0x300, 0x1EEA}, {0x1AF, 0x301, 0x1EE8}, {0x1AF, 0x303, 0x1EEE},
    {0x1AF, 0x309, 0x1EEC}, {0x1AF, 0x323, 0x1EF0}, {0x1B0, 0x300, 0x1EEB}, {0x1B0, 0x301, 0x1EE9},
    {0x1B0, 0x303, 0x1EEF}, {0x1B0, 0x309, 0x1EED}, {0x1B0, 0x323, 0x1EF1}, {0x1B7, 0x30C, 0x1EE},
    {0x1EA, 0x304, 0x1EC}, {0x1EB, 0x304, 0x1ED}, {0x226, 0x304, 0x1E0}, {0x227, 0x304, 0x1E1},
    {0x228, 0x306, 0x1E1C}, {0x229, 0x306, 0x1E1D}, {0x22E, 0x304, 0x230}, {0x22F, 0x304, 0x231},
    {0x292, 0x30C, 0x1EF}, {0x391, 0x300, 0x1FBA}, {0x391, 0x301, 0x386}, {0x391, 0x304, 0x1FB9},
    {0x391, 0x306, 0x1FB8}, {0x391, 0x313, 0x1F08}, {0x391, 0x314, 0x1F09}, {0x391, 0x345, 0x1FBC},
    {0x395, 0x300, 0x1FC8}, {0x395, 0x301, 0x388}, {0x395, 0x313, 0x1F18}, {0x395, 0x314, 0x1F19},
    {0x397, 0x300, 0x1FCA}, {0x397, 0x301, 0x389}, {0x397, 0x313, 0x1F28}, {0x397, 0x314, 0x1F29},
    {0x397, 0x345, 0x1FCC}, {0x399, 0x300, 0x1FDA}, {0x399, 0x301, 0x38A}, {0x399, 0x304, 0x1FD9},
    {0x399, 0x306, 0x1FD8}, {0x399, 0x308, 0x3AA}, {0x399, 0x313, 0x1F38}, {0x399, 0x314, 0x1F39},
    {0x39F, 0x300, 0x1FF8}, {0x39F, 0x301, 0x38C}, {0x39F, 0x313, 0x1F48}, {0x39F, 0x314, 0x1F49},
    {0x3A1, 0x314, 0x1FEC}, {0x3A5, 0x300, 0x1FEA}, {0x3A5, 0x301, 0x38E}, {0x3A5, 0x304, 0x1FE9},
    {0x3A5, 0x306, 0x1FE8}, {0x3A5, 0x308, 0x3AB}, {0x3A5, 0x314, 0x1F59}, {0x3A9, 0x300, 0x1FFA},
    {0x3A9, 0x301, 0x38F}, {0x3A9, 0x313, 0x1F68}, {0x3A9, 0x314, 0x1F69}, {0x3A9, 0x345, 0x1FFC},
    {0x3AC, 0x345, 0x1FB4}, {0x3AE, 0x345, 0x1FC4}, {0x3B1, 0x300, 0x1F70}, {0x3B1, 0x301, 0x3AC},
    {0x3B1, 0x304, 0x1FB1}, {0x3B1, 0x306, 0x1FB0}, {0x3B1, 0x313, 0x1F00}, {0x3B1, 0x314, 0x1F01},
    {0x3B1, 0x342, 0x1FB6}, {0x3B1, 0x345, 0x1FB3}, {0x3B5, 0x300, 0x1F72}, {0x3B5, 0x301, 0x3AD},
    {0x3B5, 0x313, 0x1F10}, {0x3B5, 0x314, 0x1F11}, {0x3B7, 0x300, 0x1F74}, {0x3B7, 0x301, 0x3AE},
    {0x3B7, 0x313, 0x1F20}, {0x3B7, 0x314, 0x1F21}, {0x3B7, 0x342, 0x1FC6}, {0x3B7, 0x345, 0x1FC3},
    {0x3B9, 0x300, 0x1F76}, {0x3B9, 0x301, 0x3AF}, {0x3B9, 0x304, 0x1FD1}, {0x3B9, 0x306, 0x1FD0},
    {0x3B9, 0x308, 0x3CA}, {0x3B9, 0x313, 0x1F30}, {0x3B9, 0x314, 0x1F31}, {0x3B9, 0x342, 0x1FD6},
    {0x3BF, 0x300, 0x1F78}, {0x3BF, 0x301, 0x3CC}, {0x3BF, 0x313, 0x1F40}, {0x3BF, 0x314, 0x1F41},
    {0x3C1, 0x313, 0x1FE4}, {0x3C1, 0x314, 0x1FE5}, {0x3C5, 0x300, 0x1F7A}, {0x3C5, 0x301, 0x3CD},
    {0x3C5, 0x304, 0x1FE1}, {0x3C5, 0x306, 0x1FE0}, {0x3C5, 0x308, 0x3CB}, {0x3C5, 0x313, 0x1F50},
    {0x3C5, 0x314, 0x1F51}, {0x3C5, 0x342, 0x1FE6}, {0x3C9, 0x300, 0x1F7C}, {0x3C9, 0x301, 0x3CE},
    {0x3C9, 0x313, 0x1F60}, {0x3C9, 0x314, 0x1F61}, {0x3C9, 0x342, 0x1FF6}, {0x3C9, 0x345, 0x1FF3},
    {0x3CA, 0x300, 0x1FD2}, {0x3CA, 0x301, 0x390}, {0x3CA, 0x342, 0x1FD7}, {0x3CB, 0x300, 0x1FE2},
    {0x3CB, 0x301, 0x3B0}, {0x3CB, 0x342, 0x1FE7}, {0x3CE, 0x345, 0x1FF4}, {0x3D2, 0x301, 0x3D3},
    {0x3D2, 0x308, 0x3D4}, {0x406, 0x308, 0x407}, {0x410, 0x306, 0x4D0}, {0x410, 0x308, 0x4D2},
    {0x413, 0x301, 0x403}, {0x415, 0x300, 0x400}, {0x415, 0x306, 0x4D6}, {0x415, 0x308, 0x401},
    {0x416, 0x306, 0x4C1}, {0x416, 0x308, 0x4DC}, {0x417, 0x308, 0x4DE}, {0x418, 0x300, 0x40D},
    {0x418, 0x304, 0x4E2}, {0x418, 0x306, 0x419}, {0x418, 0x308, 0x4E4}, {0x41A, 0x301, 0x40C},
    {0x41E, 0x308, 0x4E6}, {0x423, 0x304, 0x4EE}, {0x423, 0x306, 0x40E}, {0x423, 0x308, 0x4F0},
    {0x423, 0x30B, 0x4F2}, {0x427, 0x308, 0x4F4}, {0x42B, 0x308, 0x4F8}, {0x42D, 0x308, 0x4EC},
    {0x430, 0x306, 0x4D1}, {0x430, 0x308, 0x4D3}, {0x433, 0x301, 0x453}, {0x435, 0x300, 0x450},
    {0x435, 0x306, 0x4D7}, {0x435, 0x308, 0x451}, {0x436, 0x306, 0x4C2}, {0x436, 0x308, 0x4DD},
    {0x437, 0x308, 0x4DF}, {0x438, 0x300, 0x45D}, {0x438, 0x304, 0x4E3}, {0x438, 0x306, 0x439},
    {0x438, 0x308, 0x4E5}, {0x43A, 0x301, 0x45C}, {0x43E, 0x308, 0x4E7}, {0x443, 0x304, 0x4EF},
    {0x443, 0x306, 0x45E}, {0x443, 0x308, 0x4F1}, {0x443, 0x30B, 0x4F3}, {0x447, 0x308, 0x4F5},
    {0x44B, 0x308, 0x4F9}, {0x44D, 0x308, 0x4ED}, {0x456, 0x308, 0x457}, {0x474, 0x30F, 0x476},
    {0x475, 0x30F, 0x477}, {0x4D8, 0x308, 0x4DA}, {0x4D9, 0x308, 0x4DB}, {0x4E8, 0x308, 0x4EA},
    {0x4E9, 0x308, 0x4EB}, {0x627, 0x653, 0x622}, {0x627, 0x654, 0x623}, {0x627, 0x655, 0x625},
    {0x648, 0x654, 0x624}, {0x64A, 0x654, 0x626}, {0x6C1, 0x654, 0x6C2}, {0x6D2, 0x654, 0x6D3},
    {0x6D5, 0x654, 0x6C0}, {0x928, 0x93C, 0x929}, {0x930, 0x93C, 0x931}, {0x933, 0x93C, 0x934},
    {0x9C7, 0x9BE, 0x9CB}, {0x9C7, 0x9D7, 0x9CC}, {0xB47, 0xB3E, 0xB4B}, {0xB47, 0xB56, 0xB48},
    {0xB47, 0xB57, 0xB4C}, {0xB92, 0xBD7, 0xB94}, {0xBC6, 0xBBE, 0xBCA}, {0xBC6, 0xBD7, 0xBCC},
    {0xBC7, 0xBBE, 0xBCB}, {0xC46, 0xC56, 0xC48}, {0xCBF, 0xCD5, 0xCC0}, {0xCC6, 0xCC2, 0xCCA},
    {0xCC6, 0xCD5, 0xCC7}, {0xCC6, 0xCD6, 0xCC8}, {0xCCA, 0xCD5, 0xCCB}, {0xD46, 0xD3E, 0xD4A},
    {0xD46, 0xD57, 0xD4C}, {0xD47, 0xD3E, 0xD4B}, {0xDD9, 0xDCA, 0xDDA}, {0xDD9, 0xDCF, 0xDDC},
    {0xDD9, 0xDDF, 0xDDE}, {0xDDC, 0xDCA, 0xDDD}, {0x1025, 0x102E, 0x1026}, {0x1B05, 0x1B35, 0x1B06},
    {0x1B07, 0x1B35, 0x1B08}, {0x1B09, 0x1B35, 0x1B0A}, {0x1B0B, 0x1B35, 0x1B0C}, {0x1B0D, 0x1B35, 0x1B0E},
    {0x1B11, 0x1B35, 0x1B12}, {0x1B3A, 0x1B35, 0x1B3B}, {0x1B3C, 0x1B35, 0x1B3D}, {0x1B3E, 0x1B35, 0x1B40},
    {0x1B3F, 0x1B35, 0x1B41}, {0x1B42, 0x1B35, 0x1B43}, {0x1E36, 0x304, 0x1E38}, {0x1E37, 0x304, 0x1E39},
    {0x1E5A, 0x304, 0x1E5C}, {0x1E5B, 0x304, 0x1E5D}, {0x1E62, 0x307, 0x1E68}, {0x1E63, 0x307, 0x1E69},
    {0x1EA0, 0x302, 0x1EAC}, {0x1EA0, 0x306, 0x1EB6}, {0x1EA1, 0x302, 0x1EAD}, {0x1EA1, 0x306, 0x1EB7},
    {0x1EB8, 0x302, 0x1EC6}, {0x1EB9, 0x302, 0x1EC7}, {0x1ECC, 0x302, 0x1ED8}, {0x1ECD, 0x302, 0x1ED9},
    {0x1F00, 0x300, 0x1F02}, {0x1F00, 0x301, 0x1F04}, {0x1F00, 0x342, 0x1F06}, {0x1F00, 0x345, 0x1F80},
    {0x1F01, 0x300, 0x1F03}, {0x1F01, 0x301, 0x1F05}, {0x1F01, 0x342, 0x1F07}, {0x1F01, 0x345, 0x1F81},
    {0x1F02, 0x345, 0x1F82}, {0x1F03, 0x345, 0x1F83}, {0x1F04, 0x345, 0x1F84}, {0x1F05, 0x345, 0x1F85},
    {0x1F06, 0x345, 0x1F86}, {0x1F07, 0x345, 0x1F87}, {0x1F08, 0x300, 0x1F0A}, {0x1F08, 0x301, 0x1F0C},
    {0x1F08, 0x342, 0x1F0E}, {0x1F08, 0x345, 0x1F88}, {0x1F09, 0x300, 0x1F0B}, {0x1F09, 0x301, 0x1F0D},
    {0x1F09, 0x342, 0x1F0F}, {0x1F09, 0x345, 0x1F89}, {0x1F0A, 0x345, 0x1F8A}, {0x1F0B, 0x345, 0x1F8B},
    {0x1F0C, 0x345, 0x1F8C}, {0x1F0D, 0x345, 0x1F8D}, {0x1F0E, 0x345, 0x1F8E}, {0x1F0F, 0x345, 0x1F8F},
    {0x1F10, 0x300, 0x1F12}, {0x1F10, 0x301, 0x1F14}, {0x1F11, 0x300, 0x1F13}, {0x1F11, 0x301, 0x1F15},
    {0x1F18, 0x300, 0x1F1A}, {0x1F18, 0x301, 0x1F1C}, {0x1F19, 0x300, 0x1F1B}, {0x1F19, 0x301, 0x1F1D},
    {0x1F20, 0x300, 0x1F22}, {0x1F20, 0x301, 0x1F24}, {0x1F20, 0x342, 0x1F26}, {0x1F20, 0x345, 0x1F90},
    {0x1F21, 0x300, 0x1F23}, {0x1F21, 0x301, 0x1F25}, {0x1F21, 0x342, 0x1F27}, {0x1F21, 0x345, 0x1F91},
    {0x1F22, 0x345, 0x1F92}, {0x1F23, 0x345, 0x1F93}, {0x1F24, 0x345, 0x1F94}, {0x1F25, 0x345, 0x1F95},
    {0x1F26, 0x345, 0x1F96}, {0x1F27, 0x345, 0x1F97}, {0x1F28, 0x300, 0x1F2A}, {0x1F28, 0x301, 0x1F2C},
    {0x1F28, 0x342, 0x1F2E}, {0x1F28, 0x345, 0x1F98}, {0x1F29, 0x300, 0x1F2B}, {0x1F29, 0x301, 0x1F2D},
    {0x1F29, 0x342, 0x1F2F}, {0x1F29, 0x345, 0x1F99}, {0x1F2A, 0x345, 0x1F9A}, {0x1F2B, 0x345, 0x1F9B},
    {0x1F2C, 0x345, 0x1F9C}, {0x1F2D, 0x345, 0x1F9D}, {0x1F2E, 0x345, 0x1F9E}, {0x1F2F, 0x345, 0x1F9F},
    {0x1F30, 0x300, 0x1F32}, {0x1F30, 0x301, 0x1F34}, {0x1F30, 0x342, 0x1F36}, {0x1F31, 0x300, 0x1F33},
    {0x1F31, 0x301, 0x1F35}, {0x1F31, 0x342, 0x1F37}, {0x1F38, 0x300, 0x1F3A}, {0x1F38, 0x301, 0x1F3C},
    {0x1F38, 0x342, 0x1F3E}, {0x1F39, 0x300, 0x1F3B}, {0x1F39, 0x301, 0x1F3D}, {0x1F39, 0x342, 0x1F3F},
    {0x1F40, 0x300, 0x1F42}, {0x1F40, 0x301, 0x1F44}, {0x1F41, 0x300, 0x1F43}, {0x1F41, 0x301, 0x1F45},
    {0x1F48, 0x300, 0x1F4A}, {0x1F48, 0x301, 0x1F4C}, {0x1F49, 0x300, 0x1F4B}, {0x1F49, 0x301, 0x1F4D},
    {0x1F50, 0x300, 0x1F52}, {0x1F50, 0x301, 0x1F54}, {0x1F50, 0x342, 0x1F56}, {0x1F51, 0x300, 0x1F53},
    {0x1F51, 0x301, 0x1F55}, {0x1F51, 0x342, 0x1F57}, {0x1F59, 0x300, 0x1F5B}, {0x1F59, 0x301, 0x1F5D},
    {0x1F59, 0x342, 0x1F5F}, {0x1F60, 0x300, 0x1F62}, {0x1F60, 0x301, 0x1F64}, {0x1F60, 0x342, 0x1F66},
    {0x1F60, 0x345, 0x1FA0}, {0x1F61, 0x300, 0x1F63}, {0x1F61, 0x301, 0x1F65}, {0x1F61, 0x342, 0x1F67},
    {0x1F61, 0x345, 0x1FA1}, {0x1F62, 0x345, 0x1FA2}, {0x1F63, 0x345, 0x1FA3}, {0x1F64, 0x345, 0x1FA4},
    {0x1F65, 0x345, 0x1FA5}, {0x1F66, 0x345, 0x1FA6}, {0x1F67, 0x345, 0x1FA7}, {0x1F68, 0x300, 0x1F6A},
    {0x1F68, 0x301, 0x1F6C}, {0x1F68, 0x342, 0x1F6E}, {0x1F68, 0x345, 0x1FA8}, {0x1F69, 0x300, 0x1F6B},
    {0x1F69, 0x301, 0x1F6D}, {0x1F69, 0x342, 0x1F6F}, {0x1F69, 0x345, 0x1FA9}, {0x1F6A, 0x345, 0x1FAA},
    {0x1F6B, 0x345, 0x1FAB}, {0x1F6C, 0x345, 0x1FAC}, {0x1F6D, 0x345, 0x1FAD}, {0x1F6E, 0x345, 0x1FAE},
    {0x1F6F, 0x345, 0x1FAF}, {0x1F70, 0x345, 0x1FB2}, {0x1F74, 0x345, 0x1FC2}, {0x1F7C, 0x345, 0x1FF2},
    {0x1FB6, 0x345, 0x1FB7}, {0x1FBF, 0x300, 0x1FCD}, {0x1FBF, 0x301, 0x1FCE}, {0x1FBF, 0x342, 0x1FCF},
    {0x1FC6, 0x345, 0x1FC7}, {0x1FF6, 0x345, 0x1FF7}, {0x1FFE, 0x300, 0x1FDD}, {0x1FFE, 0x301, 0x1FDE},
    {0x1FFE, 0x342, 0x1FDF}, {0x2190, 0x338, 0x219A}, {0x2192, 0x338, 0x219B}, {0x2194, 0x338, 0x21AE},
    {0x21D0, 0x338, 0x21CD}, {0x21D2, 0x338, 0x21CF}, {0x21D4, 0x338, 0x21CE}, {0x2203, 0x338, 0x2204},
    {0x2208, 0x338, 0x2209}, {0x220B, 0x338, 0x220C}, {0x2223, 0x338, 0x2224}, {0x2225, 0x338, 0x2226},
    {0x223C, 0x338, 0x2241}, {0x2243, 0x338, 0x2244}, {0x2245, 0x338, 0x2247}, {0x2248, 0x338, 0x2249},
    {0x224D, 0x338, 0x226D}, {0x2261, 0x338, 0x2262}, {0x2264, 0x338, 0x2270}, {0x2265, 0x338, 0x2271},
    {0x2272, 0x338, 0x2274}, {0x2273, 0x338, 0x2275}, {0x2276, 0x338, 0x2278}, {0x2277, 0x338, 0x2279},
    {0x227A, 0x338, 0x2280}, {0x227B, 0x338, 0x2281}, {0x227C, 0x338, 0x22E0}, {0x227D, 0x338, 0x22E1},
    {0x2282, 0x338, 0x2284}, {0x2283, 0x338, 0x2285}, {0x2286, 0x338, 0x2288}, {0x2287, 0x338, 0x2289},
    {0x2291, 0x338, 0x22E2}, {0x2292, 0x338, 0x22E3}, {0x22A2, 0x338, 0x22AC}, {0x22A8, 0x338, 0x22AD},
    {0x22A9, 0x338, 0x22AE}, {0x22AB, 0x338, 0x22AF}, {0x22B2, 0x338, 0x22EA}, {0x22B3, 0x338, 0x22EB},
    {0x22B4, 0x338, 0x22EC}, {0x22B5, 0x338, 0x22ED}, {0x3046, 0x3099, 0x3094}, {0x304B, 0x3099, 0x304C},
    {0x304D, 0x3099, 0x304E}, {0x304F, 0x3099, 0x3050}, {0x3051, 0x3099, 0x3052}, {0x3053, 0x3099, 0x3054},
    {0x3055, 0x3099, 0x3056}, {0x3057, 0x3099, 0x3058}, {0x3059, 0x3099, 0x305A}, {0x305B, 0x3099, 0x305C},
    {0x305D, 0x3099, 0x305E}, {0x305F, 0x3099, 0x3060}, {0x3061, 0x3099, 0x3062}, {0x3064, 0x3099, 0x3065},
    {0x3066, 0x3099, 0x3067}, {0x3068, 0x3099, 0x3069}, {0x306F, 0x3099, 0x3070}, {0x306F, 0x309A, 0x3071},
    {0x3072, 0x3099, 0x3073}, {0x3072, 0x309A, 0x3074}, {0x3075, 0x3099, 0x3076}, {0x3075, 0x309A, 0x3077},
    {0x3078, 0x3099, 0x3079}, {0x3078, 0x309A, 0x307A}, {0x307B, 0x3099, 0x307C}, {0x307B, 0x309A, 0x307D},
    {0x309D, 0x3099, 0x309E}, {0x30A6, 0x3099, 0x30F4}, {0x30AB, 0x3099, 0x30AC}, {0x30AD, 0x3099, 0x30AE},
    {0x30AF, 0x3099, 0x30B0}, {0x30B1, 0x3099, 0x30B2}, {0x30B3, 0x3099, 0x30B4}, {0x30B5, 0x3099, 0x30B6},
    {0x30B7, 0x3099, 0x30B8}, {0x30B9, 0x3099, 0x30BA}, {0x30BB, 0x3099, 0x30BC}, {0x30BD, 0x3099, 0x30BE},
    {0x30BF, 0x3099, 0x30C0}, {0x30C1, 0x3099, 0x30C2}, {0x30C4, 0x3099, 0x30C5}, {0x30C6, 0x3099, 0x30C7},
    {0x30C8, 0x3099, 0x30C9}, {0x30CF, 0x3099, 0x30D0}, {0x30CF, 0x309A, 0x30D1}, {0x30D2, 0x3099, 0x30D3},
    {0x30D2, 0x309A, 0x30D4}, {0x30D5, 0x3099, 0x30D6}, {0x30D5, 0x309A, 0x30D7}, {0x30D8, 0x3099, 0x30D9},
    {0x30D8, 0x309A, 0x30DA}, {0x30DB, 0x3099, 0x30DC}, {0x30DB, 0x309A, 0x30DD}, {0x30EF, 0x3099, 0x30F7},
    {0x30F0, 0x3099, 0x30F8}, {0x30F1, 0x3099, 0x30F9}, {0x30F2, 0x3099, 0x30FA}, {0x30FD, 0x3099, 0x30FE},
    {0x105D2, 0x307, 0x105C9}, {0x105DA, 0x307, 0x105E4}, {0x11099, 0x110BA, 0x1109A}, {0x1109B, 0x110BA, 0x1109C},
    {0x110A5, 0x110BA, 0x110AB}, {0x11131, 0x11127, 0x1112E}, {0x11132, 0x11127, 0x1112F}, {0x11347, 0x1133E, 0x1134B},
    {0x11347, 0x11357, 0x1134C}, {0x11382, 0x113C9, 0x11383}, {0x11384, 0x113BB, 0x11385}, {0x1138B, 0x113C2, 0x1138E},
    {0x11390, 0x113C9, 0x11391}, {0x113C2, 0x113B8, 0x113C7}, {0x113C2, 0x113C2, 0x113C5}, {0x113C2, 0x113C9, 0x113C8},
    {0x114B9, 0x114B0, 0x114BC}, {0x114B9, 0x114BA, 0x114BB}, {0x114B9, 0x114BD, 0x114BE}, {0x115B8, 0x115AF, 0x115BA},
    {0x115B9, 0x115AF, 0x115BB}, {0x11935, 0x11930, 0x11938}, {0x1611E, 0x1611E, 0x16121}, {0x1611E, 0x1611F, 0x16123},
    {0x1611E, 0x16120, 0x16125}, {0x1611E, 0x16129, 0x16122}, {0x16121, 0x1611F, 0x16126}, {0x16121, 0x16120, 0x16128},
    {0x16122, 0x1611F, 0x16127}, {0x16129, 0x1611F, 0x16124}, {0x16D63, 0x16D67, 0x16D69}, {0x16D67, 0x16D67, 0x16D68},
    {0x16D69, 0x16D67, 0x16D6A},
};

#define KAMA__UNI_SBASE 0xAC00u
#define KAMA__UNI_LBASE 0x1100u
#define KAMA__UNI_VBASE 0x1161u
#define KAMA__UNI_TBASE 0x11A7u
#define KAMA__UNI_LCOUNT 19u
#define KAMA__UNI_VCOUNT 21u
#define KAMA__UNI_TCOUNT 28u
#define KAMA__UNI_NCOUNT (KAMA__UNI_VCOUNT * KAMA__UNI_TCOUNT)
#define KAMA__UNI_SCOUNT (KAMA__UNI_LCOUNT * KAMA__UNI_NCOUNT)

static inline uint32_t kama__uni_class(uint32_t cp) {
    size_t lo = 0, hi = sizeof kama__uni_ccc / sizeof kama__uni_ccc[0];
    while (lo < hi) {
        const size_t mid = (lo + hi) / 2;
        if (cp < kama__uni_ccc[mid][0]) hi = mid;
        else if (cp > kama__uni_ccc[mid][1]) lo = mid + 1;
        else return kama__uni_ccc[mid][2];
    }
    return 0;
}

/* The full decomposition of cp in the form asked for, or NULL (and *n 0) when it has none. */
static inline const uint32_t* kama__uni_decomposition(uint32_t cp, int compat, size_t* n) {
    size_t lo = 0, hi = sizeof kama__uni_dcp / sizeof kama__uni_dcp[0];
    while (lo < hi) {
        const size_t mid = (lo + hi) / 2;
        if (cp < kama__uni_dcp[mid]) hi = mid;
        else if (cp > kama__uni_dcp[mid]) lo = mid + 1;
        else {
            const uint32_t off = compat ? kama__uni_dko[mid] : kama__uni_dco[mid];
            const uint32_t len = compat ? kama__uni_dkl[mid] : kama__uni_dcl[mid];
            if (len == 1 && kama__uni_pool[off] == cp) break;   /* only the other form decomposes it */
            *n = len;
            return kama__uni_pool + off;
        }
    }
    *n = 0;
    return NULL;
}

/* The primary composite of a + b, or 0 when there is none. */
static inline uint32_t kama__uni_compose(uint32_t a, uint32_t b) {
    if (a >= KAMA__UNI_LBASE && a < KAMA__UNI_LBASE + KAMA__UNI_LCOUNT
        && b >= KAMA__UNI_VBASE && b < KAMA__UNI_VBASE + KAMA__UNI_VCOUNT)
        return KAMA__UNI_SBASE + ((a - KAMA__UNI_LBASE) * KAMA__UNI_VCOUNT + (b - KAMA__UNI_VBASE)) * KAMA__UNI_TCOUNT;
    if (a >= KAMA__UNI_SBASE && a < KAMA__UNI_SBASE + KAMA__UNI_SCOUNT && (a - KAMA__UNI_SBASE) % KAMA__UNI_TCOUNT == 0
        && b > KAMA__UNI_TBASE && b < KAMA__UNI_TBASE + KAMA__UNI_TCOUNT)
        return a + (b - KAMA__UNI_TBASE);
    size_t lo = 0, hi = sizeof kama__uni_comp / sizeof kama__uni_comp[0];
    while (lo < hi) {
        const size_t mid = (lo + hi) / 2;
        const uint32_t* p = kama__uni_comp[mid];
        if (a < p[0] || (a == p[0] && b < p[1])) hi = mid;
        else if (a > p[0] || b > p[1]) lo = mid + 1;
        else return p[2];
    }
    return 0;
}

/* A growable buffer of code points, through the allocation funnel. */
typedef struct { uint32_t* v; size_t n, cap; int bad; } kama__uni_buf;
static inline void kama__uni_push(kama__uni_buf* b, uint32_t cp) {
    if (b->bad) return;
    if (b->n == b->cap) {
        const size_t cap = b->cap ? b->cap * 2 : 64;
        uint32_t* v = (uint32_t*)kama_alloc(cap * sizeof(uint32_t), _Alignof(uint32_t));
        if (!v) { b->bad = 1; return; }
        if (b->n) memcpy(v, b->v, b->n * sizeof(uint32_t));
        if (b->v) kama_free(b->v, b->cap * sizeof(uint32_t), _Alignof(uint32_t));
        b->v = v; b->cap = cap;
    }
    b->v[b->n++] = cp;
}

/* One code point from valid UTF-8 (a kama string is valid UTF-8 by construction). */
static inline uint32_t kama__uni_next(const uint8_t* s, size_t n, size_t* i) {
    const uint8_t c = s[*i];
    if (c < 0x80) { *i += 1; return c; }
    if (c < 0xE0 && *i + 1 < n) { const uint32_t r = ((uint32_t)(c & 0x1F) << 6) | (s[*i + 1] & 0x3F); *i += 2; return r; }
    if (c < 0xF0 && *i + 2 < n) {
        const uint32_t r = ((uint32_t)(c & 0x0F) << 12) | ((uint32_t)(s[*i + 1] & 0x3F) << 6) | (s[*i + 2] & 0x3F);
        *i += 3; return r;
    }
    if (*i + 3 < n) {
        const uint32_t r = ((uint32_t)(c & 0x07) << 18) | ((uint32_t)(s[*i + 1] & 0x3F) << 12)
                         | ((uint32_t)(s[*i + 2] & 0x3F) << 6) | (s[*i + 3] & 0x3F);
        *i += 4; return r;
    }
    *i = n; return 0xFFFD;
}
static inline size_t kama__uni_utf8(uint32_t cp, uint8_t* o) {
    if (cp < 0x80) { o[0] = (uint8_t)cp; return 1; }
    if (cp < 0x800) { o[0] = (uint8_t)(0xC0 | (cp >> 6)); o[1] = (uint8_t)(0x80 | (cp & 0x3F)); return 2; }
    if (cp < 0x10000) { o[0] = (uint8_t)(0xE0 | (cp >> 12)); o[1] = (uint8_t)(0x80 | ((cp >> 6) & 0x3F)); o[2] = (uint8_t)(0x80 | (cp & 0x3F)); return 3; }
    o[0] = (uint8_t)(0xF0 | (cp >> 18)); o[1] = (uint8_t)(0x80 | ((cp >> 12) & 0x3F));
    o[2] = (uint8_t)(0x80 | ((cp >> 6) & 0x3F)); o[3] = (uint8_t)(0x80 | (cp & 0x3F)); return 4;
}

/* Normalize src[0..n) — form 0 NFC, 1 NFD, 2 NFKC, 3 NFKD — into out[0..cap). Returns the normalized length; when
 * that is more than cap nothing usable was written and the caller asks again with room. */
static inline ptrdiff_t kama_unicode_normalize(const uint8_t* src, size_t n, int32_t form, uint8_t* out, size_t cap) {
    const int compat = form >= 2, compose = form == 0 || form == 2;
    size_t i = 0;
    for (; i < n && src[i] < 0x80; ++i) {}
    if (i == n) {                                         /* ASCII is every form's fixed point */
        if (n <= cap && n) memcpy(out, src, n);
        return (ptrdiff_t)n;
    }
    kama__uni_buf b = { NULL, 0, 0, 0 };
    for (i = 0; i < n; ) {                                /* 1. decompose, fully */
        const uint32_t cp = kama__uni_next(src, n, &i);
        if (cp >= KAMA__UNI_SBASE && cp < KAMA__UNI_SBASE + KAMA__UNI_SCOUNT) {
            const uint32_t s = cp - KAMA__UNI_SBASE;
            kama__uni_push(&b, KAMA__UNI_LBASE + s / KAMA__UNI_NCOUNT);
            kama__uni_push(&b, KAMA__UNI_VBASE + (s % KAMA__UNI_NCOUNT) / KAMA__UNI_TCOUNT);
            if (s % KAMA__UNI_TCOUNT) kama__uni_push(&b, KAMA__UNI_TBASE + s % KAMA__UNI_TCOUNT);
            continue;
        }
        size_t dn = 0;
        const uint32_t* d = kama__uni_decomposition(cp, compat, &dn);
        if (!d) kama__uni_push(&b, cp);
        else for (size_t k = 0; k < dn; ++k) kama__uni_push(&b, d[k]);
    }
    if (b.bad) kama_panic(kama_string_lit("out of memory", 13));   /* as every kama allocation does */
    for (size_t k = 1; k < b.n; ++k) {                    /* 2. canonical order: a stable sort of each non-starter run */
        const uint32_t c = kama__uni_class(b.v[k]);
        if (!c) continue;
        size_t j = k;
        while (j > 0) {
            const uint32_t p = kama__uni_class(b.v[j - 1]);
            if (!p || p <= c) break;
            const uint32_t t = b.v[j]; b.v[j] = b.v[j - 1]; b.v[j - 1] = t;
            --j;
        }
    }
    size_t m = b.n;
    if (compose && m) {                                   /* 3. canonical composition */
        size_t starter = 0, w = 1;
        int haveStarter = kama__uni_class(b.v[0]) == 0;
        uint32_t lastClass = haveStarter ? 0 : 256;
        for (size_t k = 1; k < b.n; ++k) {
            const uint32_t cp = b.v[k], c = kama__uni_class(cp);
            const uint32_t comp = haveStarter && (lastClass < c || (lastClass == 0 && w == starter + 1))
                                ? kama__uni_compose(b.v[starter], cp) : 0;
            if (comp) { b.v[starter] = comp; continue; }
            if (c == 0) { starter = w; haveStarter = 1; lastClass = 0; }
            else lastClass = c;
            b.v[w++] = cp;
        }
        m = w;
    }
    size_t len = 0;
    uint8_t tmp[4];
    for (size_t k = 0; k < m; ++k) {                      /* 4. back to UTF-8 */
        const size_t e = kama__uni_utf8(b.v[k], tmp);
        if (len + e <= cap) memcpy(out + len, tmp, e);
        len += e;
    }
    if (b.v) kama_free(b.v, b.cap * sizeof(uint32_t), _Alignof(uint32_t));
    return (ptrdiff_t)len;
}

#endif /* KAMA_UNICODE_H */
